,1 day,4 hour,1 hour
mmm,43.29000000000008,18.531700000000015,-9.451300000000032
abt,2.3549999999999756,15.435399999999944,-10.793200000000041
abbv,16.245000000000203,11.76049999999995,-2.3811999999998363
acn,115.98999999999947,57.41682699999993,35.446826999999644
atvi,-2.31880000000001,-6.215899999999991,4.745799999999974
adbe,49.69060000000013,-8.554400000000385,-28.315500000000327
amd,54.03800000000003,-10.820000000000121,-9.755400000000023
aes,-2.0899999999999856,2.497445000000017,2.688899999999986
afl,10.76999999999996,3.6909000000000702,-4.029499999999999
a,-6.5999999999999375,18.85071500000005,-4.302315000000078
akam,4.230099999999965,-28.665800000000004,-14.755999999999986
alk,-1.0699999999999719,3.4235000000000113,6.2476999999999805
alb,-28.975100000000566,44.61465800000008,62.05865800000038
are,-23.65000000000005,3.7499999999998863,-4.045999999999964
algn,105.74999999999994,20.736818000000596,-5.589118000000269
alle,-13.684999999999846,-8.753999999999792,-9.219399999999908
lnt,3.435000000000052,-11.350541999999983,-2.077342000000023
all,20.60000000000008,-13.302400000000048,1.9679999999999893
googl,58.75169999999993,23.4670000000001,-15.095100000000002
goog,60.682699999999954,-4.1887999999999295,15.259699999999924
mo,-5.190000000000005,-7.4683999999999955,13.00790000000002
amzn,16.99650000000007,-30.768299999999897,-1.9475000000000051
amcr,-1.0950000000000113,-0.28859999999998465,-1.0581999999999852
aee,-8.989999999999881,-17.375960000000006,-3.0246599999998693
aal,0.8199999999999736,-1.0053999999999839,0.21169999999999334
aep,15.259999999999906,-12.797666000000092,-6.723766000000026
axp,5.7549999999999955,9.00159999999994,23.629099999999767
aig,-3.1050000000000253,5.747700000000066,-4.721600000000059
amt,14.100000000000279,1.6322999999997876,-44.982200000000006
awk,3.0899999999998187,-15.657700000000318,5.564999999999685
amp,82.48000000000008,3.036000000000172,16.285199999999747
abc,14.680000000000206,9.838300000000203,15.2547000000001
ame,7.960000000000193,1.411313999999905,0.14838600000004476
amgn,-48.89300000000023,-5.495200000000068,8.046999999999912
aph,-15.035000000000018,11.657000000000131,1.1712999999999667
adi,-38.269900000000064,-2.166099999999915,7.816200000000123
antm,-71.21000000000066,9.892390999999975,29.02419999999961
aon,95.32499999999959,8.686600000000396,-6.051600000000462
aos,8.710000000000008,4.560599999999937,0.4861000000000075
apa,6.162999999999997,6.915200000000048,0.4651999999999461
aapl,77.31199999999998,31.887700000000166,-3.6975000000003035
amat,54.41020000000013,0.3727000000001226,1.893199999999922
aptv,-25.730000000000018,9.70669999999997,-7.745900000000006
adm,17.14000000000017,-2.194800000000015,-10.057199999999938
anet,44.33500000000005,-3.0485999999998654,23.76699999999991
ajg,38.88499999999996,15.573099999999926,19.07169999999985
aiz,-43.64999999999981,-45.98870000000011,3.697400000000073
t,-0.7050000000000214,3.7542000000000044,2.0588999999999977
ato,0.9800000000000182,-11.20115299999999,-1.3081529999999333
adsk,52.144999999999925,46.389200000000244,5.365800000000206
adp,12.689999999999685,22.277899999999903,-19.731100000000026
azo,-583.9700000000009,168.2655639999989,96.52746399999864
avb,12.529999999999632,-24.75679999999977,10.99729999999974
avy,22.859999999999843,4.265799999999899,-0.6189999999999998
bkr,-11.677999999999997,-2.6879000000000026,-1.4129000000000218
bll,8.299999999999898,-0.4175950000000057,-7.802199999999985
bac,-2.760000000000005,-3.5529999999999227,-7.048899999999893
bk,5.685000000000002,2.367599999999996,-0.03190000000002868
bax,15.39000000000005,-11.081100000000077,-2.1921000000000532
bdx,-6.080000000000354,-13.815243999999808,-12.51444399999977
brk.b,-20.939000000000135,-26.29219999999941,36.57850000000042
bby,-15.714999999999876,1.562799999999939,-7.6638999999999555
bio,-21.24000000000001,-47.63909999999976,44.77110000000016
biib,-19.479999999999876,16.221499999999992,-10.718199999999939
blk,-227.9799999999994,55.554500000000075,-42.62250000000108
ba,131.13499999999974,23.989900000000063,0.6667000000000343
bkng,-1156.1350000000032,248.2059999999983,-186.88080000000286
bwa,10.95,-1.4444239999999837,-3.650675999999983
bxp,-41.75999999999989,-19.588099999999997,2.8091000000001003
bsx,-7.510099999999994,1.3603999999999843,2.0334000000000074
bmy,12.930000000000078,5.180199999999971,5.60599999999998
avgo,-101.05489999999918,-26.774799999999686,-26.08519999999976
br,25.610000000000042,12.541105999999928,-19.110905999999858
bf.b,-4.25,-5.610800000000047,-4.498999999999938
chrw,12.735000000000056,-4.265799999999885,-1.1026999999999703
cog,-1.3601000000000116,0.713500000000014,1.5225000000000009
cdns,89.18000000000004,26.811600000000027,23.090299999999928
czr,-4.314599999999956,-15.91259999999999,10.403299999999959
cpb,-0.6049999999999329,-2.172900000000027,0.3942000000000121
cof,34.9549999999998,-1.4521000000001862,8.542300000000054
cah,18.669999999999973,8.182699999999976,-1.8854999999999507
kmx,20.294999999999902,-20.95259999999996,-6.913900000000098
ccl,2.11509999999999,-0.14109999999998912,-0.8450999999999862
carr,13.399999999999984,-6.813820000000035,5.176800000000071
ctlt,-5.949999999999996,-68.68669999999999,8.67818100000001
cat,-16.657999999999703,-9.760500000000064,-1.6010000000003117
cboe,8.59500000000017,-2.3239000000000942,15.605999999999938
cbre,14.635000000000048,-4.592399999999969,-3.660900000000069
cdw,39.51500000000007,-7.59665399999983,6.563753999999761
ce,-11.560000000000088,-56.612200000000016,-27.79830000000007
cnc,20.425000000000068,-4.606595000000141,-5.09989999999992
cnp,0.22000000000001307,2.6749999999999936,-0.5158999999999985
cern,4.423000000000059,0.4650999999999783,3.8243999999999687
cf,-21.67499999999997,19.533099999999948,3.5185999999999638
crl,49.89999999999998,37.85080000000002,19.64200000000008
schw,-4.515000000000029,4.458999999999996,15.954199999999979
chtr,-54.54000000000002,58.962278999999626,-33.62962100000044
cvx,21.724999999999994,28.002900000000267,24.29379999999989
cmg,-671.6299999999994,472.60120000000006,-184.67660000000114
cb,17.800000000000153,-6.0030000000001,5.195599999999843
chd,4.299999999999983,18.512400000000014,-9.186900000000009
ci,54.70000000000002,35.54209999999978,13.654500000000127
cinf,-10.945000000000022,-13.582600000000056,-8.087299999999942
ctas,-57.499999999999375,4.940299999999979,-20.075999999999794
csco,-0.11399999999995458,0.23760000000000758,3.7052999999999514
c,2.455100000000023,-2.5452000000000012,7.058700000000002
cfg,-2.205000000000023,-2.1156999999999613,2.0815999999999875
ctxs,7.027100000000061,18.24320000000003,-9.65450000000014
clx,12.890000000000072,7.989600000000223,3.890299999999911
cme,18.37700000000001,62.22823799999975,-2.5043380000001036
cms,10.924999999999926,-11.582503999999801,-1.1385039999999762
ko,4.626900000000049,-0.3733000000000928,-2.7481000000000577
ctsh,-16.31109999999991,-9.885900000000106,2.2021999999999764
cl,-1.4249999999999972,-3.0847000000000975,-2.2934000000000765
cmcsa,2.4252999999999574,-7.299499999999945,-4.681699999999957
cma,24.740000000000123,-14.642700000000033,6.97980000000004
cag,0.46499999999997854,2.3652999999999906,0.9538000000000153
cop,-4.229999999999961,2.348099999999917,20.589300000000108
ed,-4.770000000000067,1.2312999999999477,1.7499000000000393
stz,9.819999999999823,15.747800000000012,10.758900000000182
coo,68.28499999999943,-17.448056000000406,-11.379955999999652
cprt,-16.045200000000047,3.446600000000007,-5.792000000000016
glw,-6.22500000000003,8.118694999999992,-2.156599999999976
ctva,-0.4800000000000466,2.5929000000000144,-1.7427000000000348
cost,107.0000000000008,39.700100000000305,-6.025499999999909
cci,-39.3449999999998,56.27089999999981,4.886600000000044
csx,0.5638000000000005,3.3876999999999953,3.123900000000024
cmi,-25.610000000000042,-29.18309999999994,-11.880400000000122
cvs,19.47999999999982,7.339500000000072,-4.894599999999855
dhi,57.5500000000001,15.393699999999981,9.23830000000008
dhr,2.595000000000624,-41.88610000000017,22.888099999999724
dri,43.969999999999985,1.8428999999998723,-16.632699999999886
dva,-13.510000000000034,-7.205799999999968,12.406300000000073
de,-5.870000000000289,38.000699999999995,-6.675599999999747
dal,1.0201000000000242,9.192500000000017,-11.948399999999982
xray,-4.987999999999975,-6.353699999999979,0.3575999999999411
dvn,-15.539999999999928,7.111600000000074,2.8060999999999297
dxcm,30.740299999999863,50.45989999999995,12.889800000000022
fang,-12.225000000000136,-7.337700000000055,-9.133899999999969
dlr,-0.899999999999963,-37.618199999999746,5.150399999999976
dfs,30.83,-9.620199999999997,12.400099999999952
disca,18.981200000000026,3.605299999999989,-3.822100000000056
disck,14.699000000000002,-12.218049000000025,-8.121399999999959
dish,-9.495100000000008,-2.7561880000000105,-1.293099999999976
dg,-30.83999999999969,8.143499999999847,22.400999999999897
dltr,-41.413999999999874,19.86079999999987,1.906700000000214
d,-22.620000000000026,-14.378685999999888,6.48208599999991
dpz,-52.6219999999999,-38.03259999999972,70.61109999999962
dov,4.729999999999961,-1.9129000000001497,-6.6810000000001395
dow,-1.640000000000036,-16.06630000000007,-18.196900000000085
dte,-24.359999999999943,-28.056831999999943,-4.742332000000232
duk,-17.059999999999903,-19.453299999999913,9.322699999999898
dre,-0.024999999999927525,9.295836000000044,0.4248360000000275
dd,14.985000000000099,-8.597800000000085,-6.024799999999985
dxc,-4.7799999999999905,-6.514799999999987,-3.54979999999998
emn,1.859999999999971,-19.70669999999987,8.814799999999934
etn,26.810000000000414,-1.8544999999999732,-11.069199999999825
ebay,8.770999999999944,3.084399999999988,11.41469999999999
ecl,20.38500000000002,-4.741599999999977,4.404800000000165
eix,1.640000000000093,-11.094741999999982,-8.24974200000009
ew,-19.21000000000018,-2.7103000000001174,6.244100000000074
ea,-17.70699999999988,18.826399999999936,-6.670500000000061
emr,-0.015000000000000568,-7.9883000000000095,-1.4495999999999896
enph,-10.099000000000245,101.4279,18.187300000000164
etr,17.150000000000148,-16.765277000000054,2.2080769999999745
eog,11.834999999999894,13.746300000000076,11.405900000000088
efx,61.05999999999989,-0.32409999999995875,9.051900000000245
eqix,215.88999999999896,-54.73746200000022,-87.78793799999971
eqr,8.825000000000152,-14.841699999999925,-1.6727000000000913
ess,-27.74500000000026,61.100500000000466,8.82209999999995
el,42.615000000000094,-28.722200000000186,27.417599999999936
etsy,54.808499999999924,39.61879999999991,-4.968599999999938
evrg,-1.4299999999999784,9.507699999999922,-1.2127000000000123
es,-20.580000000000098,-16.65171500000011,-6.011714999999967
re,38.52000000000021,-34.07419999999979,-0.957200000000114
exc,-5.19899999999997,-3.647000000000034,-4.439900000000016
expe,-15.072999999999979,-11.225799999999921,-29.89069999999988
expd,-20.350000000000122,9.682699999999997,-5.1040999999999315
exr,-4.619999999999976,-17.365099999999984,-7.4027000000000385
xom,28.22000000000014,-1.6374000000000706,-13.300200000000018
ffiv,34.879999999999626,-0.12760000000039895,-5.091800000000092
fb,17.714999999999407,38.368199999999774,-7.724900000000218
fast,-4.084100000000035,-9.206400000000052,-3.3652999999999906
frt,-23.29999999999994,-20.583382999999998,-14.883299999999977
fdx,81.97000000000028,-20.96099999999987,1.9715999999999383
fis,-9.609999999999935,23.79010000000003,5.540399999999963
fitb,-9.276900000000047,3.335100000000015,-2.3638000000000368
fe,-4.810000000000059,-9.046600000000012,3.697400000000002
frc,-89.4179999999999,-33.23240000000007,36.641400000000175
fisv,-20.47499999999991,-0.38040000000003715,4.849799999999874
flt,14.129999999999967,-15.703699000000057,-3.5705010000000073
flir,-5.115400000000001,3.9726000000000283,2.9613999999999976
fls,-2.809999999999988,1.6527999999999992,0.27899999999999636
fmc,-10.570000000000007,4.306299999999865,10.86450000000012
f,3.4149999999999885,1.308099999999996,-2.567699999999995
ftnt,13.522000000000027,-2.322099999999857,-0.544099999999986
ftv,-1.6799999999999997,-9.086400000000047,-2.2819000000000287
fbhs,-33.165,-3.956200000000024,-1.3491999999998683
foxa,2.453000000000049,2.908099999999912,-3.5848000000000653
fox,1.0019999999999918,-8.738400000000059,0.5500999999999898
ben,-4.344999999999981,-4.425200000000007,-1.519999999999989
fcx,7.885200000000019,-6.323000000000082,-2.6746000000000834
gps,2.8049000000000035,-0.34029999999999383,3.2990999999999904
grmn,-19.350000000000037,20.734300000000133,11.368799999999965
it,95.62500000000003,-61.00380000000007,27.78989999999962
gnrc,-50.71500000000029,-157.78490000000005,0.9084779999998887
gd,4.145999999999958,-4.349400000000031,10.829300000000131
ge,-49.66989999999998,-21.738699999999923,-1.3468000000000302
gis,9.920000000000101,11.357900000000015,-7.781200000000069
gm,-4.664999999999946,-0.7893000000000185,-4.730300000000057
gpc,21.63999999999976,-29.052775999999923,-16.619299999999853
gild,-17.08999999999994,2.9467999999999677,-3.7632999999998944
gl,-11.16000000000004,-10.444975000000085,1.387799999999956
gpn,4.760000000000048,3.578400000000059,0.6784999999999286
gs,77.23000000000019,17.9495,15.747599999999977
gww,-124.10999999999962,-70.2128999999992,-5.10979999999995
hal,4.099999999999994,10.806099999999965,8.802699999999998
hbi,-2.789999999999998,-2.122000000000005,3.2795000000000005
hig,7.9299999999999855,-6.6058000000000305,2.9940000000000566
has,-14.311000000000028,14.152000000000122,-7.3353000000001884
hca,67.91999999999993,-9.223799999999812,-21.419800000000123
peak,9.355000000000036,-3.803102000000006,-4.731899999999996
hsic,5.445000000000107,7.455200000000019,-6.748000000000189
hsy,31.01500000000013,24.43420000000023,20.896300000000224
hes,-19.86500000000008,-19.342099999999846,9.720099999999974
hpe,3.4699999999999775,3.1229999999999976,-1.4711000000000034
hlt,-11.505000000000052,-21.70090000000019,-20.06579999999984
hfc,6.554999999999975,-14.922600000000063,0.8532000000000437
holx,-4.379999999999903,7.717399999999984,0.6311999999999784
hd,85.62999999999971,-31.382999999999754,6.005199999999832
hon,-3.200000000000216,-14.533700000000067,-12.406300000000044
hrl,8.535000000000025,-1.5433999999999486,-3.900699999999979
hst,1.06499999999998,2.431199999999997,1.5363999999999862
hwm,-10.22040000000002,2.268500000000003,1.210400000000032
hpq,5.40499999999998,9.243199999999995,-0.16899999999999693
hum,33.60500000000013,-55.090199999999925,56.706200000000536
hban,-3.266999999999994,1.6018999999999863,1.0159999999999965
hii,-10.810000000000116,45.451846000000074,18.078545999999932
iex,-16.200000000000472,30.531800000000175,9.61100000000016
idxx,149.33500000000026,-25.452900000000568,17.981299999999976
info,8.65499999999993,7.577990999999855,0.8032909999999305
itw,-31.419999999999675,-9.326099999999855,-15.670200000000193
ilmn,61.85500000000013,-32.45490000000049,-12.709700000000197
incy,-8.900000000000091,3.3148999999999944,-4.221700000000126
ir,10.450000000000003,10.576000000000022,2.48449999999999
intc,-0.34509999999995244,-11.393099999999976,7.061500000000002
ice,-14.414999999999878,-5.766699999999929,-4.8390999999999025
ibm,13.320000000000093,-5.684199999999706,-5.66569999999993
ip,-7.160000000000029,-9.659850999999968,-4.289850999999949
ipg,-12.08000000000007,-7.178499999999996,5.064600000000009
iff,19.815000000000055,7.811701999999883,-6.835499999999939
intu,111.83999999999935,-75.5624000000002,-60.868699999999706
isrg,96.60500000000033,-13.036800000000056,13.540829999999858
ivz,-3.395000000000012,-4.588999999999968,-3.2902000000000093
ipgp,39.38500000000009,-4.593699999999927,-1.3674000000000746
iqv,23.435000000000315,4.725899999999996,21.623700000000042
irm,9.290000000000063,5.322172000000016,0.018699999999952865
jkhy,-0.7400000000002365,25.283699999999953,14.075499999999806
j,-5.539999999999992,-13.957088000000041,7.7180000000000035
jbht,25.905000000000143,8.793200000000127,-0.6869999999998981
sjm,-6.219999999999956,-9.463900000000194,-10.258700000000019
jnj,-20.364999999999895,3.6772000000001697,2.3605000000001723
jci,-6.679999999999843,2.181299999999993,-1.2177999999999827
jpm,9.63799999999975,-2.0758000000002426,3.2444999999997464
jnpr,7.474999999999987,-0.5478109999999958,-0.3423109999999916
ksu,-16.840000000000117,-24.328299999999786,-7.756399999999587
k,-8.42999999999995,-0.6049000000000575,0.027300000000053615
key,-2.63500000000003,-2.8354000000000052,-0.49649999999998684
keys,-30.180000000000035,19.5463000000002,-4.342199999999792
kmb,17.44999999999996,17.775099999999767,-10.248300000000057
kim,-2.1149999999999345,-1.1491000000000042,-7.9933999999999905
kmi,-1.6599999999999753,-1.6368999999999971,-3.1814999999999927
klac,230.40999999999997,23.905799999999942,-9.405600000000277
khc,-2.1105999999999696,3.3432000000000173,7.2318
kr,5.304899999999996,-8.576000000000015,-6.420099999999991
lb,13.458499999999976,1.406050999999998,2.6896999999999913
lhx,21.910099999999943,4.084700000000026,-0.5969000000002325
lh,-21.69000000000031,5.754399999999833,12.413300000000163
lrcx,-369.7100000000001,-82.7271000000004,64.64899999999989
lw,27.330000000000148,17.06638700000007,-9.00178700000005
lvs,17.620000000000065,-5.741599999999991,-2.3935000000000564
leg,-9.730000000000029,1.3553000000000743,-0.9453999999999709
ldos,-21.429999999999993,-15.545321000000001,4.9314999999999145
len,53.18500000000005,12.24189999999998,6.328500000000005
lly,-91.64100000000019,5.037500000000364,23.05099999999993
lnc,-12.380000000000003,-10.916399999999982,1.1770999999999674
lin,-134.9510000000003,14.208999999999719,11.696099999999774
lyv,4.460000000000051,7.3571000000000595,-25.03270000000009
lkq,-16.719999999999985,13.414300000000047,1.071100000000044
lmt,34.99200000000002,68.32220000000007,6.322599999999795
l,-5.704999999999963,4.459699999999998,1.560099999999963
low,57.29570000000007,12.724199999999996,11.346500000000333
lumn,1.9094000000000018,-3.9745999999999944,-0.26970000000000116
lyb,4.035000000000053,13.158939000000004,-8.128638999999879
mtb,-7.279999999999944,6.585388000000307,7.834412000000185
mro,-5.155000000000015,5.225200000000019,-6.961000000000009
mpc,23.77000000000018,7.840515000000082,6.44449999999992
mktx,38.784999999999826,-20.259099999999506,10.632200000000125
mar,19.875000000000142,-31.671000000000276,-42.44840000000005
mmc,20.219999999999686,3.970900000000114,11.826900000000194
mlm,67.45000000000027,-4.812400000000139,14.56649999999945
mas,10.670000000000009,4.682499999999983,-2.6429000000000187
ma,-97.09999999999928,30.368999999999573,-11.881699999999569
mkc,0.5900000000000887,-20.79424300000015,8.22824300000002
mxim,10.039599999999993,-24.77939999999998,3.3312199999999876
mcd,57.38999999999973,28.3295999999998,-9.729800000000125
mck,27.880000000000052,-61.67534099999949,0.8796000000002664
mdt,-0.16999999999990223,-4.1897999999999485,3.6954000000000207
mrk,21.82500000000003,8.990900000000053,5.110400000000041
met,4.004999999999875,2.615700000000018,-2.536300000000054
mtd,333.2900000000011,15.758500000001504,-98.56369999999697
mgm,6.014999999999937,0.13680000000002934,6.928900000000052
mchp,16.741899999999937,10.157199999999996,-4.934699999999921
mu,32.47199999999997,2.0928000000000253,-2.3595000000001107
msft,-91.98860000000019,30.454100000000352,-3.754499999999524
maa,8.270000000000039,-18.815399999999727,0.07779999999991105
mhk,5.239999999999981,-4.013200000000026,-1.8534999999998263
tap,-12.559899999999935,2.236000000000004,-3.5061000000000178
mdlz,7.376000000000019,2.671299999999974,0.2757999999999896
mpwr,-195.0450000000002,-5.41494699999987,21.699203999999895
mnst,-11.895900000000047,-0.5671000000000461,-6.244099999999975
mco,96.89499999999981,3.938100000000645,-13.736400000000259
ms,12.664099999999891,10.060700000000054,-2.8542999999998386
mos,-7.164999999999964,-0.5484000000000009,-9.922500000000035
msi,50.879999999999626,-20.155700000000195,6.675200000000046
msci,111.55000000000024,-47.65540000000061,54.785200000000316
ndaq,12.711499999999994,-17.97259999999993,11.770800000000037
ntap,-14.212999999999894,0.25489999999990687,-2.9624000000000024
nflx,192.93859999999944,-53.53339999999983,-23.52879999999999
nwl,5.286999999999981,-5.673399999999971,0.2686999999999955
nem,-19.72999999999999,-20.114400000000003,16.060500000000083
nwsa,-3.603000000000014,1.6707999999999856,0.9162999999999961
nws,4.895000000000005,1.4941999999999833,-0.9517000000000131
nee,0.7650000000000148,-2.8408999999999764,8.243000000000094
nlsn,-0.8700000000000045,-2.7211999999999783,-2.9546000000000134
nke,52.5450000000001,1.7321999999999491,3.4591000000000207
ni,-4.175000000000008,5.789100000000005,0.6764999999999866
nsc,28.450000000000244,-20.609100000000012,-2.795700000000153
ntrs,6.254999999999953,-14.18419999999989,-7.089899999999972
noc,28.47000000000031,54.58940000000058,37.705000000000496
nlok,0.29519999999998703,-5.433400000000024,-0.7987999999999964
nclh,-2.130000000000006,2.9225999999999868,2.183799999999991
nov,-0.949999999999994,0.5882999999999914,-1.5501000000000111
nrg,-9.50500000000002,0.2764999999999489,5.949000000000019
nue,-23.84000000000006,-24.787099999999896,-36.05179999999997
nvda,-226.21189999999984,0.35009999999977026,14.662200000000041
nvr,1957.0099999999975,-130.96670599999925,-198.54390600000397
nxpi,35.51999999999961,13.024199999999865,21.603499999999997
orly,261.6649999999995,96.47900000000027,-19.252800000000434
oxy,-1.8248999999998574,12.184300000000022,-1.2270999999999148
odfl,112.63500000000036,44.42970000000062,36.60340000000025
omc,-26.930000000000014,-3.7580569999999938,9.892956999999939
oke,3.7199999999999136,-5.16440000000005,0.26040000000011787
orcl,-38.8069999999999,0.25770000000001403,0.7919000000001262
otis,14.025000000000027,9.601300000000037,-1.6636999999999702
pcar,-4.522899999999993,7.492000000000004,1.283200000000008
pkg,-7.969999999999928,-24.29429999999998,0.18380000000007612
ph,-25.81999999999988,12.416999999999774,-2.2296000000004312
payx,4.6370000000000005,-3.5769000000000943,-5.31299999999986
payc,67.82009999999985,-87.9176000000001,25.4106000000001
pypl,-1.6299999999999102,-8.797799999999896,-10.454600000000084
penn,-4.960399999999982,-7.178099999999986,5.178099999999983
pnr,6.509999999999948,-7.430100000000017,-1.9907999999999575
pbct,-3.787799999999983,1.6020000000000127,0.9376000000000175
pep,-10.38810000000015,2.2937000000000864,8.437099999999958
pki,-20.019999999999982,-25.440200000000175,11.871699999999805
prgo,3.6199999999999655,9.331099999999964,1.276099999999957
pfe,-0.08000000000004093,3.9002000000000336,-2.7544999999999575
pm,17.360000000000113,16.026800000000094,-0.24939999999985218
psx,-0.3749999999998437,-26.554300000000126,-19.09810000000016
pnw,1.6499999999999915,-9.329499999999967,-0.8731999999999971
pxd,-75.4599999999999,-44.08370000000022,15.169499999999942
pnc,12.380000000000095,1.0023999999999944,5.274299999999954
pool,39.67999999999995,41.24889999999999,22.86980000000011
ppg,-8.940000000000282,7.288399999999925,-0.14805099999986737
ppl,-1.0250000000000554,-0.7448999999999977,-1.2281999999999869
pfg,31.99700000000024,8.030600000000042,-1.7598999999999805
pg,17.415000000000006,7.864200000000096,-16.32100000000031
pgr,28.87500000000017,8.770600000000016,-10.378100000000032
pld,4.805000000000149,-12.24119999999995,15.229
pru,0.5449999999999164,-11.746700000000104,-5.599400000000188
ptc,47.56000000000002,7.8801000000001125,9.91030000000002
peg,4.724999999999973,-11.165899999999901,3.4375999999999607
psa,5.449999999999989,36.30699999999956,-27.99190000000027
phm,30.860000000000063,8.786900000000038,2.242399999999961
pvh,23.500000000000114,-9.015067999999964,-1.7747000000000668
qrvo,-33.19999999999999,-32.17210000000006,-12.224600000000024
pwr,13.525000000000006,10.399399999999972,7.7254999999997835
qcom,27.70899999999999,11.545400000000072,1.3722000000000207
dgx,-1.619999999999692,-12.621800000000022,-4.325700000000211
rl,32.38199999999998,12.303899999999985,15.860600000000005
rjf,8.594999999999885,10.49709999999996,2.154100000000028
rtx,1.0899999999999892,-17.86050000000003,-7.29019999999997
o,-3.505000000000031,-11.911699999999946,2.258299999999977
reg,-0.840000000000046,-8.45095099999996,0.501849
regn,-100.31000000000108,9.004727999998863,-35.035899999999515
rf,2.744999999999994,0.11315399999999087,0.7642000000000024
rsg,3.8950000000002376,4.067200000000213,4.0298000000000656
rmd,-18.110000000000042,33.29087499999969,33.71437500000002
rhi,-11.970000000000098,-4.918299999999931,1.7245999999999526
rok,71.10500000000039,37.58434199999982,-2.239541999999659
rol,5.410000000000032,-5.121299999999962,2.8123999999999647
rop,23.409999999999854,-0.2807000000000244,-12.224501000000032
rost,-33.0199999999999,-8.604700000000008,7.195199999999971
rcl,22.00500000000003,-8.503400000000003,-22.94339999999996
spgi,-150.99500000000057,19.93640000000022,48.407899999999984
crm,102.84899999999979,-15.0672000000001,-15.420900000000188
sbac,-36.84500000000028,-54.575200000000194,14.919099999999787
slb,9.944999999999993,-14.262499999999964,-8.559999999999945
stx,26.093100000000057,6.087499999999892,-1.1190999999999178
see,-8.370000000000033,-6.2880999999999645,5.375999999999962
sre,-12.184999999999931,9.697899999999962,-7.811399999999992
now,193.699,56.541899999999885,-111.31630000000035
shw,41.17999999999981,65.7053000000002,-4.642700000000048
spg,6.299999999999983,23.48749999999987,-18.619999999999933
swks,32.06489999999992,15.580891999999977,-14.861900000000105
sna,-26.48999999999998,11.553700000000106,11.541699999999764
so,-1.6299999999999457,5.82210000000012,-3.3804999999998273
luv,4.805000000000096,6.412600000000026,9.50149999999995
swk,-3.284999999999954,36.69540000000001,11.621399999999909
sbux,-44.0817,12.634000000000086,8.439699999999974
stt,19.855000000000068,0.6398999999999901,-2.1035000000000394
ste,5.029999999999774,-32.57180000000017,-2.2993000000000166
syk,74.41999999999996,-4.839099999999831,-27.418299999999817
sivb,-417.6780000000003,-124.97050000000075,47.16239900000119
syf,10.309999999999956,-0.9795480000000687,0.18419999999998637
snps,126.23400000000021,65.77990000000074,-62.55339999999944
syy,7.750000000000057,-0.2823999999999671,8.703399999999974
tmus,14.950600000000023,23.635285999999823,-4.8956999999997635
trow,11.290000000000006,-7.022700000000128,-1.7745000000000744
ttwo,53.86600000000006,-3.7228999999999672,0.5392999999999404
tpr,13.084999999999948,-6.803099999999997,-3.476099999999988
tgt,62.62990000000002,-5.524999999999864,-4.921000000000049
tel,15.370000000000005,-7.61189999999992,4.388300000000058
tdy,39.27499999999924,15.249899999999627,-11.752900000000523
tfx,17.51500000000007,42.57770000000019,26.826400000000575
ter,-42.36,-12.655244000000067,2.7890999999999906
tsla,28.78660000000052,-68.9962000000003,29.169700000000176
txn,19.675999999999988,13.017000000000053,-27.216700000000117
txt,-4.760000000000076,4.936200000000028,-1.105300000000021
tmo,81.77000000000106,72.27629999999971,17.980299999999602
tjx,19.91000000000006,-10.0154,-4.8324
tsco,16.920000000000073,4.445700000000016,-21.627299999999934
tt,26.305000000000007,12.904300000000234,2.3840000000000146
tdg,-265.2649999999995,59.16069999999979,-8.525600000000338
trv,-3.460000000000008,-6.854899999999958,3.9083999999998014
tfc,14.700000000000014,1.3689999999999785,3.0726000000000226
twtr,-22.56020000000005,-9.041700000000162,1.919999999999959
tyl,94.90999999999963,-38.00382999999994,14.541469999999265
tsn,-15.459999999999994,-16.572699999999898,5.893799999999999
udr,-4.50499999999996,12.785399999999974,-2.436699999999945
ulta,114.21999999999917,-25.974000000000046,10.444799999999702
usb,16.58500000000002,-0.5185999999999993,-2.4173000000000258
uaa,1.9399999999999968,-2.2135999999999907,-2.2928000000000015
ua,1.2349999999999879,0.7643999999999993,-2.1607999999999974
unp,-4.105000000000189,-14.676599999999723,12.997200000000277
ual,-8.400100000000016,-7.653799999999983,8.662700000000136
unh,81.2099999999989,-55.306899999999644,-9.795500000000118
ups,87.04489999999987,-32.24829999999989,-31.45550000000017
uri,-137.57999999999961,18.401100000000042,18.054599999999823
uhs,22.15000000000002,19.825100000000063,-6.163599999999931
unm,2.094999999999999,12.488699999999945,-6.947899999999972
vlo,-12.309999999999931,-19.5825999999999,-16.0188
vtr,-6.34500000000002,13.641099999999966,3.304400000000008
vrsn,-86.10000000000011,12.793900000000178,-4.453700000000197
vrsk,41.70500000000001,3.663799999999952,17.48479999999995
vz,6.094999999999985,-7.464599999999962,-1.3062000000000111
vrtx,-68.1349999999994,1.281500000000591,9.501999999999981
vfc,-14.609999999999985,-11.724000000000071,-11.98599999999999
viac,12.32310000000004,-1.7505000000000024,-0.6413000000000011
vtrs,-0.7999999999999936,0.4251000000000076,0.9358000000000093
v,-74.71999999999994,15.680100000000294,-7.8215999999999894
vnt,-12.889999999999993,-7.162199999999977,-1.8343999999999987
vno,-12.215000000000012,-6.776579999999992,3.0846999999999696
vmc,32.27999999999989,16.961315000000383,6.066484999999915
wrb,6.170000000000066,5.07619999999995,-0.8077999999999577
wab,4.769999999999911,-2.3532040000000904,-4.036203999999984
wmt,23.399999999999963,-19.81759999999973,33.81219999999992
wba,-14.87699999999996,6.9957000000000775,4.012500000000024
dis,11.075000000000088,-3.8862999999998635,19.329200000000014
wm,-0.9399999999997135,12.517599999999788,-3.719600000000014
wat,-10.720000000000255,-10.446299999999724,30.634400000000312
wec,11.309999999999917,-18.49780000000007,6.0154
wfc,5.914899999999982,2.2153999999999456,2.7619999999999365
well,-4.725000000000051,-21.21520000000004,9.32940000000005
wst,85.88499999999996,-29.2277,12.510999999999967
wdc,-2.796000000000028,-3.100999999999928,0.9816999999999894
wu,2.9300000000000246,-2.830999999999996,1.023500000000011
wrk,-5.275000000000027,18.533440999999964,-1.2028410000000207
wy,3.014999999999958,-7.399099999999972,-3.6491999999999294
whr,2.3268999999998528,-25.492200000000025,-3.150499999999994
wmb,5.98,-4.585300000000032,3.74399999999995
wltw,16.539700000000323,23.250399999999956,-5.579200000000583
wynn,-27.605000000000146,1.4590999999999852,-2.2396999999999423
xel,-6.613999999999997,-19.155197999999977,-4.087998000000027
xlnx,28.882500000000007,-20.43109999999993,-20.708900000000256
xyl,-12.690000000000055,26.270899999999997,5.714699999999979
yum,-13.734999999999928,14.622099999999932,9.70559999999999
zbra,-80.08000000000018,-39.336900000000185,-24.96610000000038
zbh,4.590000000000032,9.491700000000037,-3.685100000000091
zion,-5.3331000000000195,-6.552000000000021,6.223899999999922
zts,34.265000000000015,-30.405200000000008,-12.759499999999889
