,date,open,high,low,close,volume,month
0,2019-02-19 00:00:00,920.0,926.75,910.01,916.68,293206,2
1,2019-02-20 00:00:00,917.0,925.0,908.92,921.14,271289,2
2,2019-02-21 00:00:00,921.96,921.96,905.39,906.33,244654,2
3,2019-02-22 00:00:00,910.65,914.24,901.04,911.66,240258,2
4,2019-02-25 00:00:00,913.4,914.83,886.95,889.6,364335,2
5,2019-02-26 00:00:00,959.89,964.39,932.39,935.0,781551,2
6,2019-02-27 00:00:00,900.0,925.85,900.0,911.93,430687,2
7,2019-02-28 00:00:00,910.16,938.97,910.16,938.97,668088,2
8,2019-03-01 00:00:00,945.39,946.0,919.58,929.32,465681,3
9,2019-03-04 00:00:00,934.41,939.0,916.85,932.95,298333,3
10,2019-03-05 00:00:00,935.0,948.0,930.42,939.83,288723,3
11,2019-03-06 00:00:00,944.22,952.99,934.78,935.35,299037,3
12,2019-03-07 00:00:00,933.91,943.62,932.13,940.55,445959,3
13,2019-03-08 00:00:00,939.12,942.0,929.335,934.73,252046,3
14,2019-03-11 00:00:00,948.11,948.6952,937.66,940.03,288349,3
15,2019-03-12 00:00:00,942.82,942.82,924.25,934.61,249770,3
16,2019-03-13 00:00:00,936.58,942.73,932.91,940.58,301171,3
17,2019-03-14 00:00:00,943.7,952.71,938.285,950.22,375106,3
18,2019-03-15 00:00:00,950.71,962.46,943.87,962.23,359207,3
19,2019-03-18 00:00:00,961.84,984.725,961.84,975.59,419039,3
20,2019-03-19 00:00:00,980.0,988.24,976.38,978.99,315440,3
21,2019-03-20 00:00:00,976.09,982.98,970.8,980.98,323699,3
22,2019-03-21 00:00:00,984.5,1003.74,983.46,1001.09,292441,3
23,2019-03-22 00:00:00,999.97,1015.78,979.25,981.27,299043,3
24,2019-03-25 00:00:00,982.47,1002.0,982.47,995.86,197098,3
25,2019-03-26 00:00:00,999.31,1004.6209,987.28,997.31,262389,3
26,2019-03-27 00:00:00,996.42,1007.58,989.5332,1003.2,271712,3
27,2019-03-28 00:00:00,1004.91,1011.4599,1003.65,1005.17,240098,3
28,2019-03-29 00:00:00,1010.14,1028.1,1005.02,1024.12,322135,3
29,2019-04-01 00:00:00,1039.33,1048.53,1018.22,1029.71,332461,4
30,2019-04-02 00:00:00,1032.0,1044.38,1029.79,1041.98,202715,4
31,2019-04-03 00:00:00,1046.56,1049.5799,1041.84,1045.53,187106,4
32,2019-04-04 00:00:00,1044.47,1048.8706,1033.95,1040.69,219204,4
33,2019-04-05 00:00:00,1045.0,1049.73,1037.27,1048.52,252110,4
34,2019-04-08 00:00:00,1048.16,1058.31,1044.0,1052.54,290126,4
35,2019-04-09 00:00:00,1050.0,1054.41,1037.66,1040.4,276710,4
36,2019-04-10 00:00:00,1046.88,1062.52,1042.32,1060.17,325042,4
37,2019-04-11 00:00:00,1063.67,1070.92,1058.73,1068.57,261577,4
38,2019-04-12 00:00:00,1069.85,1072.22,1055.02,1060.3,247464,4
39,2019-04-15 00:00:00,1064.31,1074.67,1057.33,1064.59,324263,4
40,2019-04-16 00:00:00,1069.34,1069.955,1057.96,1061.59,246019,4
41,2019-04-17 00:00:00,1067.0,1069.47,1040.5021,1051.37,230682,4
42,2019-04-18 00:00:00,1048.93,1050.27,1032.065,1045.05,268916,4
43,2019-04-22 00:00:00,1045.0,1047.11,1035.0,1035.2,234121,4
44,2019-04-23 00:00:00,1035.48,1060.76,1032.09,1047.76,308676,4
45,2019-04-24 00:00:00,1048.66,1056.94,1040.63,1042.6,206824,4
46,2019-04-25 00:00:00,1034.96,1046.62,1023.08,1042.35,370243,4
47,2019-04-26 00:00:00,1023.29,1043.23,1023.29,1033.55,278598,4
48,2019-04-29 00:00:00,1032.78,1035.855,1021.65,1022.5,198312,4
49,2019-04-30 00:00:00,1019.94,1030.45,1015.46,1028.31,255130,4
50,2019-05-01 00:00:00,1029.71,1045.89,1023.07,1023.9,236996,5
51,2019-05-02 00:00:00,1024.92,1039.43,1024.29,1038.31,195501,5
52,2019-05-03 00:00:00,1043.0,1048.94,1026.01,1033.38,253873,5
53,2019-05-06 00:00:00,1023.99,1038.99,1018.43,1030.64,228150,5
54,2019-05-07 00:00:00,1030.09,1033.64,1010.3,1015.36,233668,5
55,2019-05-08 00:00:00,1015.69,1019.47,1001.01,1005.6,231030,5
56,2019-05-09 00:00:00,1000.48,1008.1,994.42,1004.48,238862,5
57,2019-05-10 00:00:00,1000.03,1005.55,984.0528,1000.59,250316,5
58,2019-05-13 00:00:00,990.15,993.53,980.62,982.56,269184,5
59,2019-05-14 00:00:00,985.24,992.805,979.7,989.8,274578,5
60,2019-05-15 00:00:00,987.37,988.7,975.59,978.36,203627,5
61,2019-05-16 00:00:00,979.11,992.72,970.34,981.34,274732,5
62,2019-05-17 00:00:00,976.37,993.18,976.37,984.09,279654,5
63,2019-05-20 00:00:00,984.38,991.52,974.665,977.83,427433,5
64,2019-05-21 00:00:00,1007.0,1037.52,980.7229,1032.25,697752,5
65,2019-05-22 00:00:00,1021.4,1047.19,1021.0,1043.93,318202,5
66,2019-05-23 00:00:00,1037.22,1037.22,1020.25,1034.82,285029,5
67,2019-05-24 00:00:00,1039.07,1055.98,1036.72,1052.19,376035,5
68,2019-05-28 00:00:00,1055.25,1081.58,1049.48,1051.14,521532,5
69,2019-05-29 00:00:00,1042.92,1045.34,1021.52,1027.54,356981,5
70,2019-05-30 00:00:00,1032.96,1047.465,1031.3,1045.29,205022,5
71,2019-05-31 00:00:00,1030.5,1033.0375,1010.01,1027.11,498840,5
72,2019-06-03 00:00:00,1027.12,1050.45,1027.12,1037.65,357216,6
73,2019-06-04 00:00:00,1044.31,1049.99,1031.39,1036.27,296181,6
74,2019-06-05 00:00:00,1045.1,1069.04,1041.945,1068.89,307733,6
75,2019-06-06 00:00:00,1074.1,1094.99,1058.04,1090.54,346024,6
76,2019-06-07 00:00:00,1094.57,1111.11,1094.57,1099.14,333760,6
77,2019-06-10 00:00:00,1105.05,1119.76,1096.73,1111.23,188237,6
78,2019-06-11 00:00:00,1114.23,1119.0,1092.97,1095.39,279859,6
79,2019-06-12 00:00:00,1095.9,1109.02,1090.28,1106.77,213282,6
80,2019-06-13 00:00:00,1115.53,1120.0,1107.46,1113.95,200147,6
81,2019-06-14 00:00:00,1116.53,1121.37,1108.06,1119.87,192499,6
82,2019-06-17 00:00:00,1124.04,1127.58,1119.13,1124.36,213500,6
83,2019-06-18 00:00:00,1128.55,1135.23,1123.87,1126.0,279581,6
84,2019-06-19 00:00:00,1124.13,1132.98,1105.725,1122.65,276572,6
85,2019-06-20 00:00:00,1124.98,1135.39,1113.4,1128.2,219177,6
86,2019-06-21 00:00:00,1125.98,1125.98,1110.26,1118.47,267517,6
87,2019-06-24 00:00:00,1121.99,1121.99,1103.21,1110.95,220337,6
88,2019-06-25 00:00:00,1109.18,1109.4,1096.36,1097.83,261900,6
89,2019-06-26 00:00:00,1096.1,1099.81,1079.005,1086.6,244405,6
90,2019-06-27 00:00:00,1090.67,1092.5,1077.36,1084.08,204757,6
91,2019-06-28 00:00:00,1094.93,1102.29,1085.23,1099.47,360734,6
92,2019-07-01 00:00:00,1109.0,1116.83,1091.82,1098.79,200947,7
93,2019-07-02 00:00:00,1102.79,1117.41,1100.14,1115.48,175398,7
94,2019-07-03 00:00:00,1119.71,1135.34,1116.66,1130.38,107505,7
95,2019-07-05 00:00:00,1129.65,1136.05,1124.055,1130.31,129811,7
96,2019-07-08 00:00:00,1131.79,1145.51,1129.58,1144.22,163617,7
97,2019-07-09 00:00:00,1143.38,1155.07,1139.85,1143.09,181041,7
98,2019-07-10 00:00:00,1147.12,1152.899,1139.735,1148.47,155835,7
99,2019-07-11 00:00:00,1148.97,1154.61,1144.29,1148.91,190463,7
100,2019-07-12 00:00:00,1147.18,1166.9,1147.18,1164.71,142795,7
101,2019-07-15 00:00:00,1169.33,1179.91,1163.72,1178.38,179700,7
102,2019-07-16 00:00:00,1179.61,1186.6,1169.67,1180.0,201498,7
103,2019-07-17 00:00:00,1182.62,1182.62,1158.55,1160.0,221113,7
104,2019-07-18 00:00:00,1152.0,1163.1299,1123.135,1162.85,321772,7
105,2019-07-19 00:00:00,1166.27,1181.02,1161.73,1172.25,205751,7
106,2019-07-22 00:00:00,1172.48,1179.3,1166.13,1175.16,177386,7
107,2019-07-23 00:00:00,1175.29,1176.4,1157.03,1171.31,180158,7
108,2019-07-24 00:00:00,1171.3,1175.09,1162.34,1172.94,162418,7
109,2019-07-25 00:00:00,1167.44,1171.91,1142.11,1146.21,311782,7
110,2019-07-26 00:00:00,1146.0,1149.91,1142.49,1146.18,233891,7
111,2019-07-29 00:00:00,1143.14,1150.98,1139.72,1148.82,191955,7
112,2019-07-30 00:00:00,1146.78,1147.505,1139.59,1144.2,171878,7
113,2019-07-31 00:00:00,1142.42,1142.43,1108.33,1123.04,275123,7
114,2019-08-01 00:00:00,1124.17,1124.435,1094.54,1102.82,328221,8
115,2019-08-02 00:00:00,1097.34,1101.81,1086.83,1096.12,250667,8
116,2019-08-05 00:00:00,1082.35,1084.61,1054.62,1062.92,391520,8
117,2019-08-06 00:00:00,1062.59,1084.87,1054.46,1082.26,232781,8
118,2019-08-07 00:00:00,1076.8,1078.5,1057.055,1074.77,196625,8
119,2019-08-08 00:00:00,1077.66,1094.56,1077.66,1088.17,198886,8
120,2019-08-09 00:00:00,1087.13,1107.99,1084.37,1088.66,204636,8
121,2019-08-12 00:00:00,1085.46,1085.76,1065.35,1072.66,276515,8
122,2019-08-13 00:00:00,1050.0,1085.64,1032.6,1081.28,433836,8
123,2019-08-14 00:00:00,1070.06,1075.32,1058.91,1059.68,386353,8
124,2019-08-15 00:00:00,1062.48,1087.62,1053.45,1083.54,376685,8
125,2019-08-16 00:00:00,1086.22,1097.31,1080.0,1091.74,266679,8
126,2019-08-19 00:00:00,1099.71,1105.94,1088.34,1095.5,219880,8
127,2019-08-20 00:00:00,1099.35,1109.65,1090.78,1091.11,214522,8
128,2019-08-21 00:00:00,1099.28,1102.31,1084.76,1087.97,250916,8
129,2019-08-22 00:00:00,1086.04,1092.92,1074.32,1081.55,206791,8
130,2019-08-23 00:00:00,1079.44,1088.25,1062.19,1065.28,303193,8
131,2019-08-26 00:00:00,1072.1,1073.31,1059.92,1066.96,165417,8
132,2019-08-27 00:00:00,1071.48,1078.84,1061.47,1064.79,318600,8
133,2019-08-28 00:00:00,1064.0,1105.46,1060.5,1097.69,341065,8
134,2019-08-29 00:00:00,1102.81,1122.285,1101.67,1113.71,241752,8
135,2019-08-30 00:00:00,1123.84,1124.49,1095.57,1101.69,300607,8
136,2019-09-03 00:00:00,1097.97,1107.33,1087.57,1102.83,178379,9
137,2019-09-04 00:00:00,1112.23,1125.09,1100.825,1122.72,205576,9
138,2019-09-05 00:00:00,1128.01,1144.52,1128.01,1134.54,205226,9
139,2019-09-06 00:00:00,1141.65,1154.33,1137.7,1143.34,207073,9
140,2019-09-09 00:00:00,1148.92,1156.92,1122.84,1127.19,409388,9
141,2019-09-10 00:00:00,1126.68,1154.89,1116.91,1152.55,285760,9
142,2019-09-11 00:00:00,1155.22,1163.89,1135.15,1156.92,295627,9
143,2019-09-12 00:00:00,1157.7,1164.42,1126.17,1129.07,373993,9
144,2019-09-13 00:00:00,1131.75,1150.8,1129.4505,1149.26,208481,9
145,2019-09-16 00:00:00,1147.07,1150.62,1126.92,1130.66,182041,9
146,2019-09-17 00:00:00,1136.17,1162.09,1130.67,1156.0,210818,9
147,2019-09-18 00:00:00,1157.6,1168.68,1156.0,1162.53,209543,9
148,2019-09-19 00:00:00,1168.06,1180.49,1155.78,1157.79,262866,9
149,2019-09-20 00:00:00,1172.5,1174.95,1157.01,1159.37,309953,9
150,2019-09-23 00:00:00,1160.94,1167.3,1147.26,1147.26,312504,9
151,2019-09-24 00:00:00,1160.0,1164.85,1082.11,1096.63,673232,9
152,2019-09-25 00:00:00,1096.82,1100.116,1082.04,1093.06,319048,9
153,2019-09-26 00:00:00,1091.45,1094.76,1070.31,1085.69,255584,9
154,2019-09-27 00:00:00,1089.17,1093.44,1078.13,1085.65,260096,9
155,2019-09-30 00:00:00,1084.39,1093.42,1078.5,1084.62,241172,9
156,2019-10-01 00:00:00,1081.8,1090.25,1075.49,1083.67,239068,10
157,2019-10-02 00:00:00,1078.89,1078.89,1049.15,1052.86,240480,10
158,2019-10-03 00:00:00,1054.06,1055.75,1039.74,1052.33,219804,10
159,2019-10-04 00:00:00,1052.6,1060.86,1044.15,1060.33,191957,10
160,2019-10-07 00:00:00,1057.4,1069.0,1054.53,1060.81,187329,10
161,2019-10-08 00:00:00,1053.38,1060.1,1049.28,1049.5,147698,10
162,2019-10-09 00:00:00,1060.14,1063.245,1049.525,1058.55,137268,10
163,2019-10-10 00:00:00,1060.9,1079.23,1060.9,1077.23,185485,10
164,2019-10-11 00:00:00,1084.69,1095.78,1082.5,1085.97,153808,10
165,2019-10-14 00:00:00,1083.64,1089.0,1074.92,1086.64,172306,10
166,2019-10-15 00:00:00,1087.52,1111.2324,1087.52,1104.44,208200,10
167,2019-10-16 00:00:00,1104.02,1110.59,1096.92,1106.98,165784,10
168,2019-10-17 00:00:00,1107.69,1116.99,1100.875,1105.11,200773,10
169,2019-10-18 00:00:00,1107.5,1115.0,1102.55,1110.0,168238,10
170,2019-10-21 00:00:00,1112.58,1112.58,1098.615,1109.92,151120,10
171,2019-10-22 00:00:00,1110.79,1117.19,1099.01,1100.11,142442,10
172,2019-10-23 00:00:00,1100.0,1102.85,1090.775,1093.48,188331,10
173,2019-10-24 00:00:00,1110.0,1126.64,1109.69,1123.78,249123,10
174,2019-10-25 00:00:00,1122.97,1135.08,1120.45,1129.47,240012,10
175,2019-10-28 00:00:00,1129.46,1155.11,1129.46,1149.77,196642,10
176,2019-10-29 00:00:00,1148.05,1152.47,1138.86,1145.64,158009,10
177,2019-10-30 00:00:00,1142.9,1149.57,1134.155,1148.5,136587,10
178,2019-10-31 00:00:00,1143.11,1149.99,1136.145,1144.38,182083,10
179,2019-11-01 00:00:00,1148.03,1156.28,1140.65,1156.28,188251,11
180,2019-11-04 00:00:00,1164.51,1167.87,1139.29,1150.07,196978,11
181,2019-11-05 00:00:00,1150.07,1163.625,1145.7,1151.06,182911,11
182,2019-11-06 00:00:00,1152.18,1163.0,1144.12,1161.48,162186,11
183,2019-11-07 00:00:00,1166.61,1170.24,1160.11,1165.61,163162,11
184,2019-11-08 00:00:00,1166.59,1169.44,1155.9,1165.86,138782,11
185,2019-11-11 00:00:00,1163.21,1184.995,1163.21,1177.05,152836,11
186,2019-11-12 00:00:00,1161.89,1173.0,1156.165,1166.97,208916,11
187,2019-11-13 00:00:00,1161.57,1175.36,1154.145,1174.76,180377,11
188,2019-11-14 00:00:00,1168.59,1176.72,1167.01,1174.9,109216,11
189,2019-11-15 00:00:00,1175.81,1175.81,1161.39,1171.88,227903,11
190,2019-11-18 00:00:00,1172.01,1187.92,1166.17,1187.65,202045,11
191,2019-11-19 00:00:00,1186.08,1188.015,1165.78,1173.98,173379,11
192,2019-11-20 00:00:00,1172.8,1172.8,1152.01,1159.65,130391,11
193,2019-11-21 00:00:00,1164.66,1171.96,1157.02,1162.45,155702,11
194,2019-11-22 00:00:00,1159.3,1170.98,1157.88,1163.87,127092,11
195,2019-11-25 00:00:00,1167.25,1175.84,1166.34,1167.95,138039,11
196,2019-11-26 00:00:00,1169.13,1181.54,1167.745,1177.79,290252,11
197,2019-11-27 00:00:00,1177.55,1183.73,1175.57,1182.88,171911,11
198,2019-11-29 00:00:00,1184.99,1188.18,1176.28,1177.92,99213,11
199,2019-12-02 00:00:00,1181.54,1181.54,1169.24,1177.65,172756,12
200,2019-12-03 00:00:00,1171.0,1171.0,1144.567,1152.3,268714,12
201,2019-12-04 00:00:00,1152.01,1169.97,1150.07,1163.09,224643,12
202,2019-12-05 00:00:00,1164.69,1168.66,1157.7575,1162.66,280093,12
203,2019-12-06 00:00:00,1167.0,1181.78,1166.44,1172.66,215909,12
204,2019-12-09 00:00:00,1175.65,1186.36,1167.4736,1169.0,264654,12
205,2019-12-10 00:00:00,1240.0,1274.4075,1225.23,1250.0,606720,12
206,2019-12-11 00:00:00,1266.56,1268.99,1231.96,1244.83,385140,12
207,2019-12-12 00:00:00,1239.17,1253.5636,1227.69,1230.92,302959,12
208,2019-12-13 00:00:00,1242.34,1242.34,1225.46,1235.32,189660,12
209,2019-12-16 00:00:00,1234.0,1235.92,1221.43,1225.22,292061,12
210,2019-12-17 00:00:00,1232.15,1235.0,1220.1,1221.83,207662,12
211,2019-12-18 00:00:00,1222.27,1229.29,1214.26,1228.05,237521,12
212,2019-12-19 00:00:00,1222.16,1225.56,1212.47,1219.08,246545,12
213,2019-12-20 00:00:00,1228.48,1228.48,1219.28,1226.74,379667,12
214,2019-12-23 00:00:00,1225.42,1226.7362,1213.85,1213.87,180201,12
215,2019-12-24 00:00:00,1213.4,1224.09,1213.4,1219.31,77224,12
216,2019-12-26 00:00:00,1217.26,1220.38,1209.44,1210.72,147940,12
217,2019-12-27 00:00:00,1211.97,1213.3272,1200.23,1202.59,141392,12
218,2019-12-30 00:00:00,1205.83,1205.83,1179.51,1183.25,204010,12
219,2019-12-31 00:00:00,1184.22,1193.49,1182.77,1191.31,192374,12
220,2020-01-02 00:00:00,1194.86,1197.58,1179.61,1189.74,214068,1
221,2020-01-03 00:00:00,1175.74,1190.305,1175.74,1187.98,191740,1
222,2020-01-06 00:00:00,1167.01,1177.74,1147.14,1165.71,301824,1
223,2020-01-07 00:00:00,1160.67,1168.13,1141.39,1145.38,276597,1
224,2020-01-08 00:00:00,1141.63,1157.42,1138.18,1147.49,209873,1
225,2020-01-09 00:00:00,1152.07,1154.11,1144.15,1145.39,206882,1
226,2020-01-10 00:00:00,1151.0,1151.0,1130.54,1132.22,210063,1
227,2020-01-13 00:00:00,1128.98,1134.04,1118.79,1128.37,221648,1
228,2020-01-14 00:00:00,1125.43,1136.965,1115.47,1136.6,334328,1
229,2020-01-15 00:00:00,1129.83,1148.69,1129.83,1134.29,187811,1
230,2020-01-16 00:00:00,1143.94,1147.08,1136.345,1142.12,197969,1
231,2020-01-17 00:00:00,1144.53,1155.47,1140.0,1154.58,320618,1
232,2020-01-21 00:00:00,1152.1,1165.01,1149.36,1155.0,302236,1
233,2020-01-22 00:00:00,1155.77,1162.89,1146.09,1157.33,228321,1
234,2020-01-23 00:00:00,1151.56,1168.3,1149.0,1166.0,251774,1
235,2020-01-24 00:00:00,1166.35,1167.16,1136.78,1140.23,253324,1
236,2020-01-27 00:00:00,1123.22,1127.66,1112.695,1114.49,213552,1
237,2020-01-28 00:00:00,1116.63,1119.0,1104.13,1107.58,208502,1
238,2020-01-29 00:00:00,1108.2,1118.23,1096.08,1096.51,182284,1
239,2020-01-30 00:00:00,1089.75,1092.625,1079.915,1086.58,328188,1
240,2020-01-31 00:00:00,1080.92,1094.53,1056.11,1057.96,312972,1
241,2020-02-03 00:00:00,1062.13,1069.32,1050.17,1050.45,263993,2
242,2020-02-04 00:00:00,1058.16,1063.96,1042.92,1050.21,281299,2
243,2020-02-05 00:00:00,1056.34,1077.02,1050.735,1073.25,303297,2
244,2020-02-06 00:00:00,1075.26,1081.84,1061.69,1062.31,279579,2
245,2020-02-07 00:00:00,1057.06,1066.79,1047.865,1058.91,219322,2
246,2020-02-10 00:00:00,1061.24,1066.65,1052.29,1053.72,193307,2
247,2020-02-11 00:00:00,1052.37,1056.2,1048.51,1051.22,166157,2
248,2020-02-12 00:00:00,1054.64,1066.4,1048.09,1063.57,191069,2
249,2020-02-13 00:00:00,1057.69,1071.85,1057.69,1066.55,241221,2
250,2020-02-14 00:00:00,1068.24,1073.58,1047.425,1053.21,199659,2
251,2020-02-18 00:00:00,1075.0,1079.32,1066.36,1073.85,249436,2
252,2020-02-19 00:00:00,1074.91,1077.0,1066.06,1066.79,167191,2
253,2020-02-20 00:00:00,1065.49,1085.85,1065.49,1082.52,219772,2
254,2020-02-21 00:00:00,1077.17,1082.4136,1062.6533,1068.03,216612,2
255,2020-02-24 00:00:00,1051.9,1062.99,1043.0,1056.64,336332,2
256,2020-02-25 00:00:00,1059.73,1063.34,1031.38,1032.69,309025,2
257,2020-02-26 00:00:00,1039.54,1045.2689,1010.77,1014.06,296897,2
258,2020-02-27 00:00:00,998.9,1033.5,994.5458,1004.98,327155,2
259,2020-02-28 00:00:00,983.09,1037.05,977.06,1032.51,600272,2
260,2020-03-02 00:00:00,1042.0,1051.29,1013.34,1046.89,491136,3
261,2020-03-03 00:00:00,1003.99,1082.3,997.89,1024.71,834804,3
262,2020-03-04 00:00:00,1040.0,1063.25,1008.67,1058.24,503496,3
263,2020-03-05 00:00:00,1037.72,1043.25,1006.62,1029.87,349369,3
264,2020-03-06 00:00:00,1008.5,1066.71,1002.03,1060.31,377549,3
265,2020-03-09 00:00:00,1013.58,1126.0,1011.77,1113.69,579098,3
266,2020-03-10 00:00:00,1137.58,1166.205,1112.4,1148.3,618413,3
267,2020-03-11 00:00:00,1133.47,1133.47,1073.13,1089.03,427704,3
268,2020-03-12 00:00:00,1040.13,1045.8,976.9,978.19,426573,3
269,2020-03-13 00:00:00,1020.66,1020.66,939.635,1012.73,462038,3
270,2020-03-16 00:00:00,910.0,945.15,840.91,851.33,435148,3
271,2020-03-17 00:00:00,870.51,927.02,846.68,913.92,441858,3
272,2020-03-18 00:00:00,867.0,873.7543,756.03,808.5,425586,3
273,2020-03-19 00:00:00,799.47,834.78,730.0,827.29,464708,3
274,2020-03-20 00:00:00,830.25,831.65,720.88,728.13,486964,3
275,2020-03-23 00:00:00,711.65,741.865,684.91,723.22,438422,3
276,2020-03-24 00:00:00,755.64,824.99,751.85,808.43,419301,3
277,2020-03-25 00:00:00,821.36,884.06,805.24,844.43,362684,3
278,2020-03-26 00:00:00,870.18,895.42,857.03,884.99,364701,3
279,2020-03-27 00:00:00,852.27,882.1252,827.5,851.63,253717,3
280,2020-03-30 00:00:00,834.9,883.64,832.92,873.99,267770,3
281,2020-03-31 00:00:00,861.07,878.03,835.36,846.0,511651,3
282,2020-04-01 00:00:00,809.78,834.18,774.91,776.86,417239,4
283,2020-04-02 00:00:00,776.86,797.13,757.1842,794.65,360543,4
284,2020-04-03 00:00:00,783.49,793.98,764.44,790.56,363562,4
285,2020-04-06 00:00:00,829.85,892.35,811.01,875.1,628558,4
286,2020-04-07 00:00:00,933.43,937.58,874.3,899.64,459781,4
287,2020-04-08 00:00:00,893.57,944.52,891.19,915.22,305314,4
288,2020-04-09 00:00:00,940.0,963.72,924.0,940.83,289880,4
289,2020-04-13 00:00:00,940.0,950.0,906.38,942.19,221526,4
290,2020-04-14 00:00:00,953.04,990.0,945.08,977.14,270913,4
291,2020-04-15 00:00:00,934.26,967.93,932.0,932.66,258657,4
292,2020-04-16 00:00:00,944.85,997.93,937.21,978.52,486200,4
293,2020-04-17 00:00:00,1006.14,1026.05,965.25,991.8,287264,4
294,2020-04-20 00:00:00,994.44,1001.91,972.93,988.15,188667,4
295,2020-04-21 00:00:00,975.0,990.0,973.06,978.85,198671,4
296,2020-04-22 00:00:00,988.68,1004.99,980.01,999.55,223895,4
297,2020-04-23 00:00:00,1012.32,1024.0,1005.02,1005.71,262092,4
298,2020-04-24 00:00:00,1017.64,1050.57,1008.59,1047.04,201538,4
299,2020-04-27 00:00:00,1054.76,1067.27,1049.31,1060.52,179718,4
300,2020-04-28 00:00:00,1063.77,1080.0,1051.8,1055.45,210280,4
301,2020-04-29 00:00:00,1078.0,1082.31,1051.27,1054.15,235498,4
302,2020-04-30 00:00:00,1040.84,1049.795,1017.95,1020.32,329640,4
303,2020-05-01 00:00:00,1001.05,1017.41,984.0,994.45,252326,5
304,2020-05-04 00:00:00,985.71,1023.13,982.3001,1009.94,228360,5
305,2020-05-05 00:00:00,1021.52,1032.14,1014.88,1023.16,229832,5
306,2020-05-06 00:00:00,1029.09,1049.3,1007.917,1032.36,193611,5
307,2020-05-07 00:00:00,1042.56,1063.76,1007.17,1012.16,350350,5
308,2020-05-08 00:00:00,1032.34,1059.693,1017.26,1057.9,204881,5
309,2020-05-11 00:00:00,1051.39,1062.8,1036.495,1053.88,316755,5
310,2020-05-12 00:00:00,1061.0,1068.99,1044.635,1046.58,276991,5
311,2020-05-13 00:00:00,1048.76,1058.02,1024.24,1044.1,319108,5
312,2020-05-14 00:00:00,1029.69,1061.65,1023.06,1055.58,231174,5
313,2020-05-15 00:00:00,1049.25,1083.06,1049.25,1074.98,239274,5
314,2020-05-18 00:00:00,1097.51,1124.08,1083.0,1083.0,315280,5
315,2020-05-19 00:00:00,1117.67,1117.67,1091.83,1104.41,291681,5
316,2020-05-20 00:00:00,1116.37,1142.99,1105.02,1113.01,319405,5
317,2020-05-21 00:00:00,1111.83,1113.2483,1094.76,1104.47,188382,5
318,2020-05-22 00:00:00,1106.69,1124.94,1088.13,1122.94,247671,5
319,2020-05-26 00:00:00,1167.57,1178.19,1115.0,1123.2,534102,5
320,2020-05-27 00:00:00,1140.0,1165.67,1110.01,1164.42,328457,5
321,2020-05-28 00:00:00,1171.4,1171.4,1138.42,1147.55,289742,5
322,2020-05-29 00:00:00,1141.28,1160.0,1137.195,1147.86,331629,5
323,2020-06-01 00:00:00,1145.48,1153.24,1135.65,1138.2,177844,6
324,2020-06-02 00:00:00,1138.76,1140.015,1120.0,1125.99,292190,6
325,2020-06-03 00:00:00,1127.39,1165.05,1127.39,1150.46,184697,6
326,2020-06-04 00:00:00,1141.34,1149.62,1124.24,1134.8,341821,6
327,2020-06-05 00:00:00,1155.22,1157.98,1133.7,1153.93,216586,6
328,2020-06-08 00:00:00,1140.45,1163.38,1136.15,1143.8,185303,6
329,2020-06-09 00:00:00,1138.19,1150.22,1131.785,1144.76,183082,6
330,2020-06-10 00:00:00,1144.02,1150.48,1122.0,1126.88,211810,6
331,2020-06-11 00:00:00,1109.17,1127.26,1090.97,1095.7,279011,6
332,2020-06-12 00:00:00,1119.0,1119.0,1082.02,1100.51,286278,6
333,2020-06-15 00:00:00,1077.41,1124.445,1074.45,1118.66,219729,6
334,2020-06-16 00:00:00,1145.28,1160.0,1121.84,1139.7,293644,6
335,2020-06-17 00:00:00,1144.98,1156.27,1129.945,1147.36,248827,6
336,2020-06-18 00:00:00,1140.85,1148.08,1128.19,1140.06,239649,6
337,2020-06-19 00:00:00,1159.37,1159.37,1121.74,1130.6,342522,6
338,2020-06-22 00:00:00,1130.0,1146.67,1120.02,1139.68,220337,6
339,2020-06-23 00:00:00,1144.66,1149.165,1133.315,1135.02,174522,6
340,2020-06-24 00:00:00,1129.01,1129.01,1098.82,1100.21,230411,6
341,2020-06-25 00:00:00,1096.71,1108.1,1081.54,1103.3,169849,6
342,2020-06-26 00:00:00,1099.9,1111.2,1097.86,1104.93,336758,6
343,2020-06-29 00:00:00,1116.13,1129.71,1098.7275,1127.92,200501,6
344,2020-06-30 00:00:00,1128.1,1135.8,1111.58,1128.12,176228,6
345,2020-07-01 00:00:00,1125.22,1139.0,1108.0,1130.48,252458,7
346,2020-07-02 00:00:00,1139.82,1152.96,1135.35,1148.97,251294,7
347,2020-07-06 00:00:00,1157.57,1160.0,1133.62,1137.38,232060,7
348,2020-07-07 00:00:00,1137.3,1145.21,1127.45,1128.58,139990,7
349,2020-07-08 00:00:00,1127.49,1130.85,1104.01,1117.98,158736,7
350,2020-07-09 00:00:00,1116.32,1116.32,1095.0,1107.76,119690,7
351,2020-07-10 00:00:00,1106.21,1114.63,1090.12,1113.59,161085,7
352,2020-07-13 00:00:00,1119.99,1131.59,1106.3,1108.33,163757,7
353,2020-07-14 00:00:00,1108.21,1137.62,1107.33,1133.37,219268,7
354,2020-07-15 00:00:00,1145.96,1156.16,1141.5,1149.23,297160,7
355,2020-07-16 00:00:00,1150.07,1158.03,1147.55,1149.32,154799,7
356,2020-07-17 00:00:00,1156.85,1158.69,1136.115,1157.3,144437,7
357,2020-07-20 00:00:00,1157.38,1163.8,1145.37,1156.12,114971,7
358,2020-07-21 00:00:00,1153.74,1164.165,1146.12,1155.77,145715,7
359,2020-07-22 00:00:00,1159.9,1175.97,1159.9,1168.98,213011,7
360,2020-07-23 00:00:00,1178.03,1179.41,1159.965,1168.46,163104,7
361,2020-07-24 00:00:00,1168.29,1178.5499,1162.05,1168.59,137141,7
362,2020-07-27 00:00:00,1169.15,1179.78,1162.085,1170.8,229748,7
363,2020-07-28 00:00:00,1171.08,1180.0,1164.77,1166.15,142994,7
364,2020-07-29 00:00:00,1169.87,1185.1,1163.995,1179.55,188435,7
365,2020-07-30 00:00:00,1193.93,1230.54,1193.93,1209.75,255333,7
366,2020-07-31 00:00:00,1210.58,1210.58,1190.217,1207.42,182883,7
367,2020-08-03 00:00:00,1212.69,1217.25,1199.81,1206.9,159442,8
368,2020-08-04 00:00:00,1203.73,1224.95,1191.72,1206.04,133636,8
369,2020-08-05 00:00:00,1209.31,1209.35,1192.61,1192.61,237006,8
370,2020-08-06 00:00:00,1181.7,1194.97,1177.42,1178.37,162237,8
371,2020-08-07 00:00:00,1178.37,1184.95,1170.22,1182.22,204436,8
372,2020-08-10 00:00:00,1185.26,1186.88,1169.135,1174.72,129348,8
373,2020-08-11 00:00:00,1179.2,1182.8699,1160.78,1171.56,163626,8
374,2020-08-12 00:00:00,1176.85,1193.79,1174.45,1188.37,167646,8
375,2020-08-13 00:00:00,1183.36,1190.92,1177.31,1187.14,105758,8
376,2020-08-14 00:00:00,1190.07,1207.18,1190.0,1196.05,125056,8
377,2020-08-17 00:00:00,1199.01,1210.65,1198.65,1207.75,237632,8
378,2020-08-18 00:00:00,1215.7,1227.27,1203.66,1211.81,253347,8
379,2020-08-19 00:00:00,1213.57,1221.48,1200.355,1210.0,132251,8
380,2020-08-20 00:00:00,1204.86,1213.23,1196.3325,1203.5,121450,8
381,2020-08-21 00:00:00,1206.07,1211.31,1200.94,1209.07,147246,8
382,2020-08-24 00:00:00,1211.61,1219.13,1201.45,1209.93,144158,8
383,2020-08-25 00:00:00,1209.93,1213.98,1188.435,1201.66,134305,8
384,2020-08-26 00:00:00,1198.43,1208.48,1188.695,1198.01,153640,8
385,2020-08-27 00:00:00,1203.17,1204.46,1193.8,1195.89,136720,8
386,2020-08-28 00:00:00,1193.11,1199.715,1178.79,1189.12,153639,8
387,2020-08-31 00:00:00,1188.68,1200.85,1175.915,1196.31,226960,8
388,2020-09-01 00:00:00,1198.35,1223.475,1193.9,1222.43,227301,9
389,2020-09-02 00:00:00,1227.64,1267.93,1225.62,1250.35,219059,9
390,2020-09-03 00:00:00,1245.07,1246.89,1205.15,1215.7,167282,9
391,2020-09-04 00:00:00,1216.55,1222.18,1194.65,1206.79,158936,9
392,2020-09-08 00:00:00,1204.78,1224.3,1196.43,1211.49,161021,9
393,2020-09-09 00:00:00,1216.98,1247.16,1212.76,1233.0,200874,9
394,2020-09-10 00:00:00,1235.68,1238.13,1208.55,1216.04,173597,9
395,2020-09-11 00:00:00,1222.66,1240.89,1216.72,1234.45,151365,9
396,2020-09-14 00:00:00,1248.96,1251.81,1232.25,1241.66,165282,9
397,2020-09-15 00:00:00,1247.73,1251.31,1239.895,1242.95,111641,9
398,2020-09-16 00:00:00,1250.56,1251.26,1225.91,1229.23,202465,9
399,2020-09-17 00:00:00,1229.0,1230.0,1214.49,1224.12,179436,9
400,2020-09-18 00:00:00,1214.81,1224.04,1188.475,1205.28,384089,9
401,2020-09-21 00:00:00,1196.26,1197.025,1164.8,1186.01,344417,9
402,2020-09-22 00:00:00,1224.17,1236.005,1155.0,1166.71,540849,9
403,2020-09-23 00:00:00,1174.44,1174.44,1128.01,1128.95,430609,9
404,2020-09-24 00:00:00,1129.11,1145.34,1108.62,1129.63,254172,9
405,2020-09-25 00:00:00,1121.76,1146.645,1120.55,1135.02,203225,9
406,2020-09-28 00:00:00,1145.48,1162.5,1140.35,1155.56,214593,9
407,2020-09-29 00:00:00,1150.78,1167.06,1146.0001,1154.92,177421,9
408,2020-09-30 00:00:00,1153.64,1183.575,1153.64,1177.64,256463,9
409,2020-10-01 00:00:00,1181.06,1192.95,1168.19,1181.72,224594,10
410,2020-10-02 00:00:00,1169.81,1183.76,1158.86,1176.99,138835,10
411,2020-10-05 00:00:00,1174.17,1191.76,1174.17,1178.27,162841,10
412,2020-10-06 00:00:00,1180.75,1182.84,1132.12,1138.53,252769,10
413,2020-10-07 00:00:00,1146.46,1155.3415,1136.0,1139.99,192681,10
414,2020-10-08 00:00:00,1146.11,1157.48,1145.92,1150.0,152070,10
415,2020-10-09 00:00:00,1156.65,1156.65,1137.08,1137.74,160973,10
416,2020-10-12 00:00:00,1142.62,1158.72,1129.775,1144.06,220393,10
417,2020-10-13 00:00:00,1142.21,1170.99,1142.21,1164.59,151308,10
418,2020-10-14 00:00:00,1192.55,1196.755,1163.375,1169.03,195757,10
419,2020-10-15 00:00:00,1160.0,1199.25,1154.28,1193.26,203689,10
420,2020-10-16 00:00:00,1192.44,1206.445,1184.5,1193.38,256649,10
421,2020-10-19 00:00:00,1194.53,1199.98,1174.325,1176.42,157928,10
422,2020-10-20 00:00:00,1177.59,1196.5,1176.72,1178.62,197557,10
423,2020-10-21 00:00:00,1179.77,1192.465,1174.5501,1178.12,151179,10
424,2020-10-22 00:00:00,1176.47,1185.0,1168.0,1175.55,152088,10
425,2020-10-23 00:00:00,1180.51,1187.0999,1161.465,1183.16,149883,10
426,2020-10-26 00:00:00,1168.75,1169.4534,1141.785,1152.0,149728,10
427,2020-10-27 00:00:00,1155.36,1156.745,1132.3,1133.59,180384,10
428,2020-10-28 00:00:00,1119.83,1138.665,1112.125,1128.85,242586,10
429,2020-10-29 00:00:00,1128.5,1142.65,1118.49,1129.76,275147,10
430,2020-10-30 00:00:00,1128.02,1135.44,1115.355,1128.98,199214,10
431,2020-11-02 00:00:00,1138.55,1160.8904,1123.96,1141.15,244065,11
432,2020-11-03 00:00:00,1147.25,1172.44,1127.41,1164.65,291538,11
433,2020-11-04 00:00:00,1168.1,1184.29,1153.71,1154.02,383277,11
434,2020-11-05 00:00:00,1170.11,1174.4,1145.94,1149.51,307144,11
435,2020-11-06 00:00:00,1153.46,1162.61,1137.74,1158.53,246500,11
436,2020-11-09 00:00:00,1182.84,1204.4,1150.96,1151.39,351445,11
437,2020-11-10 00:00:00,1151.27,1181.91,1150.05,1170.41,358379,11
438,2020-11-11 00:00:00,1182.13,1189.16,1171.65,1181.83,319667,11
439,2020-11-12 00:00:00,1179.83,1185.2,1152.06,1159.73,185048,11
440,2020-11-13 00:00:00,1160.92,1167.85,1145.9,1155.8,192112,11
441,2020-11-16 00:00:00,1164.28,1164.28,1137.57,1146.02,348081,11
442,2020-11-17 00:00:00,1135.8,1135.8463,1111.69,1124.21,295013,11
443,2020-11-18 00:00:00,1118.78,1151.24,1118.78,1131.65,184521,11
444,2020-11-19 00:00:00,1129.32,1136.985,1114.675,1133.76,245855,11
445,2020-11-20 00:00:00,1133.5,1137.54,1112.01,1114.2,191784,11
446,2020-11-23 00:00:00,1114.07,1123.62,1106.745,1113.41,238671,11
447,2020-11-24 00:00:00,1123.44,1152.31,1112.48,1135.79,249265,11
448,2020-11-25 00:00:00,1137.39,1141.23,1120.55,1129.6,195188,11
449,2020-11-27 00:00:00,1127.54,1141.34,1118.28,1119.24,109731,11
450,2020-11-30 00:00:00,1114.81,1141.98,1106.615,1137.65,274202,11
451,2020-12-01 00:00:00,1148.23,1170.82,1140.33,1164.84,262417,12
452,2020-12-02 00:00:00,1157.95,1158.88,1130.33,1152.22,284777,12
453,2020-12-03 00:00:00,1147.08,1160.41,1144.0,1154.01,183203,12
454,2020-12-04 00:00:00,1150.88,1165.0046,1150.7925,1162.63,209631,12
455,2020-12-07 00:00:00,1169.9,1172.58,1141.63,1157.18,406791,12
456,2020-12-08 00:00:00,1128.0,1138.0,1085.85,1095.99,792071,12
457,2020-12-09 00:00:00,1107.17,1146.4,1098.69,1136.67,713683,12
458,2020-12-10 00:00:00,1127.57,1147.84,1122.47,1137.85,336809,12
459,2020-12-11 00:00:00,1146.11,1163.1,1137.0,1155.3,333744,12
460,2020-12-14 00:00:00,1159.63,1182.41,1142.74,1151.13,348299,12
461,2020-12-15 00:00:00,1157.33,1182.4394,1150.14,1179.37,351318,12
462,2020-12-16 00:00:00,1186.25,1210.15,1180.61,1190.5,333174,12
463,2020-12-17 00:00:00,1196.51,1208.13,1172.45,1180.89,317053,12
464,2020-12-18 00:00:00,1180.68,1190.17,1174.78,1181.9,464201,12
465,2020-12-21 00:00:00,1177.17,1196.185,1166.21,1192.91,252788,12
466,2020-12-22 00:00:00,1192.04,1196.06,1177.65,1190.19,206123,12
467,2020-12-23 00:00:00,1187.72,1205.6399,1179.55,1192.99,181440,12
468,2020-12-24 00:00:00,1195.94,1208.01,1187.13,1204.22,82345,12
469,2020-12-28 00:00:00,1210.48,1220.98,1186.73,1192.62,215588,12
470,2020-12-29 00:00:00,1192.36,1197.37,1172.41,1177.12,214767,12
471,2020-12-30 00:00:00,1177.61,1188.305,1175.29,1175.87,147038,12
472,2020-12-31 00:00:00,1173.58,1187.47,1169.01,1185.44,169523,12
473,2021-01-04 00:00:00,1183.56,1190.9,1166.6401,1180.4,279723,1
474,2021-01-05 00:00:00,1175.84,1188.45,1164.16,1180.35,186709,1
475,2021-01-06 00:00:00,1175.34,1231.765,1175.34,1229.7,271036,1
476,2021-01-07 00:00:00,1228.27,1249.02,1218.72,1246.04,217413,1
477,2021-01-08 00:00:00,1248.76,1257.53,1240.88,1252.92,210604,1
478,2021-01-11 00:00:00,1248.59,1269.33,1246.72,1265.46,209310,1
479,2021-01-12 00:00:00,1265.84,1297.82,1264.5,1282.15,257684,1
480,2021-01-13 00:00:00,1276.96,1279.07,1253.18,1259.44,238928,1
481,2021-01-14 00:00:00,1265.88,1266.54,1242.34,1248.02,185352,1
482,2021-01-15 00:00:00,1242.97,1249.36,1238.13,1248.33,267266,1
483,2021-01-19 00:00:00,1248.0,1251.73,1230.19,1238.29,233595,1
484,2021-01-20 00:00:00,1239.17,1244.535,1226.24,1239.98,170257,1
485,2021-01-21 00:00:00,1239.34,1251.365,1236.345,1246.41,205883,1
486,2021-01-22 00:00:00,1241.39,1241.39,1225.37,1227.16,181884,1
487,2021-01-25 00:00:00,1227.0,1227.01,1179.79,1196.04,324163,1
488,2021-01-26 00:00:00,1200.26,1203.045,1177.0,1194.55,252720,1
489,2021-01-27 00:00:00,1184.75,1189.56,1116.0,1137.21,556943,1
490,2021-01-28 00:00:00,1137.29,1162.21,1133.18,1146.64,403697,1
491,2021-01-29 00:00:00,1145.0,1147.03,1111.71,1118.37,350436,1
492,2021-02-01 00:00:00,1125.0,1168.48,1122.24,1159.33,294796,2
493,2021-02-02 00:00:00,1160.16,1206.21,1160.16,1193.67,243732,2
494,2021-02-03 00:00:00,1187.84,1203.395,1181.01,1194.6,162018,2
495,2021-02-04 00:00:00,1200.0,1224.89,1198.81,1220.39,208427,2
496,2021-02-05 00:00:00,1230.51,1232.83,1215.39,1220.43,232158,2
497,2021-02-08 00:00:00,1220.43,1234.27,1219.71,1224.95,162675,2
498,2021-02-09 00:00:00,1224.6,1237.89,1217.3911,1224.32,199234,2
499,2021-02-10 00:00:00,1235.16,1235.24,1211.14,1212.67,206126,2
500,2021-02-11 00:00:00,1210.97,1218.21,1139.18,1150.42,367130,2
501,2021-02-12 00:00:00,1151.12,1166.33,1143.33,1146.65,192425,2
502,2021-02-16 00:00:00,1143.0,1181.65,1143.0,1173.32,226951,2
503,2021-02-17 00:00:00,1165.37,1200.47,1165.37,1192.97,187379,2
504,2021-02-18 00:00:00,1190.45,1217.68,1185.37,1211.29,188861,2
505,2021-02-19 00:00:00,1212.34,1222.5,1198.314,1205.73,212051,2
506,2021-02-22 00:00:00,1207.47,1207.47,1183.8,1188.59,262465,2
507,2021-02-23 00:00:00,1195.31,1197.22,1175.105,1185.19,222407,2
508,2021-02-24 00:00:00,1182.23,1194.02,1168.0602,1189.86,219720,2
509,2021-02-25 00:00:00,1185.62,1199.88,1155.67,1160.57,302554,2
510,2021-02-26 00:00:00,1170.04,1184.0,1159.45,1159.92,355417,2
511,2021-03-01 00:00:00,1173.8,1180.95,1164.41,1169.39,341681,3
512,2021-03-02 00:00:00,1184.9,1200.0,1146.95,1180.0,382905,3
513,2021-03-03 00:00:00,1184.01,1191.68,1150.76,1179.74,352651,3
514,2021-03-04 00:00:00,1178.2,1189.19,1145.155,1168.44,315739,3
515,2021-03-05 00:00:00,1174.68,1225.69,1168.0,1220.25,272398,3
516,2021-03-08 00:00:00,1220.0,1251.75,1220.0,1241.11,248460,3
517,2021-03-09 00:00:00,1254.63,1256.945,1222.42,1222.49,197000,3
518,2021-03-10 00:00:00,1230.56,1263.76,1213.79,1256.0,262672,3
519,2021-03-11 00:00:00,1255.98,1276.9,1246.56,1261.93,230026,3
520,2021-03-12 00:00:00,1268.04,1290.63,1266.285,1285.52,211612,3
521,2021-03-15 00:00:00,1283.44,1297.05,1274.48,1295.22,172549,3
522,2021-03-16 00:00:00,1294.54,1303.25,1279.41,1299.0,261273,3
523,2021-03-17 00:00:00,1306.3,1307.225,1285.22,1290.94,289269,3
524,2021-03-18 00:00:00,1286.92,1313.805,1286.79,1303.58,225520,3
525,2021-03-19 00:00:00,1299.26,1339.87,1293.05,1324.76,539635,3
526,2021-03-22 00:00:00,1325.95,1343.915,1325.61,1341.22,264973,3
527,2021-03-23 00:00:00,1343.06,1354.18,1322.745,1323.57,237110,3
528,2021-03-24 00:00:00,1330.56,1363.625,1329.2096,1353.49,285966,3
529,2021-03-25 00:00:00,1349.47,1378.2,1343.31,1374.41,303057,3
530,2021-03-26 00:00:00,1374.26,1424.01,1370.79,1413.73,291357,3
531,2021-03-29 00:00:00,1416.84,1440.55,1409.94,1432.28,253836,3
532,2021-03-30 00:00:00,1432.28,1446.2448,1405.28,1425.36,229213,3
533,2021-03-31 00:00:00,1429.83,1429.83,1402.202,1404.3,225466,3
534,2021-04-01 00:00:00,1407.92,1422.91,1397.2,1418.84,165907,4
535,2021-04-05 00:00:00,1425.0,1431.93,1413.06,1415.88,150521,4
536,2021-04-06 00:00:00,1410.53,1441.0,1409.04,1431.85,209116,4
537,2021-04-07 00:00:00,1438.08,1439.96,1414.23,1423.27,170090,4
538,2021-04-08 00:00:00,1421.22,1423.315,1408.12,1417.15,139247,4
539,2021-04-09 00:00:00,1422.27,1441.89,1409.73,1438.5,241488,4
540,2021-04-12 00:00:00,1439.8,1458.18,1433.49,1454.19,209922,4
541,2021-04-13 00:00:00,1454.91,1454.91,1430.5,1435.91,149092,4
542,2021-04-14 00:00:00,1437.85,1455.36,1424.1,1450.89,172286,4
543,2021-04-15 00:00:00,1451.01,1470.93,1450.72,1467.44,109071,4
544,2021-04-16 00:00:00,1475.84,1499.74,1468.8829,1495.84,243013,4
545,2021-04-19 00:00:00,1495.74,1516.59,1494.2,1504.3,151317,4
546,2021-04-20 00:00:00,1512.35,1524.98,1501.69,1514.11,163469,4
547,2021-04-21 00:00:00,1500.97,1515.87,1483.55,1486.89,202759,4
548,2021-04-22 00:00:00,1488.61,1490.73,1465.095,1478.87,183372,4
549,2021-04-23 00:00:00,1487.02,1487.02,1451.77,1471.35,178930,4
550,2021-04-26 00:00:00,1466.52,1467.001,1443.18,1443.88,171739,4
551,2021-04-27 00:00:00,1451.33,1462.16,1441.7,1455.79,189409,4
552,2021-04-28 00:00:00,1464.25,1478.85,1453.14,1460.0,172871,4
553,2021-04-29 00:00:00,1468.27,1478.5625,1452.065,1474.96,191767,4
554,2021-04-30 00:00:00,1472.45,1477.805,1463.34,1464.12,202686,4
555,2021-05-03 00:00:00,1475.6,1488.24,1467.46,1475.83,142189,5
556,2021-05-04 00:00:00,1479.86,1488.49,1469.86,1477.0,211541,5
557,2021-05-05 00:00:00,1481.01,1481.98,1454.45,1472.11,170895,5
558,2021-05-06 00:00:00,1478.0,1493.0088,1474.84,1488.85,180794,5
559,2021-05-07 00:00:00,1491.47,1510.08,1480.26,1507.2,163114,5
560,2021-05-10 00:00:00,1513.17,1542.3,1507.28,1519.62,188394,5
561,2021-05-11 00:00:00,1513.89,1516.11,1478.68,1495.13,194781,5
562,2021-05-12 00:00:00,1505.25,1519.76,1488.88,1495.88,271232,5
563,2021-05-13 00:00:00,1495.19,1541.26,1495.19,1533.76,183505,5
564,2021-05-14 00:00:00,1538.09,1539.45,1501.7,1527.58,140646,5
565,2021-05-17 00:00:00,1529.41,1540.27,1523.335,1531.89,139541,5
566,2021-05-18 00:00:00,1532.09,1538.95,1509.3,1510.87,161340,5
567,2021-05-19 00:00:00,1500.29,1502.48,1458.62,1466.82,223178,5
568,2021-05-20 00:00:00,1466.8,1488.64,1466.62,1471.77,141180,5
569,2021-05-21 00:00:00,1475.01,1487.17,1452.745,1460.26,286824,5
570,2021-05-24 00:00:00,1461.03,1472.16,1442.24,1448.4,247542,5
571,2021-05-25 00:00:00,1453.6,1455.0,1411.23,1420.56,435156,5
572,2021-05-26 00:00:00,1415.61,1419.02,1388.85,1410.0,288989,5
573,2021-05-27 00:00:00,1420.64,1425.52,1406.06,1411.22,238810,5
574,2021-05-28 00:00:00,1408.0,1422.48,1405.53,1406.6,177628,5
575,2021-06-01 00:00:00,1414.81,1415.72,1398.02,1410.85,199412,6
576,2021-06-02 00:00:00,1419.61,1419.61,1400.0,1404.67,164178,6
577,2021-06-03 00:00:00,1391.91,1401.21,1388.9,1392.2,175727,6
578,2021-06-04 00:00:00,1397.04,1397.04,1367.96,1387.21,193723,6
579,2021-06-07 00:00:00,1381.38,1394.915,1373.48,1384.65,217954,6
580,2021-06-08 00:00:00,1384.35,1399.925,1375.06,1393.13,174177,6
581,2021-06-09 00:00:00,1393.19,1394.8,1381.47,1386.85,135387,6
582,2021-06-10 00:00:00,1390.24,1392.54,1371.14,1374.53,211533,6
583,2021-06-11 00:00:00,1378.82,1395.66,1376.225,1394.61,158239,6
584,2021-06-14 00:00:00,1394.77,1399.06,1374.53,1385.99,176450,6
585,2021-06-15 00:00:00,1390.14,1404.22,1377.03,1403.04,192845,6
586,2021-06-16 00:00:00,1398.26,1402.6,1383.97,1390.47,157554,6
587,2021-06-17 00:00:00,1397.47,1397.47,1374.13,1390.9,172090,6
588,2021-06-18 00:00:00,1376.77,1398.23,1376.77,1386.28,340311,6
589,2021-06-21 00:00:00,1400.0,1419.59,1399.61,1415.6,161817,6
590,2021-06-22 00:00:00,1418.6,1440.055,1411.4,1434.5,170492,6
591,2021-06-23 00:00:00,1436.54,1449.95,1418.26,1443.03,175316,6
592,2021-06-24 00:00:00,1447.2,1459.55,1441.835,1454.55,179918,6
593,2021-06-25 00:00:00,1454.87,1486.21,1454.555,1479.27,440003,6
594,2021-06-28 00:00:00,1479.21,1498.44,1472.31,1496.16,183067,6
595,2021-06-29 00:00:00,1500.0,1503.3,1486.97,1491.7,152024,6
596,2021-06-30 00:00:00,1496.0,1504.37,1488.04,1492.22,157079,6
597,2021-07-01 00:00:00,1497.65,1528.78,1494.97,1525.73,183685,7
598,2021-07-02 00:00:00,1525.81,1551.49,1525.81,1549.45,146183,7
599,2021-07-06 00:00:00,1546.85,1554.9,1535.82,1542.25,193982,7
600,2021-07-07 00:00:00,1536.36,1552.6,1535.21,1549.29,156959,7
601,2021-07-08 00:00:00,1534.08,1546.545,1524.445,1537.48,132995,7
602,2021-07-09 00:00:00,1556.14,1566.16,1545.3,1564.53,178608,7
603,2021-07-12 00:00:00,1563.26,1585.305,1556.6,1577.55,164115,7
604,2021-07-13 00:00:00,1573.04,1579.45,1552.44,1557.36,157369,7
605,2021-07-14 00:00:00,1558.34,1582.41,1554.98,1579.97,123616,7
606,2021-07-15 00:00:00,1574.15,1599.81,1573.1345,1597.08,166269,7
607,2021-07-16 00:00:00,1600.0,1612.325,1593.49,1605.3,144951,7
608,2021-07-19 00:00:00,1606.04,1612.0,1571.48,1584.57,184949,7
609,2021-07-20 00:00:00,1587.76,1611.55,1587.76,1601.75,168929,7
610,2021-07-21 00:00:00,1602.96,1608.9799,1579.38,1591.25,142818,7
611,2021-07-22 00:00:00,1591.84,1599.9999,1580.91,1593.9,148899,7
612,2021-07-23 00:00:00,1598.0,1632.805,1591.425,1632.13,119499,7
613,2021-07-26 00:00:00,1629.88,1633.8,1614.97,1622.16,149923,7
614,2021-07-27 00:00:00,1615.02,1628.21,1600.85,1624.95,132173,7
615,2021-07-28 00:00:00,1629.48,1631.2082,1606.97,1608.6,111084,7
616,2021-07-29 00:00:00,1615.68,1633.51,1594.05,1625.91,142304,7
617,2021-07-30 00:00:00,1623.87,1631.0,1614.01,1623.57,132154,7
618,2021-08-02 00:00:00,1633.44,1638.31,1609.55,1634.01,150286,8
619,2021-08-03 00:00:00,1628.42,1666.63,1628.42,1660.11,137818,8
620,2021-08-04 00:00:00,1661.89,1663.75,1634.39,1644.9,139148,8
621,2021-08-05 00:00:00,1654.17,1658.025,1625.73,1639.61,109131,8
622,2021-08-06 00:00:00,1637.73,1646.68,1626.17,1629.85,112543,8
623,2021-08-09 00:00:00,1632.15,1636.6,1612.13,1616.74,108973,8
624,2021-08-10 00:00:00,1618.83,1643.9759,1613.79,1632.82,162966,8
625,2021-08-11 00:00:00,1634.06,1650.04,1633.3669,1637.19,103982,8
626,2021-08-12 00:00:00,1636.23,1639.23,1619.02,1630.5,130176,8
627,2021-08-13 00:00:00,1630.11,1634.635,1609.04,1612.61,118821,8
628,2021-08-16 00:00:00,1610.0,1635.64,1607.13,1633.07,140977,8
629,2021-08-17 00:00:00,1627.46,1630.0,1599.71,1616.47,133451,8
630,2021-08-18 00:00:00,1614.85,1632.32,1607.39,1613.8,114774,8
631,2021-08-19 00:00:00,1601.57,1641.277,1600.0001,1632.64,106794,8
632,2021-08-20 00:00:00,1637.41,1653.87,1630.99,1640.76,154582,8
633,2021-08-23 00:00:00,1643.59,1656.29,1617.45,1622.98,120312,8
634,2021-08-24 00:00:00,1615.97,1624.29,1594.71,1599.98,150326,8
635,2021-08-25 00:00:00,1597.42,1617.215,1588.735,1613.41,123335,8
636,2021-08-26 00:00:00,1607.94,1607.94,1586.79,1588.9,151104,8
637,2021-08-27 00:00:00,1578.59,1578.59,1544.31,1548.49,231367,8
638,2021-08-30 00:00:00,1555.75,1562.88,1544.01,1555.71,166699,8
639,2021-08-31 00:00:00,1551.02,1559.9499,1540.41,1549.15,250950,8
640,2021-09-01 00:00:00,1553.09,1553.58,1530.02,1540.09,207214,9
641,2021-09-02 00:00:00,1538.56,1545.6,1503.3,1520.65,213248,9
642,2021-09-03 00:00:00,1516.38,1540.335,1508.86,1537.25,149610,9
643,2021-09-07 00:00:00,1529.99,1545.38,1522.96,1526.22,133038,9
644,2021-09-08 00:00:00,1529.19,1558.06,1521.006,1556.35,152207,9
645,2021-09-09 00:00:00,1557.23,1564.7,1547.3225,1551.89,119284,9
646,2021-09-10 00:00:00,1557.92,1567.37,1548.85,1550.56,117305,9
647,2021-09-13 00:00:00,1548.63,1561.2,1540.98,1553.1,180569,9
648,2021-09-14 00:00:00,1563.64,1565.96,1550.605,1563.77,165661,9
649,2021-09-15 00:00:00,1568.52,1597.88,1552.645,1596.72,156231,9
650,2021-09-16 00:00:00,1605.45,1616.165,1591.051,1607.42,135824,9
651,2021-09-17 00:00:00,1602.66,1619.81,1592.58,1592.88,263158,9
652,2021-09-20 00:00:00,1583.62,1597.6299,1559.43,1585.16,221302,9
653,2021-09-21 00:00:00,1616.0,1660.0,1605.97,1643.07,287742,9
654,2021-09-22 00:00:00,1655.0,1694.27,1642.0501,1683.76,238882,9
655,2021-09-23 00:00:00,1692.39,1704.02,1675.0,1687.79,210191,9
656,2021-09-24 00:00:00,1660.0,1703.0,1660.0,1694.83,218489,9
657,2021-09-27 00:00:00,1692.4,1702.55,1678.505,1691.33,160547,9
658,2021-09-28 00:00:00,1694.1,1701.345,1668.92,1688.57,153402,9
659,2021-09-29 00:00:00,1697.6,1738.78,1688.765,1737.0,228612,9
660,2021-09-30 00:00:00,1727.34,1734.005,1679.21,1697.99,328981,9
661,2021-10-01 00:00:00,1706.77,1706.77,1657.46,1672.28,200602,10
662,2021-10-04 00:00:00,1663.44,1676.735,1634.34,1642.51,190211,10
663,2021-10-05 00:00:00,1655.03,1673.27,1639.12,1651.22,169914,10
664,2021-10-06 00:00:00,1660.19,1679.9225,1647.29,1663.81,205261,10
665,2021-10-07 00:00:00,1662.28,1690.82,1654.27,1683.73,158041,10
666,2021-10-08 00:00:00,1681.08,1699.3,1666.71,1681.37,126749,10
667,2021-10-11 00:00:00,1680.19,1697.47,1674.03,1674.08,109775,10
668,2021-10-12 00:00:00,1677.31,1679.82,1657.225,1677.29,124794,10
669,2021-10-13 00:00:00,1675.25,1687.99,1649.59,1683.08,140803,10
670,2021-10-14 00:00:00,1689.43,1719.97,1685.98,1717.55,147767,10
671,2021-10-15 00:00:00,1731.96,1741.91,1722.43,1736.03,177277,10
672,2021-10-18 00:00:00,1733.43,1767.88,1730.35,1758.49,237950,10
673,2021-10-19 00:00:00,1758.33,1777.92,1753.72,1764.21,174825,10
674,2021-10-20 00:00:00,1771.27,1791.97,1763.655,1769.05,191511,10
675,2021-10-21 00:00:00,1781.5,1815.57,1780.72,1807.68,185237,10
676,2021-10-22 00:00:00,1811.23,1840.55,1793.5,1832.89,175232,10
677,2021-10-25 00:00:00,1839.21,1844.99,1812.23,1821.09,142482,10
678,2021-10-26 00:00:00,1828.3,1833.0,1812.1,1826.0,138954,10
679,2021-10-27 00:00:00,1824.88,1837.54,1817.84,1825.86,138189,10
680,2021-10-28 00:00:00,1825.27,1831.385,1775.45,1780.1,203702,10
681,2021-10-29 00:00:00,1779.73,1796.92,1772.035,1784.84,232311,10
682,2021-11-01 00:00:00,1794.05,1801.0,1767.52,1779.44,177025,11
683,2021-11-02 00:00:00,1785.28,1802.95,1779.0,1788.15,180923,11
684,2021-11-03 00:00:00,1791.27,1799.31,1768.72,1791.68,140086,11
685,2021-11-04 00:00:00,1799.38,1832.49,1794.76,1809.05,145931,11
686,2021-11-05 00:00:00,1822.37,1830.0,1802.27,1817.94,116087,11
687,2021-11-08 00:00:00,1826.55,1834.995,1799.09,1820.93,140079,11
688,2021-11-09 00:00:00,1824.9,1868.685,1814.32,1866.38,190516,11
689,2021-11-10 00:00:00,1863.21,1897.52,1863.21,1881.42,195606,11
690,2021-11-11 00:00:00,1878.59,1904.0,1876.11,1886.89,129487,11
691,2021-11-12 00:00:00,1896.45,1904.8399,1880.18,1886.23,120512,11
692,2021-11-15 00:00:00,1895.24,1921.365,1886.09,1911.84,153194,11
693,2021-11-16 00:00:00,1907.16,1941.36,1905.08,1911.28,140307,11
694,2021-11-17 00:00:00,1920.0,1922.345,1892.5,1893.84,122427,11
695,2021-11-18 00:00:00,1893.84,1893.84,1873.235,1875.85,138530,11
696,2021-11-19 00:00:00,1886.9,1886.9,1856.985,1859.68,206673,11
697,2021-11-22 00:00:00,1860.28,1875.885,1851.375,1864.88,114403,11
698,2021-11-23 00:00:00,1874.15,1883.78,1849.57,1880.1,119331,11
699,2021-11-24 00:00:00,1866.32,1870.44,1852.0,1855.05,122927,11
700,2021-11-26 00:00:00,1836.51,1843.14,1806.89,1814.18,90605,11
701,2021-11-29 00:00:00,1828.1,1855.43,1815.82,1838.69,137302,11
702,2021-11-30 00:00:00,1835.0,1852.8,1812.97,1817.07,218350,11
703,2021-12-01 00:00:00,1835.57,1861.15,1806.83,1806.83,139015,12
704,2021-12-02 00:00:00,1817.59,1873.86,1816.015,1868.29,146950,12
705,2021-12-03 00:00:00,1875.46,1897.88,1855.14,1863.0,175547,12
706,2021-12-06 00:00:00,1877.81,1886.01,1858.23,1879.99,178675,12
707,2021-12-07 00:00:00,1914.37,2028.66,1890.705,2023.57,280428,12
708,2021-12-08 00:00:00,2013.76,2019.965,1940.6,1988.86,251101,12
709,2021-12-09 00:00:00,1978.23,2008.24,1951.86,1965.83,268817,12
710,2021-12-10 00:00:00,1975.79,2006.67,1958.95,2003.02,161271,12
711,2021-12-13 00:00:00,2001.38,2001.39,1963.63,1986.1,169793,12
712,2021-12-14 00:00:00,1982.98,2011.21,1971.075,1999.54,158164,12
713,2021-12-15 00:00:00,1991.47,2053.0,1983.8,2048.59,166797,12
714,2021-12-16 00:00:00,2057.01,2065.72,2008.49,2011.22,169985,12
715,2021-12-17 00:00:00,2016.34,2016.34,1972.87,1996.37,342168,12
716,2021-12-20 00:00:00,1985.93,1997.84,1941.045,1994.3,170549,12
717,2021-12-21 00:00:00,2012.1,2012.1,1975.0,1990.37,124594,12
718,2021-12-22 00:00:00,1989.63,2028.0,1989.42,2024.16,92775,12
719,2021-12-23 00:00:00,2027.04,2039.5083,2007.6,2014.5,103098,12
720,2021-12-27 00:00:00,2014.98,2047.89,2004.74,2047.06,72457,12
721,2021-12-28 00:00:00,2048.39,2064.1678,2037.4,2059.94,83936,12
722,2021-12-29 00:00:00,2067.65,2110.0,2058.2828,2104.04,100822,12
723,2021-12-30 00:00:00,2103.0,2107.21,2076.88,2084.52,76220,12
724,2021-12-31 00:00:00,2083.69,2107.9,2069.37,2096.39,105669,12
725,2022-01-03 00:00:00,2077.49,2089.19,2024.5,2045.11,150353,1
726,2022-01-04 00:00:00,2058.19,2098.39,2046.87,2080.25,148056,1
727,2022-01-05 00:00:00,2075.0,2096.9,2031.92,2034.03,196770,1
728,2022-01-06 00:00:00,2046.84,2075.8,2040.35,2062.49,135524,1
729,2022-01-07 00:00:00,2044.34,2049.21,2006.295,2014.77,130469,1
730,2022-01-10 00:00:00,1997.67,2015.01,1960.025,2012.66,147036,1
731,2022-01-11 00:00:00,2012.66,2025.24,1975.02,2000.98,138969,1
732,2022-01-12 00:00:00,2010.22,2055.09,2002.76,2052.88,195941,1
733,2022-01-13 00:00:00,2058.04,2077.07,2042.6,2048.4,114990,1
734,2022-01-14 00:00:00,2030.0,2057.7106,2020.122,2033.48,123182,1
735,2022-01-18 00:00:00,2008.45,2012.76,1953.595,1967.56,178906,1
736,2022-01-19 00:00:00,1981.09,1991.97,1945.19,1945.89,120504,1
737,2022-01-20 00:00:00,1957.4,1988.68,1930.22,1932.71,151418,1
738,2022-01-21 00:00:00,1939.26,1964.5,1932.73,1942.17,171818,1
739,2022-01-24 00:00:00,1920.66,1979.83,1891.275,1972.13,285185,1
740,2022-01-25 00:00:00,1960.57,1964.085,1915.145,1930.94,202561,1
741,2022-01-26 00:00:00,1952.44,1952.44,1876.565,1881.7,242981,1
742,2022-01-27 00:00:00,1904.69,1927.5,1891.29,1907.73,185356,1
743,2022-01-28 00:00:00,1912.92,1952.54,1893.02,1951.16,166054,1
744,2022-01-31 00:00:00,1944.3,1996.37,1944.3,1986.35,243708,1
745,2022-02-01 00:00:00,1983.06,2014.88,1974.51,2011.57,192582,2
746,2022-02-02 00:00:00,2032.46,2071.07,2024.5935,2064.18,198052,2
747,2022-02-03 00:00:00,2040.94,2078.7299,2025.52,2030.17,223807,2
748,2022-02-04 00:00:00,2024.21,2041.1,1975.36,2018.7,175789,2
749,2022-02-07 00:00:00,2023.89,2045.525,1989.77,1996.5,182685,2
750,2022-02-08 00:00:00,1991.88,2047.6,1980.03,2017.01,157061,2
751,2022-02-09 00:00:00,2035.88,2047.44,1995.0,2005.31,142229,2
752,2022-02-10 00:00:00,1944.83,1952.37,1904.835,1939.54,355486,2
753,2022-02-11 00:00:00,1947.8,1991.58,1940.0,1949.11,182850,2
754,2022-02-14 00:00:00,1942.85,1947.16,1906.76,1924.6,190362,2
755,2022-02-15 00:00:00,1936.77,1938.5787,1913.81,1933.9,152315,2
756,2022-02-16 00:00:00,1929.99,1947.67,1901.54,1927.47,137443,2
757,2022-02-17 00:00:00,1919.81,1933.1075,1885.0,1893.11,133389,2
758,2022-02-18 00:00:00,1886.64,1931.97,1886.64,1920.01,122028,2
759,2022-02-22 00:00:00,1914.08,1927.66,1842.13,1850.9,182710,2
760,2022-02-23 00:00:00,1860.99,1863.825,1781.8,1794.28,221610,2
761,2022-02-24 00:00:00,1759.02,1799.73,1759.02,1794.77,215237,2
762,2022-02-25 00:00:00,1811.98,1869.9287,1795.52,1864.63,187211,2
763,2022-02-28 00:00:00,1829.69,1875.0,1825.06,1863.39,294628,2
764,2022-03-01 00:00:00,1880.0,1953.96,1760.0,1817.06,394381,3
765,2022-03-02 00:00:00,1819.99,1891.52,1818.4801,1878.77,243601,3
766,2022-03-03 00:00:00,1879.53,1895.68,1837.97,1885.35,162887,3
767,2022-03-04 00:00:00,1870.63,1897.21,1856.73,1891.36,167169,3
768,2022-03-07 00:00:00,1878.71,1903.04,1848.85,1860.3,234348,3
769,2022-03-08 00:00:00,1860.39,1907.12,1836.61,1849.12,186857,3
770,2022-03-09 00:00:00,1896.04,1903.505,1867.3801,1884.56,172044,3
771,2022-03-10 00:00:00,1865.83,1870.91,1844.3714,1867.9,122591,3
772,2022-03-11 00:00:00,1870.72,1894.68,1860.44,1864.59,98045,3
773,2022-03-14 00:00:00,1879.56,1905.0,1860.08,1869.23,164042,3
774,2022-03-15 00:00:00,1894.67,1928.38,1891.7,1923.94,181203,3
775,2022-03-16 00:00:00,1927.04,1975.6,1927.04,1970.74,393425,3
776,2022-03-17 00:00:00,1962.45,1970.5,1910.34,1945.3,207975,3
777,2022-03-18 00:00:00,1937.81,1954.37,1881.91,1952.75,308114,3
778,2022-03-21 00:00:00,1936.14,1960.32,1924.18,1938.69,169097,3
779,2022-03-22 00:00:00,1958.17,1965.2,1938.75,1946.82,193043,3
780,2022-03-23 00:00:00,1950.0,1977.405,1928.71,1972.28,186664,3
781,2022-03-24 00:00:00,1969.38,2014.41,1945.46,2013.61,161931,3
782,2022-03-25 00:00:00,2025.36,2043.48,1990.05,2027.29,185656,3
783,2022-03-28 00:00:00,2025.0,2034.86,2000.745,2019.54,165563,3
784,2022-03-29 00:00:00,2050.0,2082.2,2030.53,2077.73,254142,3
785,2022-03-30 00:00:00,2067.87,2078.0,2052.615,2064.08,168690,3
786,2022-03-31 00:00:00,2066.86,2072.36,2043.99,2044.58,166076,3
787,2022-04-01 00:00:00,2066.13,2067.305,1971.64,1974.51,214052,4
788,2022-04-04 00:00:00,1964.1,2017.99,1958.4,2016.38,168323,4
789,2022-04-05 00:00:00,1992.27,2046.235,1992.27,2041.53,162093,4
790,2022-04-06 00:00:00,2020.17,2074.99,2019.96,2072.75,168926,4
791,2022-04-07 00:00:00,2063.51,2160.49,2063.51,2155.59,246845,4
792,2022-04-08 00:00:00,2162.98,2221.565,2150.9148,2190.56,205058,4
793,2022-04-11 00:00:00,2199.64,2204.22,2151.62,2158.48,194110,4
794,2022-04-12 00:00:00,2163.48,2186.39,2152.96,2168.44,143517,4
795,2022-04-13 00:00:00,2160.05,2172.18,2136.8321,2171.43,132212,4
796,2022-04-14 00:00:00,2179.44,2193.71,2164.6,2164.6,91080,4
797,2022-04-18 00:00:00,2152.2,2190.88,2145.08,2174.65,139484,4
798,2022-04-19 00:00:00,2178.4,2202.03,2169.04,2196.79,121896,4
799,2022-04-20 00:00:00,2212.76,2267.23,2211.11,2254.03,158755,4
800,2022-04-21 00:00:00,2261.27,2267.4,2227.1,2233.31,122623,4
801,2022-04-22 00:00:00,2212.28,2212.59,2155.02,2160.27,149370,4
802,2022-04-25 00:00:00,2154.88,2204.66,2120.8,2195.68,165904,4
803,2022-04-26 00:00:00,2180.0,2229.48,2165.31,2195.94,224835,4
804,2022-04-27 00:00:00,2193.24,2225.0,2174.0,2181.34,152565,4
805,2022-04-28 00:00:00,2085.88,2085.88,2010.49,2014.44,333760,4
806,2022-04-29 00:00:00,2006.17,2006.17,1950.14,1955.47,275363,4
807,2022-05-02 00:00:00,1964.6,2009.99,1963.765,2006.69,188358,5
808,2022-05-03 00:00:00,2002.48,2014.0,1962.26,1976.29,141784,5
809,2022-05-04 00:00:00,1986.06,2054.58,1976.305,2054.58,165052,5
810,2022-05-05 00:00:00,2039.87,2043.11,1954.395,1973.09,138899,5
811,2022-05-06 00:00:00,1959.0,2002.03,1918.42,2000.0,170611,5
812,2022-05-09 00:00:00,1971.74,1992.42,1939.84,1951.66,172709,5
813,2022-05-10 00:00:00,1975.59,1984.41,1921.965,1950.89,161401,5
814,2022-05-11 00:00:00,1964.34,1974.96,1927.625,1930.98,174753,5
815,2022-05-12 00:00:00,1940.71,1981.19,1916.4,1954.76,189964,5
816,2022-05-13 00:00:00,1969.99,2022.6,1960.0725,2001.11,186435,5
817,2022-05-16 00:00:00,1988.34,2034.1,1970.365,2023.49,133590,5
818,2022-05-17 00:00:00,2056.15,2056.15,2008.82,2031.87,196964,5
819,2022-05-18 00:00:00,2002.61,2002.61,1807.91,1839.62,382544,5
820,2022-05-19 00:00:00,1830.0,1919.57,1817.73,1889.39,304266,5
821,2022-05-20 00:00:00,1882.66,1886.53,1703.3203,1771.68,443179,5
822,2022-05-23 00:00:00,1773.84,1821.13,1759.0968,1805.22,314068,5
823,2022-05-24 00:00:00,1884.83,1916.76,1780.4,1910.22,403293,5
824,2022-05-25 00:00:00,1901.95,1978.08,1882.18,1964.66,293220,5
825,2022-05-26 00:00:00,1986.69,2039.91,1980.88,2028.96,235554,5
826,2022-05-27 00:00:00,2034.0,2069.335,2010.01,2055.39,226749,5
827,2022-05-31 00:00:00,2056.08,2082.07,2033.71,2059.65,244782,5
828,2022-06-01 00:00:00,2046.0,2060.395,2035.11,2035.11,153600,6
829,2022-06-02 00:00:00,2046.59,2062.91,1996.935,2061.3,136912,6
830,2022-06-03 00:00:00,2044.74,2070.3,2040.72,2058.04,94936,6
831,2022-06-06 00:00:00,2070.96,2107.43,2051.6,2099.06,149501,6
832,2022-06-07 00:00:00,2080.0,2121.72,2065.23,2119.98,120607,6
833,2022-06-08 00:00:00,2096.21,2120.63,2089.39,2092.35,104611,6
834,2022-06-09 00:00:00,2082.3,2130.5006,2082.3,2101.15,133526,6
835,2022-06-10 00:00:00,2066.17,2084.79,2050.7114,2064.46,112958,6
836,2022-06-13 00:00:00,2031.56,2056.11,2012.0848,2026.66,160110,6
837,2022-06-14 00:00:00,2024.5,2068.55,2008.045,2033.58,166652,6
838,2022-06-15 00:00:00,2028.0,2054.34,1991.06,2013.81,173056,6
839,2022-06-16 00:00:00,2017.97,2024.18,1968.11,2001.16,201279,6
840,2022-06-17 00:00:00,1983.99,2005.0,1959.58,1992.55,412020,6
841,2022-06-21 00:00:00,2026.24,2037.76,1980.74,2032.12,151464,6
842,2022-06-22 00:00:00,2043.55,2090.905,2013.275,2071.62,144610,6
843,2022-06-23 00:00:00,2100.0,2119.275,2067.0,2108.64,154109,6
844,2022-06-24 00:00:00,2127.64,2175.27,2106.98,2158.91,442241,6
845,2022-06-27 00:00:00,2190.0,2200.22,2159.45,2169.27,166243,6
846,2022-06-28 00:00:00,2168.0,2195.5722,2116.51,2125.33,194177,6
847,2022-06-29 00:00:00,2127.5,2165.035,2106.265,2140.0,137986,6
848,2022-06-30 00:00:00,2131.93,2173.145,2100.095,2149.12,232853,6
849,2022-07-01 00:00:00,2148.61,2165.06,2114.05,2159.81,110828,7
850,2022-07-05 00:00:00,2139.72,2160.0,2103.07,2140.39,185321,7
851,2022-07-06 00:00:00,2137.46,2182.5,2123.78,2167.54,160454,7
852,2022-07-07 00:00:00,2170.01,2177.32,2133.115,2168.6,113938,7
853,2022-07-08 00:00:00,2177.85,2210.1575,2166.58,2182.37,149324,7
854,2022-07-11 00:00:00,2188.24,2189.23,2160.01,2160.01,129006,7
855,2022-07-12 00:00:00,2164.89,2190.63,2152.065,2158.6,95965,7
856,2022-07-13 00:00:00,2155.84,2197.83,2155.84,2174.89,120694,7
857,2022-07-14 00:00:00,2135.65,2185.1069,2122.655,2175.34,180140,7
858,2022-07-15 00:00:00,2198.08,2218.85,2169.8676,2215.03,152054,7
859,2022-07-18 00:00:00,2228.32,2246.405,2180.19,2191.8,132287,7
860,2022-07-19 00:00:00,2216.78,2224.32,2182.675,2224.32,169671,7
861,2022-07-20 00:00:00,2224.81,2234.88,2182.79,2194.53,143379,7
862,2022-07-21 00:00:00,2181.11,2200.25,2115.27,2138.75,247321,7
863,2022-07-22 00:00:00,2139.89,2163.03,2136.93,2147.62,146705,7
864,2022-07-25 00:00:00,2148.84,2169.33,2135.355,2144.87,118096,7
865,2022-07-26 00:00:00,2120.15,2133.17,2078.83,2097.4,202461,7
866,2022-07-27 00:00:00,2102.86,2144.96,2064.23,2132.67,137540,7
867,2022-07-28 00:00:00,2127.85,2146.79,2079.69,2130.45,205718,7
868,2022-07-29 00:00:00,2123.15,2141.54,2108.45,2137.39,156100,7
869,2022-08-01 00:00:00,2119.53,2170.52,2113.82,2161.36,126171,8
870,2022-08-02 00:00:00,2164.47,2164.47,2127.235,2153.92,144769,8
871,2022-08-03 00:00:00,2169.62,2183.365,2113.96,2148.03,128790,8
872,2022-08-04 00:00:00,2150.91,2191.175,2145.92,2164.13,154047,8
873,2022-08-05 00:00:00,2152.27,2196.64,2148.935,2195.19,92359,8
874,2022-08-08 00:00:00,2200.04,2230.64,2200.04,2218.67,90745,8
875,2022-08-09 00:00:00,2228.19,2241.52,2199.92,2222.51,111212,8
876,2022-08-10 00:00:00,2249.1,2250.35,2208.825,2223.27,142974,8
877,2022-08-11 00:00:00,2233.23,2244.105,2219.9,2230.83,101578,8
878,2022-08-12 00:00:00,2230.61,2259.23,2221.73,2259.18,129362,8
879,2022-08-15 00:00:00,2259.99,2293.19,2245.05,2285.96,116946,8
880,2022-08-16 00:00:00,2279.43,2362.24,2279.43,2329.52,191942,8
881,2022-08-17 00:00:00,2327.87,2354.2,2321.0934,2328.6,169045,8
882,2022-08-18 00:00:00,2318.07,2353.19,2308.6,2320.09,133540,8
883,2022-08-19 00:00:00,2320.0,2340.8429,2310.9284,2332.09,121402,8
884,2022-08-22 00:00:00,2321.94,2344.59,2309.73,2310.67,118511,8
885,2022-08-23 00:00:00,2308.0,2318.64,2287.96,2291.49,97954,8
886,2022-08-24 00:00:00,2244.13,2246.275,2206.4,2231.81,194274,8
887,2022-08-25 00:00:00,2223.96,2227.335,2182.08,2223.6,134846,8
888,2022-08-26 00:00:00,2234.48,2234.48,2162.221,2163.02,118712,8
889,2022-08-29 00:00:00,2145.07,2186.79,2138.79,2167.36,124786,8
890,2022-08-30 00:00:00,2167.36,2169.1,2131.9435,2137.02,96402,8
891,2022-08-31 00:00:00,2132.1,2147.83,2116.68,2119.21,169626,8
892,2022-09-01 00:00:00,2115.66,2146.64,2110.68,2145.59,133519,9
893,2022-09-02 00:00:00,2150.83,2160.99,2112.35,2120.88,137234,9
894,2022-09-06 00:00:00,2121.15,2145.725,2119.08,2130.86,119814,9
895,2022-09-07 00:00:00,2147.65,2197.86,2144.52,2197.06,130177,9
896,2022-09-08 00:00:00,2182.91,2200.09,2165.79,2193.25,114757,9
897,2022-09-09 00:00:00,2195.75,2214.795,2177.63,2199.08,110997,9
898,2022-09-12 00:00:00,2202.98,2222.17,2202.98,2220.38,137477,9
899,2022-09-13 00:00:00,2200.0,2200.2,2133.5,2138.36,152668,9
900,2022-09-14 00:00:00,2153.24,2153.24,2105.71,2133.01,141484,9
901,2022-09-15 00:00:00,2146.31,2155.9,2124.79,2144.94,173738,9
902,2022-09-16 00:00:00,2138.05,2185.13,2126.445,2165.65,263845,9
903,2022-09-19 00:00:00,2204.37,2220.0,2065.2869,2097.59,403331,9
904,2022-09-20 00:00:00,2088.7,2148.15,2082.601,2131.47,253412,9
905,2022-09-21 00:00:00,2150.51,2172.4,2102.6,2104.02,146901,9
906,2022-09-22 00:00:00,2102.3,2102.3,2059.35,2082.64,157305,9
907,2022-09-23 00:00:00,2051.38,2106.42,2050.21,2096.84,187862,9
908,2022-09-26 00:00:00,2100.48,2135.0,2091.16,2093.68,198002,9
909,2022-09-27 00:00:00,2106.44,2130.255,2088.52,2099.5,181812,9
910,2022-09-28 00:00:00,2120.66,2179.25,2107.66,2169.44,143465,9
911,2022-09-29 00:00:00,2150.94,2161.62,2131.76,2159.02,125916,9
912,2022-09-30 00:00:00,2153.93,2165.94,2120.0,2141.93,171262,9
913,2022-10-03 00:00:00,2163.35,2205.85,2157.75,2197.71,141255,10
914,2022-10-04 00:00:00,2206.3,2219.01,2177.7,2205.03,136924,10
915,2022-10-05 00:00:00,2205.22,2273.64,2184.655,2245.45,162827,10
916,2022-10-06 00:00:00,2244.36,2258.48,2214.42,2215.88,180124,10
917,2022-10-07 00:00:00,2213.96,2213.96,2165.86,2174.0,139676,10
918,2022-10-10 00:00:00,2175.65,2235.75,2165.05,2233.54,138619,10
919,2022-10-11 00:00:00,2223.87,2293.86,2223.87,2267.51,182689,10
920,2022-10-12 00:00:00,2263.81,2271.46,2239.53,2245.99,162058,10
921,2022-10-13 00:00:00,2225.43,2291.06,2212.64,2282.76,193959,10
922,2022-10-14 00:00:00,2279.75,2300.0,2255.17,2255.17,165064,10
923,2022-10-17 00:00:00,2261.0,2305.0,2258.08,2289.79,141297,10
924,2022-10-18 00:00:00,2311.69,2323.42,2272.02,2306.86,156459,10
925,2022-10-19 00:00:00,2314.96,2330.07,2283.115,2289.8,133054,10
926,2022-10-20 00:00:00,2309.31,2309.31,2249.36,2258.83,195601,10
927,2022-10-21 00:00:00,2250.33,2307.48,2250.33,2301.03,197868,10
928,2022-10-24 00:00:00,2320.78,2423.8,2320.78,2407.52,209369,10
929,2022-10-25 00:00:00,2416.57,2463.24,2379.33,2439.89,222313,10
930,2022-10-26 00:00:00,2434.89,2449.9999,2401.21,2423.68,125002,10
931,2022-10-27 00:00:00,2443.47,2548.47,2423.71,2521.77,235168,10
932,2022-10-28 00:00:00,2524.12,2554.665,2495.52,2543.5,209961,10
933,2022-10-31 00:00:00,2525.97,2560.01,2525.5504,2532.88,188743,10
934,2022-11-01 00:00:00,2554.52,2554.52,2525.71,2535.0,130262,11
935,2022-11-02 00:00:00,2529.99,2541.33,2478.68,2478.68,157661,11
936,2022-11-03 00:00:00,2473.3,2499.51,2440.02,2478.46,123149,11
937,2022-11-04 00:00:00,2478.57,2495.925,2432.715,2465.1,155186,11
938,2022-11-07 00:00:00,2460.52,2524.2,2454.35,2505.01,89803,11
939,2022-11-08 00:00:00,2503.7,2525.19,2469.63,2495.6,101643,11
940,2022-11-09 00:00:00,2496.3,2507.045,2464.03,2464.89,108503,11
941,2022-11-10 00:00:00,2506.34,2511.585,2450.855,2467.66,181588,11
942,2022-11-11 00:00:00,2461.49,2461.49,2342.045,2408.99,201283,11
943,2022-11-14 00:00:00,2416.77,2479.27,2400.72,2446.88,142722,11
944,2022-11-15 00:00:00,2456.69,2459.21,2393.12,2425.6,156763,11
945,2022-11-16 00:00:00,2382.88,2480.1489,2382.88,2450.51,161905,11
946,2022-11-17 00:00:00,2432.19,2449.25,2404.815,2420.82,120809,11
947,2022-11-18 00:00:00,2434.48,2462.32,2421.12,2460.84,98516,11
948,2022-11-21 00:00:00,2477.75,2510.97,2460.88,2501.0,100584,11
949,2022-11-22 00:00:00,2519.8,2537.12,2507.0,2528.81,79157,11
950,2022-11-23 00:00:00,2527.99,2538.54,2512.385,2516.58,95154,11
951,2022-11-25 00:00:00,2535.6,2575.285,2526.77,2562.12,60799,11
952,2022-11-28 00:00:00,2558.67,2572.445,2537.89,2545.98,132716,11
953,2022-11-29 00:00:00,2550.0,2569.999,2520.77,2556.05,124105,11
954,2022-11-30 00:00:00,2559.13,2587.6,2536.14,2579.0,183514,11
955,2022-12-01 00:00:00,2609.29,2610.05,2539.28,2552.97,126083,12
956,2022-12-02 00:00:00,2541.51,2579.69,2539.36,2571.59,152667,12
957,2022-12-05 00:00:00,2550.0,2566.6879,2522.0,2526.92,198974,12
958,2022-12-06 00:00:00,2441.0,2499.5,2386.75,2456.92,401466,12
959,2022-12-07 00:00:00,2460.0,2486.9999,2442.015,2455.26,164500,12
960,2022-12-08 00:00:00,2454.33,2497.8,2454.33,2488.9,132106,12
961,2022-12-09 00:00:00,2480.0,2491.805,2449.31,2454.99,124668,12
962,2022-12-12 00:00:00,2475.24,2475.775,2435.07,2451.95,123244,12
963,2022-12-13 00:00:00,2485.82,2492.175,2389.47,2393.46,178111,12
964,2022-12-14 00:00:00,2388.78,2402.62,2354.9,2360.47,159771,12
965,2022-12-15 00:00:00,2343.82,2372.34,2333.29,2358.5,212903,12
966,2022-12-16 00:00:00,2342.4,2389.9,2337.735,2380.45,326603,12
967,2022-12-19 00:00:00,2394.58,2406.06,2369.8801,2379.17,157165,12
968,2022-12-20 00:00:00,2377.98,2400.0,2368.46,2384.15,112581,12
969,2022-12-21 00:00:00,2392.0,2434.365,2364.92,2430.48,138089,12
970,2022-12-22 00:00:00,2416.27,2416.27,2377.02,2403.86,120552,12
971,2022-12-23 00:00:00,2393.9,2440.6,2393.9,2430.65,66220,12
972,2022-12-27 00:00:00,2434.61,2465.39,2429.78,2454.32,83886,12
973,2022-12-28 00:00:00,2450.0,2481.01,2450.0,2461.63,100394,12
974,2022-12-29 00:00:00,2470.49,2489.6,2452.79,2464.38,74787,12
975,2022-12-30 00:00:00,2464.48,2471.57,2452.19,2466.18,69583,12
976,2023-01-03 00:00:00,2441.51,2454.71,2420.32,2431.06,134526,1
977,2023-01-04 00:00:00,2429.67,2454.37,2421.01,2445.46,122292,1
978,2023-01-05 00:00:00,2425.27,2450.0,2413.57,2416.57,155296,1
979,2023-01-06 00:00:00,2431.62,2498.05,2431.62,2486.64,150272,1
980,2023-01-09 00:00:00,2500.0,2500.0,2437.32,2441.75,142253,1
981,2023-01-10 00:00:00,2453.09,2455.37,2425.16,2435.52,105850,1
982,2023-01-11 00:00:00,2448.0,2453.82,2423.73,2433.23,115250,1
983,2023-01-12 00:00:00,2424.71,2424.71,2361.331,2363.0,171203,1
984,2023-01-13 00:00:00,2335.97,2395.24,2325.02,2368.88,122829,1
985,2023-01-17 00:00:00,2366.06,2384.34,2332.08,2355.88,152377,1
986,2023-01-18 00:00:00,2355.88,2360.9888,2340.01,2344.93,125442,1
987,2023-01-19 00:00:00,2338.79,2352.41,2327.0,2327.54,113586,1
988,2023-01-20 00:00:00,2329.99,2333.99,2300.0,2326.61,146457,1
989,2023-01-23 00:00:00,2342.42,2342.42,2309.95,2318.96,143090,1
990,2023-01-24 00:00:00,2313.5,2350.5,2305.66,2341.56,142983,1
991,2023-01-25 00:00:00,2339.36,2381.455,2325.01,2357.81,166975,1
992,2023-01-26 00:00:00,2380.0,2431.19,2374.92,2415.27,193766,1
993,2023-01-27 00:00:00,2406.66,2424.67,2356.33,2369.34,189532,1
994,2023-01-30 00:00:00,2389.75,2440.69,2389.055,2428.58,169243,1
995,2023-01-31 00:00:00,2439.2,2449.99,2405.0,2438.85,155212,1
996,2023-02-01 00:00:00,2435.98,2497.85,2435.98,2495.68,179725,2
997,2023-02-02 00:00:00,2473.89,2502.32,2430.46,2443.55,228473,2
998,2023-02-03 00:00:00,2436.43,2455.37,2389.7,2398.51,163189,2
999,2023-02-06 00:00:00,2408.76,2443.13,2401.08,2425.88,128326,2
1000,2023-02-07 00:00:00,2399.1,2422.6726,2372.0,2419.81,123880,2
1001,2023-02-08 00:00:00,2407.93,2435.47,2402.03,2424.36,139301,2
1002,2023-02-09 00:00:00,2443.84,2504.4025,2431.1525,2490.28,206628,2
1003,2023-02-10 00:00:00,2501.07,2560.36,2501.07,2513.69,227880,2
1004,2023-02-13 00:00:00,2510.5,2546.37,2500.5,2543.51,106592,2
1005,2023-02-14 00:00:00,2547.98,2559.96,2540.77,2546.27,107206,2
1006,2023-02-15 00:00:00,2560.89,2582.35,2547.26,2580.27,124940,2
1007,2023-02-16 00:00:00,2578.8,2586.85,2543.95,2571.35,125772,2
1008,2023-02-17 00:00:00,2579.28,2605.62,2571.15,2605.62,131720,2
1009,2023-02-21 00:00:00,2590.64,2605.23,2562.44,2573.14,166170,2
1010,2023-02-22 00:00:00,2572.64,2581.92,2556.58,2567.36,176925,2
1011,2023-02-23 00:00:00,2555.28,2575.29,2538.48,2571.46,105958,2
1012,2023-02-24 00:00:00,2556.9,2564.555,2532.575,2540.56,148550,2
1013,2023-02-27 00:00:00,2552.19,2576.1,2542.5,2572.25,242226,2
1014,2023-02-28 00:00:00,2584.96,2584.96,2483.54,2486.54,284293,2
1015,2023-03-01 00:00:00,2458.51,2468.83,2424.44,2456.37,209003,3
1016,2023-03-02 00:00:00,2471.49,2497.579,2439.335,2485.63,157392,3
1017,2023-03-03 00:00:00,2496.82,2503.36,2463.94,2497.34,157288,3
1018,2023-03-06 00:00:00,2498.38,2523.08,2498.38,2520.0,147572,3
1019,2023-03-07 00:00:00,2522.88,2529.66,2471.18,2474.83,157471,3
1020,2023-03-08 00:00:00,2472.27,2477.0,2446.49,2459.57,106553,3
1021,2023-03-09 00:00:00,2467.1,2467.1,2411.915,2422.19,139250,3
1022,2023-03-10 00:00:00,2419.23,2441.0,2404.0,2421.39,144944,3
1023,2023-03-13 00:00:00,2411.59,2461.375,2411.59,2429.86,138025,3
1024,2023-03-14 00:00:00,2446.66,2446.66,2413.055,2427.41,164410,3
1025,2023-03-15 00:00:00,2408.23,2430.08,2398.695,2415.68,211171,3
1026,2023-03-16 00:00:00,2405.26,2427.5,2394.03,2413.32,112325,3
1027,2023-03-17 00:00:00,2411.36,2411.36,2360.02,2365.0,198928,3
1028,2023-03-20 00:00:00,2372.31,2400.0,2365.125,2391.17,140245,3
1029,2023-03-21 00:00:00,2406.29,2409.485,2383.22,2394.95,93561,3
1030,2023-03-22 00:00:00,2397.66,2397.66,2347.78,2349.3,109697,3
1031,2023-03-23 00:00:00,2349.71,2356.835,2307.14,2307.82,155539,3
1032,2023-03-24 00:00:00,2316.31,2338.52,2294.75,2329.4,148505,3
1033,2023-03-27 00:00:00,2336.49,2386.55,2333.15,2368.55,220050,3
1034,2023-03-28 00:00:00,2370.92,2411.485,2370.92,2405.22,139896,3
1035,2023-03-29 00:00:00,2394.45,2406.065,2380.525,2395.37,167085,3
1036,2023-03-30 00:00:00,2398.2,2418.33,2395.73,2406.19,132257,3
1037,2023-03-31 00:00:00,2416.21,2460.15,2414.34,2458.15,186711,3
1038,2023-04-03 00:00:00,2466.44,2530.32,2465.0,2511.54,207137,4
1039,2023-04-04 00:00:00,2502.42,2513.87,2494.995,2502.05,120747,4
1040,2023-04-05 00:00:00,2502.07,2511.77,2488.26,2494.44,159469,4
1041,2023-04-06 00:00:00,2500.81,2531.38,2491.1,2530.68,142670,4
1042,2023-04-10 00:00:00,2529.02,2562.54,2521.75,2554.44,171292,4
1043,2023-04-11 00:00:00,2553.11,2570.02,2540.07,2559.54,106016,4
1044,2023-04-12 00:00:00,2560.57,2603.81,2549.5,2598.89,168772,4
1045,2023-04-13 00:00:00,2608.75,2625.71,2580.34,2618.65,124633,4
1046,2023-04-14 00:00:00,2619.76,2643.07,2616.505,2638.32,97942,4
1047,2023-04-17 00:00:00,2644.84,2668.43,2644.84,2665.41,139529,4
1048,2023-04-18 00:00:00,2665.92,2691.9886,2665.66,2681.65,153430,4
1049,2023-04-19 00:00:00,2671.85,2686.04,2643.62,2663.16,140998,4
1050,2023-04-20 00:00:00,2671.82,2703.0,2651.2417,2701.84,139668,4
1051,2023-04-21 00:00:00,2722.6,2722.6,2681.0,2681.41,135410,4
1052,2023-04-24 00:00:00,2676.32,2689.88,2672.615,2677.12,132215,4
1053,2023-04-25 00:00:00,2684.19,2697.355,2674.54,2678.34,109064,4
1054,2023-04-26 00:00:00,2655.0,2690.4299,2634.67,2644.83,141506,4
1055,2023-04-27 00:00:00,2636.26,2664.5,2629.79,2660.73,105421,4
1056,2023-04-28 00:00:00,2654.84,2667.99,2640.51,2663.31,106143,4
1057,2023-05-01 00:00:00,2669.93,2710.21,2669.86,2679.54,132942,5
1058,2023-05-02 00:00:00,2683.66,2708.24,2667.795,2702.89,119785,5
1059,2023-05-03 00:00:00,2708.91,2717.57,2676.56,2677.58,148120,5
1060,2023-05-04 00:00:00,2675.76,2681.85,2652.56,2661.6,87388,5
1061,2023-05-05 00:00:00,2665.21,2698.08,2665.21,2691.58,75805,5
1062,2023-05-08 00:00:00,2692.24,2715.07,2679.25,2709.54,77792,5
1063,2023-05-09 00:00:00,2715.89,2737.1153,2709.14,2726.51,120981,5
1064,2023-05-10 00:00:00,2736.09,2750.0,2714.42,2733.65,110590,5
1065,2023-05-11 00:00:00,2731.99,2735.355,2704.35,2715.2,119477,5
1066,2023-05-12 00:00:00,2721.28,2744.25,2698.74,2729.06,110245,5
1067,2023-05-15 00:00:00,2727.29,2727.29,2697.94,2706.53,105726,5
1068,2023-05-16 00:00:00,2687.69,2711.645,2673.41,2673.46,106422,5
1069,2023-05-17 00:00:00,2675.11,2692.42,2669.145,2679.55,103406,5
1070,2023-05-18 00:00:00,2676.39,2687.14,2634.3,2648.95,133857,5
1071,2023-05-19 00:00:00,2649.0,2657.38,2629.76,2653.18,153272,5
1072,2023-05-22 00:00:00,2671.25,2679.5,2617.0,2619.8,179041,5
1073,2023-05-23 00:00:00,2492.01,2548.25,2423.45,2463.41,489675,5
1074,2023-05-24 00:00:00,2463.41,2474.74,2421.82,2423.62,269726,5
1075,2023-05-25 00:00:00,2413.42,2467.27,2398.24,2459.75,295548,5
1076,2023-05-26 00:00:00,2461.15,2471.47,2426.57,2460.79,214810,5
1077,2023-05-30 00:00:00,2438.73,2459.9,2427.96,2454.64,209248,5
1078,2023-05-31 00:00:00,2336.47,2390.86,2277.88,2386.84,645431,5
1079,2023-06-01 00:00:00,2386.21,2406.62,2360.0,2373.58,260241,6
1080,2023-06-02 00:00:00,2362.17,2398.2599,2345.08,2381.23,241901,6
1081,2023-06-05 00:00:00,2376.39,2397.42,2337.59,2339.95,277194,6
1082,2023-06-06 00:00:00,2333.69,2341.57,2315.07,2323.05,228407,6
1083,2023-06-07 00:00:00,2317.79,2340.74,2303.93,2306.65,235549,6
1084,2023-06-08 00:00:00,2304.44,2361.68,2304.44,2360.61,290599,6
1085,2023-06-09 00:00:00,2357.11,2378.9399,2349.1025,2363.19,153066,6
1086,2023-06-12 00:00:00,2390.33,2424.99,2389.28,2415.0,228728,6
1087,2023-06-13 00:00:00,2408.06,2423.52,2397.85,2420.95,193437,6
1088,2023-06-14 00:00:00,2426.8,2438.95,2397.66,2399.42,196425,6
1089,2023-06-15 00:00:00,2425.83,2506.7,2425.0,2497.37,256120,6
1090,2023-06-16 00:00:00,2539.49,2539.49,2465.525,2493.83,417347,6
1091,2023-06-20 00:00:00,2493.83,2493.83,2446.95,2453.07,215864,6
1092,2023-06-21 00:00:00,2458.7,2482.97,2443.85,2446.28,175012,6
1093,2023-06-22 00:00:00,2456.06,2456.06,2431.63,2438.63,100871,6
1094,2023-06-23 00:00:00,2431.97,2439.105,2408.12,2423.73,448648,6
1095,2023-06-26 00:00:00,2428.53,2484.28,2423.73,2476.55,211921,6
1096,2023-06-27 00:00:00,2473.9,2497.36,2439.88,2439.88,220998,6
1097,2023-06-28 00:00:00,2420.0,2469.7699,2420.0,2437.63,172016,6
1098,2023-06-29 00:00:00,2425.88,2467.63,2425.88,2455.4,140919,6
1099,2023-06-30 00:00:00,2470.51,2508.385,2462.94,2493.36,190097,6
1100,2023-07-03 00:00:00,2468.55,2500.0,2460.0,2483.48,112195,7
1101,2023-07-05 00:00:00,2482.69,2502.825,2434.37,2492.43,153136,7
1102,2023-07-06 00:00:00,2482.34,2507.205,2481.35,2491.1,193950,7
1103,2023-07-07 00:00:00,2481.35,2487.62,2467.5,2469.51,157521,7
1104,2023-07-10 00:00:00,2464.2,2537.83,2463.935,2513.56,172802,7
1105,2023-07-11 00:00:00,2525.66,2556.66,2525.66,2553.01,122566,7
1106,2023-07-12 00:00:00,2556.78,2584.76,2556.62,2573.38,189067,7
1107,2023-07-13 00:00:00,2577.15,2580.0,2525.14,2538.18,134251,7
1108,2023-07-14 00:00:00,2550.0,2567.69,2542.43,2556.59,124663,7
1109,2023-07-17 00:00:00,2556.59,2571.652,2543.4868,2544.23,95063,7
1110,2023-07-18 00:00:00,2530.0,2531.485,2498.665,2528.09,153435,7
1111,2023-07-19 00:00:00,2529.93,2552.505,2504.49,2505.89,230902,7
1112,2023-07-20 00:00:00,2483.27,2497.25,2437.86,2460.0,229415,7
1113,2023-07-21 00:00:00,2465.5,2475.77,2446.09,2457.93,131503,7
1114,2023-07-24 00:00:00,2459.5,2497.59,2446.8,2494.79,126974,7
1115,2023-07-25 00:00:00,2478.42,2510.345,2467.13,2501.22,139632,7
1116,2023-07-26 00:00:00,2501.22,2508.135,2475.35,2492.73,109986,7
1117,2023-07-27 00:00:00,2454.41,2488.54,2440.58,2446.92,175576,7
1118,2023-07-28 00:00:00,2456.99,2491.29,2456.99,2477.77,111072,7
1119,2023-07-31 00:00:00,2481.47,2489.37,2467.2183,2481.72,106126,7
1120,2023-08-01 00:00:00,2487.46,2502.69,2472.0,2481.1,119167,8
1121,2023-08-02 00:00:00,2470.0,2492.695,2432.85,2433.89,191751,8
1122,2023-08-03 00:00:00,2449.11,2486.875,2442.995,2476.95,142377,8
1123,2023-08-04 00:00:00,2477.05,2479.6,2449.04,2450.99,127133,8
1124,2023-08-07 00:00:00,2457.57,2475.0,2450.06,2464.01,120350,8
1125,2023-08-08 00:00:00,2468.18,2472.78,2449.84,2461.11,102163,8
1126,2023-08-09 00:00:00,2462.93,2480.7,2452.91,2466.56,86511,8
1127,2023-08-10 00:00:00,2480.0,2489.92,2454.045,2462.89,120952,8
1128,2023-08-11 00:00:00,2461.02,2494.085,2446.97,2483.83,90626,8
1129,2023-08-14 00:00:00,2489.22,2517.5,2485.47,2517.17,133310,8
1130,2023-08-15 00:00:00,2516.8,2537.1,2507.865,2510.42,136381,8
1131,2023-08-16 00:00:00,2517.81,2530.36,2488.0,2489.52,124391,8
1132,2023-08-17 00:00:00,2488.0,2505.0,2454.52,2457.28,153277,8
1133,2023-08-18 00:00:00,2455.86,2482.95,2450.415,2458.39,221919,8
1134,2023-08-21 00:00:00,2447.84,2459.15,2424.555,2449.8,132973,8
1135,2023-08-22 00:00:00,2438.14,2456.44,2414.99,2450.2,104775,8
1136,2023-08-23 00:00:00,2449.95,2481.7,2447.99,2475.01,106280,8
1137,2023-08-24 00:00:00,2478.0,2486.7,2447.0,2447.54,108458,8
1138,2023-08-25 00:00:00,2462.85,2468.94,2435.0296,2453.4,109199,8
1139,2023-08-28 00:00:00,2452.83,2486.23,2452.83,2469.13,98523,8
1140,2023-08-29 00:00:00,2470.46,2530.9,2469.98,2527.5,143025,8
1141,2023-08-30 00:00:00,2534.59,2573.92,2534.59,2563.18,133346,8
1142,2023-08-31 00:00:00,2558.16,2563.65,2530.84,2531.33,136332,8
1143,2023-09-01 00:00:00,2547.21,2547.21,2519.51,2542.39,75848,9
1144,2023-09-05 00:00:00,2527.54,2569.485,2511.025,2556.06,113617,9
1145,2023-09-06 00:00:00,2550.21,2578.505,2535.29,2568.89,96472,9
1146,2023-09-07 00:00:00,2583.92,2600.705,2552.72,2572.21,128774,9
1147,2023-09-08 00:00:00,2579.93,2628.61,2575.0,2619.29,139177,9
1148,2023-09-11 00:00:00,2614.04,2623.86,2572.8,2572.96,145573,9
1149,2023-09-12 00:00:00,2571.28,2582.54,2522.73,2527.08,136041,9
1150,2023-09-13 00:00:00,2528.62,2554.88,2528.62,2531.04,141340,9
1151,2023-09-14 00:00:00,2538.5,2578.48,2538.5,2576.1,126902,9
1152,2023-09-15 00:00:00,2581.32,2581.32,2525.13,2529.68,266989,9
1153,2023-09-18 00:00:00,2525.26,2538.49,2491.82,2522.1,169919,9
1154,2023-09-19 00:00:00,2448.9,2531.34,2422.53,2475.12,284605,9
1155,2023-09-20 00:00:00,2497.83,2595.0,2487.3444,2583.36,161030,9
1156,2023-09-21 00:00:00,2576.24,2576.24,2529.62,2530.76,161711,9
1157,2023-09-22 00:00:00,2528.93,2576.05,2528.93,2570.27,112836,9
1158,2023-09-25 00:00:00,2563.91,2595.58,2555.065,2580.3,114397,9
1159,2023-09-26 00:00:00,2570.03,2599.25,2549.895,2553.37,128362,9
1160,2023-09-27 00:00:00,2548.0,2557.27,2519.49,2540.9,154835,9
1161,2023-09-28 00:00:00,2555.93,2566.43,2522.0,2559.48,84499,9
1162,2023-09-29 00:00:00,2578.2,2578.26,2528.96,2539.99,149824,9
1163,2023-10-02 00:00:00,2535.0,2552.8,2515.28,2522.93,108654,10
1164,2023-10-03 00:00:00,2520.47,2528.22,2463.46,2472.04,100339,10
1165,2023-10-04 00:00:00,2471.91,2509.21,2458.72,2497.6,118068,10
1166,2023-10-05 00:00:00,2499.55,2527.47,2449.29,2521.68,118622,10
1167,2023-10-06 00:00:00,2496.79,2566.56,2476.5,2549.04,165073,10
1168,2023-10-09 00:00:00,2540.0,2570.0,2524.64,2564.93,109783,10
1169,2023-10-10 00:00:00,2578.37,2601.92,2568.77,2577.58,112244,10
1170,2023-10-11 00:00:00,2582.41,2582.41,2531.685,2571.86,98693,10
1171,2023-10-12 00:00:00,2577.06,2577.06,2543.02,2561.65,105607,10
1172,2023-10-13 00:00:00,2550.34,2569.07,2529.78,2552.7,121962,10
1173,2023-10-16 00:00:00,2564.62,2617.35,2564.62,2602.75,138991,10
1174,2023-10-17 00:00:00,2598.9,2651.89,2593.04,2650.7,117049,10
1175,2023-10-18 00:00:00,2652.74,2658.1809,2627.5601,2629.4,146569,10
1176,2023-10-19 00:00:00,2602.27,2629.7,2493.89,2494.66,182992,10
1177,2023-10-20 00:00:00,2491.39,2526.075,2488.4,2488.55,128516,10
1178,2023-10-23 00:00:00,2485.0,2485.0,2432.07,2432.82,130209,10
1179,2023-10-24 00:00:00,2434.11,2459.005,2408.3,2416.54,162724,10
1180,2023-10-25 00:00:00,2400.0,2441.64,2375.35,2436.12,160188,10
1181,2023-10-26 00:00:00,2452.2,2489.18,2445.765,2450.73,150004,10
1182,2023-10-27 00:00:00,2438.53,2460.0,2425.0,2446.17,150921,10
1183,2023-10-30 00:00:00,2455.43,2482.09,2448.8,2469.7,114992,10
1184,2023-10-31 00:00:00,2473.48,2488.28,2465.0,2477.13,87473,10
1185,2023-11-01 00:00:00,2476.85,2499.99,2463.45,2490.72,130424,11
1186,2023-11-02 00:00:00,2491.5,2555.1,2491.5,2546.02,138563,11
1187,2023-11-03 00:00:00,2548.56,2598.14,2548.56,2574.54,132809,11
1188,2023-11-06 00:00:00,2581.71,2609.01,2581.71,2605.82,107941,11
1189,2023-11-07 00:00:00,2617.92,2660.0,2615.2,2650.45,119983,11
1190,2023-11-08 00:00:00,2658.55,2675.0,2645.62,2652.85,122155,11
1191,2023-11-09 00:00:00,2661.53,2686.6099,2650.92,2678.96,132367,11
1192,2023-11-10 00:00:00,2679.24,2712.905,2667.4,2702.34,161794,11
1193,2023-11-13 00:00:00,2702.34,2734.1599,2696.87,2707.12,156883,11
1194,2023-11-14 00:00:00,2731.92,2733.2,2667.66,2684.53,200387,11
1195,2023-11-15 00:00:00,2693.38,2698.395,2625.0,2686.42,167426,11
1196,2023-11-16 00:00:00,2680.97,2683.4725,2647.4,2658.23,151936,11
1197,2023-11-17 00:00:00,2676.28,2676.28,2625.1,2627.05,152820,11
1198,2023-11-20 00:00:00,2625.73,2664.24,2617.96,2649.25,120665,11
1199,2023-11-21 00:00:00,2660.0,2683.69,2643.87,2676.09,86344,11
1200,2023-11-22 00:00:00,2685.54,2685.54,2662.54,2671.77,93165,11
1201,2023-11-24 00:00:00,2670.04,2690.0,2666.84,2688.0,37502,11
1202,2023-11-27 00:00:00,2683.26,2688.5299,2610.07,2613.15,198933,11
1203,2023-11-28 00:00:00,2615.13,2636.69,2587.27,2602.18,121875,11
1204,2023-11-29 00:00:00,2606.77,2613.63,2587.705,2596.51,160219,11
1205,2023-11-30 00:00:00,2597.05,2624.905,2593.04,2609.93,266452,11
1206,2023-12-01 00:00:00,2616.82,2644.57,2603.0,2641.75,233808,12
1207,2023-12-04 00:00:00,2637.81,2674.0,2630.69,2664.11,205789,12
1208,2023-12-05 00:00:00,2700.0,2704.01,2632.555,2671.13,221858,12
1209,2023-12-06 00:00:00,2702.83,2730.635,2696.53,2710.62,173609,12
1210,2023-12-07 00:00:00,2714.55,2730.4,2632.14,2632.7,180557,12
1211,2023-12-08 00:00:00,2640.0,2640.0,2610.5,2620.49,110335,12
1212,2023-12-11 00:00:00,2621.61,2642.6067,2610.48,2633.5,112702,12
1213,2023-12-12 00:00:00,2644.65,2663.6,2640.03,2661.25,113243,12
1214,2023-12-13 00:00:00,2677.64,2724.11,2668.925,2719.78,132434,12
1215,2023-12-14 00:00:00,2728.69,2728.69,2632.77,2636.69,187959,12
1216,2023-12-15 00:00:00,2600.91,2634.62,2566.8,2628.05,357564,12
1217,2023-12-18 00:00:00,2638.0,2639.08,2608.965,2637.36,106511,12
1218,2023-12-19 00:00:00,2645.71,2661.98,2632.22,2649.32,115360,12
1219,2023-12-20 00:00:00,2637.56,2661.0,2606.24,2607.34,128672,12
1220,2023-12-21 00:00:00,2621.0,2634.35,2603.21,2612.67,99015,12
1221,2023-12-22 00:00:00,2610.91,2645.48,2606.37,2608.69,91414,12
1222,2023-12-26 00:00:00,2600.01,2605.99,2569.32,2569.36,131413,12
1223,2023-12-27 00:00:00,2568.15,2581.355,2549.239,2573.32,94723,12
1224,2023-12-28 00:00:00,2566.81,2583.5,2556.21,2567.65,68769,12
1225,2023-12-29 00:00:00,2570.75,2585.87,2554.7614,2585.61,116891,12
