,date,open,high,low,close,volume,frac,fracHigh,fracLow,month
0,2020-09-18 00:00:00,10.98,11.14,10.73,10.77,10477317.0,-0.019125683060109366,0.014571948998178519,0.022768670309653915,9
1,2020-09-21 00:00:00,10.68,10.7,10.17,10.26,11603357.0,-0.039325842696629205,0.0018726591760299227,0.04775280898876402,9
2,2020-09-22 00:00:00,10.26,10.4,10.17,10.26,7953877.0,0.0,0.013645224171540018,0.00877192982456139,9
3,2020-09-23 00:00:00,10.25,10.37,10.05,10.05,9175103.0,-0.01951219512195115,0.011707317073170655,0.01951219512195115,9
4,2020-09-24 00:00:00,10.01,10.26,9.92,10.14,7342081.0,0.012987012987013066,0.024975024975024976,0.008991008991008976,9
5,2020-09-25 00:00:00,10.05,10.24,9.97,10.21,5025209.0,0.01592039800995026,0.01890547263681587,0.00796019900497513,9
6,2020-09-28 00:00:00,10.31,10.44,10.261,10.28,5861949.0,-0.0029097963142581122,0.012609117361784578,0.004752667313288193,9
7,2020-09-29 00:00:00,10.34,10.34,10.15,10.22,4837461.0,-0.011605415860734934,0.0,0.01837524177949705,9
8,2020-09-30 00:00:00,10.23,10.32,9.99,10.09,10480794.0,-0.01368523949169116,0.008797653958944267,0.02346041055718477,9
9,2020-10-01 00:00:00,10.01,10.17,9.84,9.95,10064344.0,-0.0059940059940060434,0.015984015984015998,0.016983016983016977,10
10,2020-10-02 00:00:00,9.86,10.23,9.8,10.03,7757586.0,0.01724137931034482,0.03752535496957414,0.006085192697768633,10
11,2020-10-05 00:00:00,10.08,10.21,9.94,10.06,8435775.0,-0.001984126984126942,0.012896825396825474,0.013888888888888945,10
12,2020-10-06 00:00:00,10.06,10.19,9.89,9.89,7084705.0,-0.01689860834990059,0.012922465208747416,0.01689860834990059,10
13,2020-10-07 00:00:00,9.94,10.16,9.85,10.08,9306882.0,0.014084507042253579,0.02213279678068417,0.009054325955734393,10
14,2020-10-08 00:00:00,10.11,10.16,10.045,10.13,5893239.0,0.001978239366963536,0.004945598417408577,0.0064292779426310094,10
15,2020-10-09 00:00:00,10.18,10.26,10.05,10.11,4664613.0,-0.006876227897838928,0.007858546168958749,0.01277013752455786,10
16,2020-10-12 00:00:00,10.07,10.12,9.96,10.03,8274801.0,-0.003972194637537331,0.004965243296921443,0.010923535253227352,10
17,2020-10-13 00:00:00,10.0,10.1,9.82,9.88,9034381.0,-0.011999999999999922,0.009999999999999964,0.01799999999999997,10
18,2020-10-14 00:00:00,9.87,9.92,9.79,9.8,7618121.0,-0.0070921985815601335,0.005065856129685989,0.008105369807497475,10
19,2020-10-15 00:00:00,9.77,9.96,9.61,9.93,7693319.0,0.016376663254861836,0.019447287615148544,0.016376663254861836,10
20,2020-10-16 00:00:00,9.88,9.96,9.75,9.86,5574589.0,-0.002024291497975845,0.008097165991902841,0.013157894736842183,10
21,2020-10-19 00:00:00,9.92,9.92,9.6,9.61,11444517.0,-0.03125000000000005,0.0,0.03225806451612906,10
22,2020-10-20 00:00:00,9.7,9.73,9.52,9.62,8728155.0,-0.008247422680412378,0.0030927835051547566,0.018556701030927807,10
23,2020-10-21 00:00:00,9.57,9.68,9.53,9.66,9042566.0,0.009404388714733527,0.01149425287356316,0.004179728317659449,10
24,2020-10-22 00:00:00,9.66,9.72,9.55,9.68,12106958.0,0.0020703933747411567,0.006211180124223654,0.011387163561076545,10
25,2020-10-23 00:00:00,9.74,9.75,9.55,9.61,7480926.0,-0.013347022587269074,0.0010266940451745161,0.01950718685831617,10
26,2020-10-26 00:00:00,9.54,9.5608,9.15,9.25,13626269.0,-0.030398322851152952,0.0021802935010483506,0.04088050314465397,10
27,2020-10-27 00:00:00,9.26,9.31,8.96,8.96,12294954.0,-0.0323974082073433,0.005399568034557312,0.0323974082073433,10
28,2020-10-28 00:00:00,8.9,8.92,8.58,8.71,12590415.0,-0.021348314606741515,0.002247191011235907,0.03595505617977531,10
29,2020-10-29 00:00:00,8.7,8.78,8.52,8.67,12115113.0,-0.003448275862068892,0.009195402298850583,0.02068965517241376,10
30,2020-10-30 00:00:00,8.66,8.72,8.51,8.62,11191278.0,-0.004618937644341908,0.00692840646651276,0.017321016166281795,10
31,2020-11-02 00:00:00,8.73,8.945,8.59,8.88,13469032.0,0.01718213058419248,0.024627720504009146,0.01603665521191301,11
32,2020-11-03 00:00:00,8.98,9.19,8.9,9.11,10822620.0,0.014476614699331737,0.023385300668151345,0.008908685968819607,11
33,2020-11-04 00:00:00,8.93,9.14,8.71,8.8,17658650.0,-0.014557670772676262,0.023516237402015774,0.024636058230682965,11
34,2020-11-05 00:00:00,9.28,9.74,9.2,9.28,25325728.0,0.0,0.04956896551724147,0.008620689655172422,11
35,2020-11-06 00:00:00,9.32,9.39,9.03,9.09,12446309.0,-0.024678111587982877,0.007510729613733936,0.031115879828326278,11
36,2020-11-09 00:00:00,9.38,9.55,9.16,9.25,19687750.0,-0.013859275053304986,0.018123667377398713,0.02345415778251606,11
37,2020-11-10 00:00:00,9.25,9.845,9.25,9.79,17441755.0,0.05837837837837829,0.06432432432432439,0.0,11
38,2020-11-11 00:00:00,9.83,9.86,9.58,9.67,10271950.0,-0.016276703967446605,0.003051881993896171,0.0254323499491353,11
39,2020-11-12 00:00:00,9.66,9.7,9.46,9.62,8503620.0,-0.004140786749482497,0.0041407867494823135,0.020703933747411935,11
40,2020-11-13 00:00:00,9.63,9.9,9.63,9.85,5699003.0,0.02284527518172366,0.028037383177570048,0.0,11
41,2020-11-16 00:00:00,9.99,10.145,9.87,10.07,9761830.0,0.008008008008008015,0.01551551551551545,0.01201201201201211,11
42,2020-11-17 00:00:00,10.0,10.2,9.88,10.14,9718221.0,0.014000000000000058,0.019999999999999928,0.011999999999999922,11
43,2020-11-18 00:00:00,10.21,10.22,9.93,9.94,8125749.0,-0.02644466209598446,0.00097943192948088,0.027424094025465338,11
44,2020-11-19 00:00:00,9.94,9.94,9.71,9.82,9622620.0,-0.012072434607645796,0.0,0.023138832997987795,11
45,2020-11-20 00:00:00,9.82,10.1,9.81,10.04,14273070.0,0.022403258655804364,0.02851323828920564,0.0010183299389001819,11
46,2020-11-23 00:00:00,10.16,10.55,10.11,10.47,12189005.0,0.030511811023622097,0.0383858267716536,0.004921259842519755,11
47,2020-11-24 00:00:00,10.64,11.02,10.63,10.9,13702541.0,0.024436090225563888,0.03571428571428562,0.0009398496240601303,11
48,2020-11-25 00:00:00,10.93,10.95,10.66,10.77,9179476.0,-0.014638609332113462,0.0018298261665141422,0.02470265324794141,11
49,2020-11-27 00:00:00,10.6,10.6,10.4,10.46,4241449.0,-0.013207547169811207,0.0,0.01886792452830182,11
50,2020-11-30 00:00:00,10.59,10.6,10.36,10.45,10862200.0,-0.013220018885741319,0.0009442870632672131,0.021718602455146407,11
51,2020-12-01 00:00:00,10.52,10.66,10.45,10.55,11208124.0,0.0028517110266160777,0.01330798479087458,0.00665399239543729,12
52,2020-12-02 00:00:00,10.56,10.63,10.45,10.5,6325349.0,-0.005681818181818229,0.006628787878787905,0.01041666666666678,12
53,2020-12-03 00:00:00,10.5,10.62,10.46,10.51,7035671.0,0.0009523809523809321,0.011428571428571354,0.0038095238095237284,12
54,2020-12-04 00:00:00,10.53,10.65,10.5016,10.56,8503993.0,0.002849002849002957,0.011396011396011492,0.0026970560303893197,12
55,2020-12-07 00:00:00,10.56,10.74,9.76,9.86,21314500.0,-0.06628787878787888,0.017045454545454516,0.07575757575757582,12
56,2020-12-08 00:00:00,9.96,10.32,9.76,10.29,16342646.0,0.03313253012048176,0.036144578313252955,0.020080321285140666,12
57,2020-12-09 00:00:00,10.38,10.66,10.38,10.45,13394187.0,0.006743737957610646,0.026974951830443097,0.0,12
58,2020-12-10 00:00:00,10.3,10.39,9.96,10.03,14264346.0,-0.026213592233009838,0.00873786407766989,0.03300970873786406,12
59,2020-12-11 00:00:00,10.09,10.26,9.99,10.19,11951265.0,0.009910802775024742,0.016848364717542114,0.009910802775024742,12
60,2020-12-14 00:00:00,10.37,10.71,10.34,10.42,13920721.0,0.004821600771456192,0.0327868852459018,0.0028929604628736127,12
61,2020-12-15 00:00:00,10.47,10.57,10.33,10.5,10890922.0,0.0028653295128939216,0.009551098376313242,0.01337153772683864,12
62,2020-12-16 00:00:00,10.54,10.59,10.28,10.35,9439073.0,-0.01802656546489559,0.004743833017077866,0.024667931688804535,12
63,2020-12-17 00:00:00,10.36,10.4,10.125,10.25,11725023.0,-0.010617760617760564,0.0038610038610039504,0.02268339768339763,12
64,2020-12-18 00:00:00,10.26,10.3691,10.105,10.16,23164254.0,-0.00974658869395708,0.01063352826510719,0.015107212475633467,12
65,2020-12-21 00:00:00,10.03,10.05,9.82,9.92,17851894.0,-0.010967098703888279,0.00199401794616165,0.02093718843469582,12
66,2020-12-22 00:00:00,9.92,9.99,9.7,9.78,13288456.0,-0.014112903225806508,0.007056451612903254,0.022177419354838773,12
67,2020-12-23 00:00:00,9.82,9.95,9.8,9.9,9614839.0,0.008146639511201636,0.013238289205702546,0.0020366598778003638,12
68,2020-12-24 00:00:00,10.0,10.0,9.8,9.86,4775267.0,-0.014000000000000058,0.0,0.019999999999999928,12
69,2020-12-28 00:00:00,9.91,10.05,9.8,9.84,10144375.0,-0.007063572149344125,0.01412714429868825,0.01109989909182638,12
70,2020-12-29 00:00:00,9.85,9.87,9.71,9.79,9637142.0,-0.0060913705583756856,0.002030456852791835,0.014213197969543024,12
71,2020-12-30 00:00:00,9.78,9.85,9.71,9.72,8756840.0,-0.006134969325153244,0.007157464212678966,0.007157464212678785,12
72,2020-12-31 00:00:00,9.71,9.76,9.66,9.75,10460963.0,0.004119464469618862,0.005149330587023577,0.00514933058702376,12
73,2021-01-04 00:00:00,9.87,9.92,9.67,9.72,13403334.0,-0.015197568389057607,0.005065856129685989,0.0202634245187436,1
74,2021-01-05 00:00:00,9.78,10.07,9.75,9.93,11394876.0,0.015337423312883474,0.029652351738241406,0.003067484662576622,1
75,2021-01-06 00:00:00,10.13,10.57,10.08,10.53,16889140.0,0.03948667324777873,0.043435340572556706,0.0049358341559724295,1
76,2021-01-07 00:00:00,10.59,10.63,10.425,10.51,10150367.0,-0.007554296506137872,0.0037771482530690203,0.015580736543909268,1
77,2021-01-08 00:00:00,10.51,10.53,10.38,10.53,9512479.0,0.0019029495718363059,0.0019029495718363059,0.012369172216936156,1
78,2021-01-11 00:00:00,10.5,10.6,10.42,10.54,9001661.0,0.0038095238095237284,0.00952380952380949,0.007619047619047626,1
79,2021-01-12 00:00:00,10.6,10.77,10.53,10.72,12402156.0,0.011320754716981227,0.016037735849056597,0.0066037735849056875,1
80,2021-01-13 00:00:00,10.72,10.83,10.61,10.79,8234634.0,0.006529850746268517,0.010261194029850693,0.01026119402985086,1
81,2021-01-14 00:00:00,10.85,11.46,10.82,11.32,13372862.0,0.04331797235023047,0.05622119815668214,0.0027649769585252866,1
82,2021-01-15 00:00:00,11.3,11.445,11.1,11.43,15888682.0,0.011504424778760973,0.012831858407079608,0.01769911504424788,1
83,2021-01-19 00:00:00,11.56,11.6,11.05,11.06,16544103.0,-0.04325259515570934,0.0034602076124566734,0.04411764705882351,1
84,2021-01-20 00:00:00,11.23,11.24,10.865,11.06,8687155.0,-0.015138023152270697,0.0008904719501335518,0.03250222617987535,1
85,2021-01-21 00:00:00,11.12,11.25,11.06,11.09,8965207.0,-0.002697841726618648,0.01169064748201446,0.005395683453237296,1
86,2021-01-22 00:00:00,10.96,11.22,10.92,11.17,7685282.0,0.019160583941605754,0.023722627737226255,0.0036496350364964344,1
87,2021-01-25 00:00:00,11.12,11.49,11.06,11.39,13928772.0,0.02428057553956847,0.03327338129496412,0.005395683453237296,1
88,2021-01-26 00:00:00,11.6,15.38,11.37,14.59,60367654.0,0.2577586206896552,0.32586206896551734,0.019827586206896588,1
89,2021-01-27 00:00:00,14.86,16.6,14.13,15.36,78207985.0,0.033647375504710635,0.11709286675639315,0.04912516823687743,1
90,2021-01-28 00:00:00,12.87,14.57,11.6,11.91,54664720.0,-0.07459207459207452,0.13209013209013218,0.09867909867909865,1
91,2021-01-29 00:00:00,12.11,12.66,12.1,12.38,19535663.0,0.02229562345169293,0.04541701073492987,0.0008257638315441608,1
92,2021-02-01 00:00:00,12.54,12.54,11.77,11.77,18326971.0,-0.06140350877192979,0.0,0.06140350877192979,2
93,2021-02-02 00:00:00,11.8,11.89,11.33,11.49,18102508.0,-0.026271186440678006,0.007627118644067784,0.03983050847457632,2
94,2021-02-03 00:00:00,11.55,11.955,11.48,11.77,12547498.0,0.01904761904761895,0.03506493506493501,0.006060606060606085,2
95,2021-02-04 00:00:00,11.66,11.915,11.57,11.74,11271139.0,0.006861063464837056,0.02186963979416801,0.007718696397941669,2
96,2021-02-05 00:00:00,11.79,12.315,11.54,12.23,13902205.0,0.03731976251060232,0.044529262086514025,0.02120441051738762,2
97,2021-02-08 00:00:00,12.42,12.45,12.13,12.37,7226163.0,-0.00402576489533017,0.0024154589371980163,0.023349436392914584,2
98,2021-02-09 00:00:00,12.36,12.68,12.265,12.56,8839432.0,0.01618122977346287,0.02588996763754048,0.007686084142394731,2
99,2021-02-10 00:00:00,12.63,12.78,12.35,12.48,18438581.0,-0.011876484560570099,0.011876484560569958,0.022169437846397556,2
100,2021-02-11 00:00:00,12.01,12.06,11.23,11.5,25437386.0,-0.042464612822647775,0.004163197335553765,0.06494587843463775,2
101,2021-02-12 00:00:00,11.54,11.93,11.45,11.78,12400105.0,0.020797227036395166,0.03379549393414217,0.007798960138648168,2
102,2021-02-16 00:00:00,11.83,11.98,11.72,11.79,10504477.0,-0.0033812341504649976,0.012679628064243479,0.00929839391377848,2
103,2021-02-17 00:00:00,11.77,11.89,11.66,11.77,8665727.0,0.0,0.010195412064571028,0.009345794392523317,2
104,2021-02-18 00:00:00,11.69,11.9,11.65,11.7,9918143.0,0.0008554319931565259,0.017964071856287497,0.0034217279726261036,2
105,2021-02-19 00:00:00,11.83,12.03,11.81,11.94,9757784.0,0.00929839391377848,0.016906170752324538,0.0016906170752324238,2
106,2021-02-22 00:00:00,11.96,12.125,11.915,11.98,12142513.0,0.0016722408026755495,0.013795986622073507,0.0037625418060202092,2
107,2021-02-23 00:00:00,12.02,12.26,11.73,12.19,10881829.0,0.01414309484193011,0.01996672212978371,0.024126455906821893,2
108,2021-02-24 00:00:00,12.29,12.535,12.21,12.45,8269443.0,0.013018714401952819,0.01993490642799032,0.0065093572009762655,2
109,2021-02-25 00:00:00,12.55,12.63,12.095,12.15,13246764.0,-0.03187250996015939,0.006374501992031878,0.03625498007968128,2
110,2021-02-26 00:00:00,12.05,12.4,12.02,12.29,13683535.0,0.01991701244813265,0.02904564315352694,0.002489626556016692,2
111,2021-03-01 00:00:00,12.45,12.94,12.342,12.51,19302464.0,0.004819277108433775,0.03935742971887552,0.008674698795180624,3
112,2021-03-02 00:00:00,12.55,13.06,12.49,12.85,17636206.0,0.023904382470119435,0.040637450199203166,0.004780876494023944,3
113,2021-03-03 00:00:00,12.92,13.95,12.88,13.79,26017669.0,0.06733746130030954,0.07972136222910212,0.0030959752321980762,3
114,2021-03-04 00:00:00,13.78,13.8,13.135,13.42,17429400.0,-0.026124818577648725,0.001451378809869474,0.04680696661828734,3
115,2021-03-05 00:00:00,13.1,13.545,13.085,13.47,13801390.0,0.02824427480916038,0.03396946564885499,0.0011450381679388392,3
116,2021-03-08 00:00:00,13.48,14.44,13.48,14.3,22073007.0,0.06083086053412465,0.07121661721068243,0.0,3
117,2021-03-09 00:00:00,14.22,14.41,13.79,13.85,15090747.0,-0.02601969057665267,0.0133614627285513,0.03023909985935313,3
118,2021-03-10 00:00:00,13.97,13.97,13.66,13.88,13260159.0,-0.006442376521116668,0.0,0.022190408017179704,3
119,2021-03-11 00:00:00,13.81,13.9,13.54,13.6,9813895.0,-0.015206372194062335,0.006517016654598107,0.019551049963794448,3
120,2021-03-12 00:00:00,13.73,14.115,13.6,14.03,9251675.0,0.021849963583393948,0.028040786598688985,0.009468317552804134,3
121,2021-03-15 00:00:00,14.13,14.33,14.015,14.19,8930904.0,0.00424628450106148,0.014154281670205186,0.008138711960368026,3
122,2021-03-16 00:00:00,14.12,14.22,13.96,14.03,7910979.0,-0.006373937677053815,0.00708215297450435,0.011331444759206683,3
123,2021-03-17 00:00:00,14.07,14.15,13.87,14.14,9388400.0,0.004975124378109473,0.005685856432125094,0.014214641080312798,3
124,2021-03-18 00:00:00,14.0,14.34,13.96,13.96,7415044.0,-0.0028571428571427964,0.024285714285714275,0.0028571428571427964,3
125,2021-03-19 00:00:00,14.09,14.2289,13.915,13.98,24063283.0,-0.007806955287437859,0.00985805535841019,0.0124201561391058,3
126,2021-03-22 00:00:00,14.0,14.63,13.935,14.37,12574592.0,0.026428571428571374,0.045000000000000054,0.0046428571428571075,3
127,2021-03-23 00:00:00,14.12,14.22,13.6,13.63,13438481.0,-0.03470254957507071,0.00708215297450435,0.036827195467422066,3
128,2021-03-24 00:00:00,13.83,13.86,13.19,13.22,10865547.0,-0.04410701373825014,0.0021691973969630773,0.046276211135213345,3
129,2021-03-25 00:00:00,13.11,13.635,12.9,13.57,11724321.0,0.03508771929824568,0.04004576659038905,0.016018306636155537,3
130,2021-03-26 00:00:00,13.7,13.7,12.85,13.16,13775863.0,-0.03941605839416052,0.0,0.062043795620437936,3
131,2021-03-29 00:00:00,13.02,13.4,12.97,13.14,9297334.0,0.009216589861751228,0.029185867895545375,0.003840245775729565,3
132,2021-03-30 00:00:00,13.15,13.325,13.035,13.23,8592442.0,0.006083650190114073,0.013307984790874442,0.00874524714828899,3
133,2021-03-31 00:00:00,13.24,13.41,13.09,13.35,9864966.0,0.008308157099697842,0.012839879154078544,0.011329305135951689,3
134,2021-04-01 00:00:00,13.26,13.34,12.953,13.11,14283705.0,-0.011312217194570163,0.0060331825037707445,0.02315233785822024,4
135,2021-04-05 00:00:00,13.2,13.3462,13.085,13.29,10070347.0,0.0068181818181818074,0.011075757575757602,0.008712121212121095,4
136,2021-04-06 00:00:00,13.29,13.77,13.24,13.36,15865609.0,0.005267118133935311,0.03611738148984202,0.003762227238525127,4
137,2021-04-07 00:00:00,13.36,13.59,13.3501,13.48,8630603.0,0.008982035928143787,0.01721556886227548,0.0007410179640718578,4
138,2021-04-08 00:00:00,13.36,13.43,12.865,12.91,12443939.0,-0.03368263473053887,0.005239520958083854,0.03705089820359276,4
139,2021-04-09 00:00:00,12.97,13.08,12.715,12.82,10946273.0,-0.011565150346954538,0.008481110254433263,0.019660755589822727,4
140,2021-04-12 00:00:00,12.82,12.92,12.6,12.87,11311293.0,0.0039001560062401665,0.007800312012480472,0.017160686427457147,4
141,2021-04-13 00:00:00,12.67,12.85,12.515,12.8,13161412.0,0.01026045777426999,0.014206787687450649,0.01223362273086025,4
142,2021-04-14 00:00:00,12.84,13.03,12.73,12.74,7851089.0,-0.007788161993769443,0.014797507788161956,0.008566978193146373,4
143,2021-04-15 00:00:00,12.75,12.81,12.62,12.65,8278841.0,-0.007843137254901933,0.004705882352941215,0.01019607843137261,4
144,2021-04-16 00:00:00,12.71,12.78,12.6,12.71,7842579.0,0.0,0.0055074744295828875,0.008654602675059103,4
145,2021-04-19 00:00:00,12.79,12.93,12.62,12.64,8678027.0,-0.011727912431587066,0.010946051602814744,0.01329163408913213,4
146,2021-04-20 00:00:00,12.64,12.7501,12.541,12.68,7818340.0,0.0031645569620252488,0.00871044303797462,0.007832278481012674,4
147,2021-04-21 00:00:00,12.73,12.955,12.675,12.9,12604629.0,0.013354281225451682,0.017674783974862503,0.0043205027494108185,4
148,2021-04-22 00:00:00,12.93,13.05,12.84,13.01,7078958.0,0.00618716163959784,0.00928074245939683,0.006960556844547553,4
149,2021-04-23 00:00:00,13.02,13.14,12.95,13.04,7776278.0,0.001536098310291826,0.009216589861751228,0.0053763440860215275,4
150,2021-04-26 00:00:00,13.1,13.15,12.9876,13.06,6926594.0,-0.0030534351145037517,0.0038167938931298255,0.008580152671755662,4
151,2021-04-27 00:00:00,13.02,13.16,12.88,12.95,6035306.0,-0.0053763440860215275,0.010752688172043055,0.010752688172042918,4
152,2021-04-28 00:00:00,12.91,13.09,12.87,12.92,5988196.0,0.0007745933384972724,0.013942680092951179,0.003098373353989227,4
153,2021-04-29 00:00:00,13.02,13.16,12.965,13.16,5999287.0,0.010752688172043055,0.010752688172043055,0.00422427035330259,4
154,2021-04-30 00:00:00,13.16,13.16,12.72,12.83,10396390.0,-0.025075987841945292,0.0,0.033434650455927015,4
155,2021-05-03 00:00:00,12.81,13.19,12.76,13.08,9429573.0,0.021077283372365304,0.02966432474629188,0.0039032006245121554,5
156,2021-05-04 00:00:00,13.13,13.2343,12.96,13.13,7409001.0,0.0,0.007943640517897829,0.012947448591012942,5
157,2021-05-05 00:00:00,13.01,13.18,12.645,12.77,14565250.0,-0.01844734819369717,0.013066871637202148,0.028055342044581107,5
158,2021-05-06 00:00:00,12.9,13.78,12.9,13.43,20351293.0,0.04108527131782941,0.06821705426356581,0.0,5
159,2021-05-07 00:00:00,13.35,14.0,13.31,13.99,13491977.0,0.047940074906367085,0.048689138576779055,0.0029962546816478764,5
160,2021-05-10 00:00:00,14.0,14.47,14.0,14.29,13033354.0,0.020714285714285654,0.03357142857142862,0.0,5
161,2021-05-11 00:00:00,14.23,14.415,13.92,14.11,8751033.0,-0.00843288826423057,0.013000702740688595,0.021784961349262156,5
162,2021-05-12 00:00:00,14.12,14.155,13.9125,13.95,6980474.0,-0.01203966005665722,0.0024787535410764976,0.014695467422096289,5
163,2021-05-13 00:00:00,13.85,14.26,13.79,14.16,5841229.0,0.02238267148014444,0.02960288808664261,0.004332129963898953,5
164,2021-05-14 00:00:00,14.28,14.51,14.23,14.43,7579088.0,0.010504201680672294,0.016106442577030842,0.003501400560224015,5
165,2021-05-17 00:00:00,14.45,14.81,14.38,14.55,10892396.0,0.006920415224913594,0.024913494809688665,0.004844290657439344,5
166,2021-05-18 00:00:00,14.5,14.68,14.4101,14.58,9023196.0,0.00551724137931035,0.012413793103448256,0.006200000000000006,5
167,2021-05-19 00:00:00,14.69,14.72,14.23,14.42,10502036.0,-0.01837985023825729,0.0020422055820286684,0.03131381892443833,5
168,2021-05-20 00:00:00,14.07,14.43,13.99,14.2,10189649.0,0.009239516702203198,0.025586353944562858,0.005685856432125094,5
169,2021-05-21 00:00:00,14.28,14.4467,14.22,14.3,6658587.0,0.0014005602240897304,0.011673669467787152,0.004201680672268818,5
170,2021-05-24 00:00:00,14.4,14.4843,14.29,14.35,5770745.0,-0.0034722222222222715,0.005854166666666593,0.007638888888888973,5
171,2021-05-25 00:00:00,14.435,14.435,14.01,14.06,7596539.0,-0.025978524419812955,0.0,0.029442327675788065,5
172,2021-05-26 00:00:00,14.08,14.16,13.96,14.15,8949389.0,0.004971590909090929,0.005681818181818187,0.008522727272727217,5
173,2021-05-27 00:00:00,14.28,14.46,14.18,14.21,13543576.0,-0.004901960784313621,0.012605042016806827,0.007002801120448154,5
174,2021-05-28 00:00:00,13.98,14.03,13.715,13.84,9563905.0,-0.010014306151645247,0.0035765379113017835,0.018955650929899898,5
175,2021-06-01 00:00:00,13.94,14.16,13.91,14.14,8144598.0,0.014347202295552444,0.015781922525107652,0.0021520803443328095,6
176,2021-06-02 00:00:00,14.16,14.58,14.12,14.55,10432475.0,0.027542372881355973,0.029661016949152536,0.002824858757062212,6
177,2021-06-03 00:00:00,14.5,15.0,14.3726,14.99,15335257.0,0.03379310344827588,0.034482758620689655,0.008786206896551706,6
178,2021-06-04 00:00:00,14.95,14.99,14.63,14.75,7819947.0,-0.013377926421404635,0.0026755852842809983,0.021404682274247393,6
179,2021-06-07 00:00:00,14.77,14.9,14.71,14.78,5682541.0,0.0006770480704129849,0.008801624915369044,0.004062288422477909,6
180,2021-06-08 00:00:00,14.8,15.24,14.76,15.23,12642320.0,0.029054054054054035,0.029729729729729693,0.002702702702702765,6
181,2021-06-09 00:00:00,15.29,15.45,15.25,15.28,9647220.0,-0.0006540222367560358,0.010464355788096805,0.002616088947024143,6
182,2021-06-10 00:00:00,15.37,15.4,15.07,15.07,5682411.0,-0.019518542615484642,0.001951854261548545,0.019518542615484642,6
183,2021-06-11 00:00:00,15.11,15.26,14.9617,15.06,6054420.0,-0.003309066843150161,0.009927200529450718,0.00981469225678352,6
184,2021-06-14 00:00:00,15.01,15.105,14.83,14.85,6278724.0,-0.010659560293137917,0.006329113924050675,0.011992005329780129,6
185,2021-06-15 00:00:00,14.84,14.945,14.8,14.85,9232789.0,0.0006738544474393387,0.007075471698113236,0.002695417789757355,6
186,2021-06-16 00:00:00,14.86,14.86,14.59,14.63,5040503.0,-0.0154777927321668,0.0,0.018169582772543713,6
187,2021-06-17 00:00:00,14.6,14.7,14.145,14.22,7731556.0,-0.026027397260273904,0.006849315068493127,0.031164383561643843,6
188,2021-06-18 00:00:00,14.14,14.14,13.93,14.01,20284848.0,-0.00919377652050925,0.0,0.014851485148514912,6
189,2021-06-21 00:00:00,14.12,14.175,14.04,14.12,10348141.0,0.0,0.003895184135977443,0.005665722379603405,6
190,2021-06-22 00:00:00,14.12,14.17,13.95,14.03,8463873.0,-0.006373937677053815,0.003541076487252175,0.01203966005665722,6
191,2021-06-23 00:00:00,14.08,14.08,13.78,13.79,8392497.0,-0.020596590909090974,0.0,0.021306818181818232,6
192,2021-06-24 00:00:00,13.82,13.97,13.62,13.95,7417258.0,0.009406657018813241,0.010853835021707696,0.014471780028943637,6
193,2021-06-25 00:00:00,13.93,14.09,13.882,14.05,5429678.0,0.008614501076812706,0.01148600143575019,0.003445800430725057,6
194,2021-06-28 00:00:00,14.09,14.1,13.78,13.79,5507940.0,-0.021291696238467047,0.0007097232079488848,0.022001419446415933,6
195,2021-06-29 00:00:00,13.87,13.94,13.6,13.63,6728979.0,-0.017303532804614163,0.005046863734679184,0.01946647440519103,6
196,2021-06-30 00:00:00,13.62,13.74,13.53,13.59,9396338.0,-0.0022026431718061208,0.008810572687224743,0.006607929515418492,6
197,2021-07-01 00:00:00,13.65,13.85,13.63,13.74,5551365.0,0.006593406593406583,0.0146520146520146,0.001465201465201434,7
198,2021-07-02 00:00:00,13.79,13.82,13.59,13.7,3824509.0,-0.006526468455402456,0.002175489485134238,0.01450326323422765,7
199,2021-07-06 00:00:00,13.66,13.69,13.38,13.4,7327877.0,-0.019033674963396762,0.002196193265007274,0.020497803806734945,7
200,2021-07-07 00:00:00,13.41,13.5295,13.32,13.48,6003607.0,0.005219985085756919,0.008911260253542162,0.006711409395973144,7
201,2021-07-08 00:00:00,13.29,13.405,13.15,13.19,7863677.0,-0.007524454477050388,0.008653122648607993,0.010534236267870489,7
202,2021-07-09 00:00:00,13.28,13.58,13.27,13.51,8113791.0,0.017319277108433766,0.022590361445783188,0.0007530120481927551,7
203,2021-07-12 00:00:00,13.46,13.52,13.355,13.45,6311462.0,-0.0007429420505201755,0.004457652303120261,0.007800891530460655,7
204,2021-07-13 00:00:00,13.49,14.41,13.26,13.3,16763473.0,-0.014084507042253483,0.0681986656782802,0.01704966641957008,7
205,2021-07-14 00:00:00,13.36,13.57,13.2,13.21,7555492.0,-0.011227544910179535,0.015718562874251562,0.011976047904191628,7
206,2021-07-15 00:00:00,13.11,13.3,13.09,13.22,6390373.0,0.008390541571319696,0.014492753623188503,0.0015255530129671682,7
207,2021-07-16 00:00:00,13.18,13.26,12.73,12.74,7966978.0,-0.03338391502276172,0.0060698027314112345,0.03414264036418811,7
208,2021-07-19 00:00:00,12.58,12.7,12.28,12.63,9416838.0,0.003974562798092266,0.009538950715421242,0.023847376788553316,7
209,2021-07-20 00:00:00,12.73,13.02,12.64,12.85,7465209.0,0.009426551453259954,0.022780832678711636,0.0070699135899450006,7
210,2021-07-21 00:00:00,12.97,13.045,12.835,12.85,5693554.0,-0.009252120277563685,0.0057825751734772,0.010408635312259043,7
211,2021-07-22 00:00:00,12.85,12.86,12.565,12.63,7429939.0,-0.017120622568093297,0.000778210116731501,0.02217898832684826,7
212,2021-07-23 00:00:00,12.65,12.675,12.47,12.63,6824926.0,-0.0015810276679841559,0.001976284584980265,0.014229249011857684,7
213,2021-07-26 00:00:00,12.7,12.95,12.6,12.92,8317740.0,0.017322834645669343,0.01968503937007874,0.007874015748031468,7
214,2021-07-27 00:00:00,12.75,12.91,12.625,12.78,10572774.0,0.002352941176470538,0.012549019607843149,0.00980392156862745,7
215,2021-07-28 00:00:00,12.77,12.82,12.51,12.65,11265034.0,-0.009397024275645984,0.003915426781519241,0.020360219263899748,7
216,2021-07-29 00:00:00,12.7,12.7,12.38,12.57,13244513.0,-0.010236220472440867,0.0,0.025196850393700673,7
217,2021-07-30 00:00:00,12.57,12.675,12.44,12.47,19464875.0,-0.007955449482895754,0.008353221957040606,0.01034208432776458,7
218,2021-08-02 00:00:00,12.52,12.635,12.41,12.54,9696840.0,0.0015974440894568351,0.009185303514377014,0.008785942492012734,8
219,2021-08-03 00:00:00,12.6,12.78,12.43,12.75,7958156.0,0.011904761904761934,0.014285714285714263,0.013492063492063487,8
220,2021-08-04 00:00:00,12.64,12.65,11.09,11.62,35013742.0,-0.08069620253164567,0.0007911392405063122,0.12262658227848107,8
221,2021-08-05 00:00:00,11.72,11.89,11.62,11.78,13319825.0,0.005119453924914566,0.014505119453924908,0.008532423208191246,8
222,2021-08-06 00:00:00,11.8,11.86,11.68,11.75,9351961.0,-0.00423728813559328,0.005084745762711756,0.010169491525423813,8
223,2021-08-09 00:00:00,11.67,11.96,11.64,11.83,13208379.0,0.01371036846615254,0.024850042844901537,0.002570694087403544,8
224,2021-08-10 00:00:00,11.785,12.09,11.7,11.97,11038021.0,0.015697921086126474,0.025880356385235444,0.007212558336868974,8
225,2021-08-11 00:00:00,11.96,12.66,11.95,12.4,16031692.0,0.03678929765886283,0.05852842809364542,0.0008361204013379233,8
226,2021-08-12 00:00:00,12.4,12.44,12.095,12.13,13270143.0,-0.021774193548387062,0.0032258064516128343,0.024596774193548363,8
227,2021-08-13 00:00:00,12.1,12.28,11.94,12.09,11431886.0,-0.000826446280991718,0.014876033057851217,0.01322314049586778,8
228,2021-08-16 00:00:00,12.07,12.35,11.955,12.06,16637147.0,-0.0008285004142501894,0.023198011599005745,0.0095277547638774,8
229,2021-08-17 00:00:00,12.01,12.14,11.86,12.07,12099978.0,0.004995836802664488,0.010824313072439699,0.012489592006661146,8
230,2021-08-18 00:00:00,12.0,12.035,11.6,11.61,9484134.0,-0.03250000000000005,0.0029166666666666785,0.03333333333333336,8
231,2021-08-19 00:00:00,11.55,11.6,11.28,11.34,10222960.0,-0.018181818181818254,0.004329004329004236,0.023376623376623492,8
232,2021-08-20 00:00:00,11.4,11.905,11.4,11.83,10429486.0,0.03771929824561401,0.044298245614034996,0.0,8
233,2021-08-23 00:00:00,11.85,12.0799,11.84,11.94,11174996.0,0.007594936708860748,0.019400843881856596,0.0008438818565400664,8
234,2021-08-24 00:00:00,11.96,12.35,11.93,12.18,11173287.0,0.018394648829431343,0.03260869565217381,0.002508361204013473,8
235,2021-08-25 00:00:00,12.27,12.425,12.13,12.26,15517994.0,-0.0008149959250203575,0.012632436837815904,0.01140994295028515,8
236,2021-08-26 00:00:00,12.27,12.43,12.105,12.16,12470757.0,-0.008964955175224078,0.01303993480032601,0.013447432762836116,8
237,2021-08-27 00:00:00,11.91,12.09,11.9,11.97,10761922.0,0.005037783375314903,0.01511335012594456,0.000839630562552459,8
238,2021-08-30 00:00:00,11.92,12.12,11.81,11.96,11744560.0,0.0033557046979866547,0.016778523489932827,0.00922818791946304,8
239,2021-08-31 00:00:00,11.92,12.33,11.9,12.3,17143351.0,0.03187919463087255,0.03439597315436243,0.0016778523489932528,8
240,2021-09-01 00:00:00,12.25,12.4,12.05,12.13,22588811.0,-0.009795918367346876,0.012244897959183702,0.01632653061224484,9
241,2021-09-02 00:00:00,12.01,12.35,11.98,12.35,11333005.0,0.028309741881765185,0.028309741881765185,0.0024979184013321698,9
242,2021-09-03 00:00:00,12.27,12.33,12.06,12.13,5862597.0,-0.01140994295028515,0.00488997555012229,0.0171149144254278,9
243,2021-09-07 00:00:00,12.1,12.165,11.89,11.97,8247632.0,-0.01074380165289248,0.00537190082644624,0.01735537190082637,9
244,2021-09-08 00:00:00,11.99,12.32,11.97,12.1,12937932.0,0.009174311926605457,0.02752293577981652,0.001668056713928238,9
245,2021-09-09 00:00:00,12.04,12.45,12.031,12.36,10804092.0,0.02657807308970102,0.03405315614617942,0.0007475083056477214,9
246,2021-09-10 00:00:00,12.47,12.485,11.95,11.97,7734378.0,-0.040096230954290296,0.001202886928628612,0.04170008019246201,9
247,2021-09-13 00:00:00,12.17,12.69,12.14,12.59,14020617.0,0.03451109285127362,0.042728019720624455,0.0024650780608052062,9
248,2021-09-14 00:00:00,12.44,12.54,12.3,12.5,10067166.0,0.0048231511254019695,0.008038585209003187,0.011254019292604405,9
249,2021-09-15 00:00:00,12.53,12.75,12.52,12.72,9893496.0,0.015163607342378396,0.01755786113328018,0.0007980845969672616,9
250,2021-09-16 00:00:00,12.75,12.89,12.61,12.74,11228497.0,-0.0007843137254901793,0.01098039215686279,0.01098039215686279,9
251,2021-09-17 00:00:00,12.69,13.02,12.68,12.94,20845175.0,0.019700551615445233,0.026004728132387713,0.0007880220646177925,9
252,2021-09-20 00:00:00,12.73,12.825,12.54,12.73,12233305.0,0.0,0.00746268656716409,0.014925373134328459,9
253,2021-09-21 00:00:00,12.81,12.97,12.59,12.6,9243534.0,-0.016393442622950886,0.01249024199843873,0.01717408274785329,9
254,2021-09-22 00:00:00,12.72,12.745,12.5,12.55,10913954.0,-0.01336477987421383,0.0019654088050313346,0.017295597484276778,9
255,2021-09-23 00:00:00,12.57,12.86,12.55,12.73,12400598.0,0.012728719172633265,0.023070803500397703,0.0015910898965791228,9
256,2021-09-24 00:00:00,12.72,13.02,12.7,12.93,9170201.0,0.016509433962264078,0.023584905660377273,0.0015723270440252634,9
257,2021-09-27 00:00:00,13.08,13.44,13.07,13.12,10100350.0,0.003058103975535103,0.02752293577981647,0.0007645259938837758,9
258,2021-09-28 00:00:00,13.15,13.36,13.02,13.05,9001251.0,-0.007604562737642559,0.015969581749049357,0.009885931558935421,9
259,2021-09-29 00:00:00,13.05,13.3,12.99,13.21,6841704.0,0.012260536398467444,0.019157088122605363,0.0045977011494253255,9
260,2021-09-30 00:00:00,13.05,13.0663,12.36,12.39,15925292.0,-0.05057471264367817,0.001249042145593817,0.0528735632183909,9
261,2021-10-01 00:00:00,12.5,12.82,12.39,12.68,14741408.0,0.014399999999999977,0.025600000000000022,0.008799999999999954,10
262,2021-10-04 00:00:00,12.74,13.13,12.71,12.93,10088219.0,0.014913657770800589,0.030612244897959228,0.0023547880690737333,10
263,2021-10-05 00:00:00,13.02,13.06,12.76,12.91,7028723.0,-0.00844854070660518,0.0030721966205837885,0.019969278033794148,10
264,2021-10-06 00:00:00,12.77,12.84,12.43,12.79,8050161.0,0.0015661707126076408,0.005481597494126882,0.02662490211433045,10
265,2021-10-07 00:00:00,12.81,12.91,12.67,12.7,8430840.0,-0.008587041373926714,0.007806401249024172,0.010928961748633923,10
266,2021-10-08 00:00:00,12.67,12.73,12.455,12.48,7970548.0,-0.01499605367008678,0.00473559589581693,0.01696921862667718,10
267,2021-10-11 00:00:00,12.52,12.54,12.16,12.18,7617175.0,-0.02715654952076676,0.0015974440894568351,0.0287539936102236,10
268,2021-10-12 00:00:00,12.12,12.27,12.055,12.14,8693912.0,0.0016501650165017616,0.012376237623762406,0.005363036303630322,10
269,2021-10-13 00:00:00,12.06,12.2,11.83,12.12,8478640.0,0.004975124378109347,0.011608623548921955,0.01907131011608627,10
270,2021-10-14 00:00:00,12.1,12.35,12.08,12.22,9203188.0,0.009917355371900909,0.02066115702479339,0.001652892561983436,10
271,2021-10-15 00:00:00,12.23,12.34,12.09,12.09,4564905.0,-0.011447260834014764,0.008994276369582947,0.011447260834014764,10
272,2021-10-18 00:00:00,12.04,12.19,11.98,12.1,4624104.0,0.004983388704318978,0.012458471760797372,0.004983388704318831,10
273,2021-10-19 00:00:00,12.07,12.29,11.95,12.28,7763380.0,0.017398508699254273,0.01822700911350446,0.009942004971002567,10
274,2021-10-20 00:00:00,12.35,12.83,12.3,12.68,10915597.0,0.026720647773279357,0.03886639676113364,0.004048582995951331,10
275,2021-10-21 00:00:00,12.64,12.7127,12.3,12.5,6078433.0,-0.011075949367088653,0.005751582278480959,0.026898734177215177,10
276,2021-10-22 00:00:00,12.5,12.57,12.42,12.48,4524757.0,-0.0015999999999999658,0.0056000000000000225,0.0064000000000000055,10
277,2021-10-25 00:00:00,12.44,12.44,12.2,12.22,7935990.0,-0.017684887459806984,0.0,0.019292604501607736,10
278,2021-10-26 00:00:00,12.18,12.27,12.05,12.13,6111452.0,-0.004105090311986776,0.007389162561576343,0.010673234811165765,10
279,2021-10-27 00:00:00,12.15,12.19,11.71,11.85,16290515.0,-0.024691358024691416,0.0032921810699587774,0.03621399176954728,10
280,2021-10-28 00:00:00,11.9,11.955,11.8,11.86,8576346.0,-0.0033613445378152034,0.004621848739495774,0.008403361344537785,10
281,2021-10-29 00:00:00,11.89,11.995,11.815,11.86,7025189.0,-0.002523128679562753,0.008830950378469187,0.006307821698906734,10
282,2021-11-01 00:00:00,11.94,12.226,11.9,12.07,8171896.0,0.010887772194304923,0.023953098827470803,0.0033500837520937313,11
283,2021-11-02 00:00:00,12.07,12.28,11.83,12.23,9359776.0,0.013256006628003325,0.017398508699254273,0.01988400994200499,11
284,2021-11-03 00:00:00,12.04,12.25,11.965,12.18,14656672.0,0.011627906976744234,0.01744186046511635,0.006229235880398612,11
285,2021-11-04 00:00:00,12.82,14.24,12.65,13.72,48321735.0,0.07020280811232452,0.11076443057722309,0.013260530421216842,11
286,2021-11-05 00:00:00,13.95,14.495,13.87,14.11,25964424.0,0.011469534050179222,0.03906810035842294,0.005734767025089611,11
287,2021-11-08 00:00:00,14.1,14.15,13.88,14.02,12708824.0,-0.0056737588652482325,0.0035460992907801925,0.015602836879432544,11
288,2021-11-09 00:00:00,14.02,14.14,13.78,14.0,10710793.0,-0.0014265335235377728,0.00855920114122689,0.017118402282453652,11
289,2021-11-10 00:00:00,14.0,14.17,13.93,13.95,8848423.0,-0.003571428571428622,0.012142857142857138,0.00500000000000002,11
290,2021-11-11 00:00:00,14.01,14.415,13.96,14.27,8690602.0,0.018558172733761584,0.028907922912205522,0.0035688793718771546,11
291,2021-11-12 00:00:00,14.29,14.4,14.13,14.22,5971463.0,-0.004898530440867636,0.007697690692792247,0.011196641007697577,11
292,2021-11-15 00:00:00,14.22,14.29,13.995,14.12,7708247.0,-0.007032348804500803,0.004922644163150387,0.01582278481012668,11
293,2021-11-16 00:00:00,14.17,14.1761,13.965,13.98,6990343.0,-0.013408609738884933,0.0004304869442484117,0.014467184191954838,11
294,2021-11-17 00:00:00,13.95,14.07,13.71,13.76,9603184.0,-0.013620071684587778,0.00860215053763448,0.017204301075268706,11
295,2021-11-18 00:00:00,13.74,13.82,13.575,13.6,8044415.0,-0.010189228529839925,0.005822416302765653,0.012008733624454216,11
296,2021-11-19 00:00:00,13.6,13.63,13.27,13.34,8757309.0,-0.019117647058823514,0.00220588235294126,0.02426470588235295,11
297,2021-11-22 00:00:00,13.45,13.76,13.4282,13.62,13452304.0,0.012639405204460961,0.023048327137546506,0.0016208178438660917,11
298,2021-11-23 00:00:00,13.64,14.0,13.6,13.82,9187668.0,0.0131964809384164,0.0263929618768328,0.0029325513196481615,11
299,2021-11-24 00:00:00,13.76,13.91,13.76,13.86,7727519.0,0.00726744186046509,0.0109011627906977,0.0,11
300,2021-11-26 00:00:00,13.21,13.29,13.06,13.19,5643687.0,-0.0015140045420137282,0.006056018168054375,0.011355034065102222,11
301,2021-11-29 00:00:00,13.27,13.28,12.875,12.95,8772100.0,-0.024114544084400925,0.0007535795026375122,0.029766390354182336,11
302,2021-11-30 00:00:00,12.78,12.835,12.2,12.34,17649745.0,-0.034428794992175236,0.004303599374022026,0.04538341158059469,11
303,2021-12-01 00:00:00,12.6,12.6,11.78,11.79,15342481.0,-0.06428571428571432,0.0,0.0650793650793651,12
304,2021-12-02 00:00:00,11.88,12.55,11.88,12.29,17639497.0,0.03451178451178437,0.05639730639730639,0.0,12
305,2021-12-03 00:00:00,12.37,12.58,12.28,12.37,10422011.0,0.0,0.016976556184316965,0.007275666936135802,12
306,2021-12-06 00:00:00,12.45,12.58,12.07,12.15,13740162.0,-0.02409638554216859,0.010441767068273156,0.030522088353413575,12
307,2021-12-07 00:00:00,12.13,12.345,11.99,12.28,9784495.0,0.012366034624896832,0.01772464962901895,0.011541632316570533,12
308,2021-12-08 00:00:00,12.28,12.4,12.06,12.09,9102823.0,-0.015472312703583022,0.00977198697068412,0.01791530944625398,12
309,2021-12-09 00:00:00,12.125,12.129,11.92,12.07,8673166.0,-0.0045360824742267805,0.0003298969072164585,0.016907216494845365,12
310,2021-12-10 00:00:00,12.18,12.25,11.93,12.13,9849346.0,-0.004105090311986776,0.0057471264367816325,0.020525451559934318,12
311,2021-12-13 00:00:00,12.02,12.16,11.805,11.96,9910603.0,-0.0049916805324458175,0.011647254575707202,0.017886855241264547,12
312,2021-12-14 00:00:00,11.92,12.14,11.77,11.81,11265154.0,-0.00922818791946304,0.018456375838926228,0.012583892617449695,12
313,2021-12-15 00:00:00,11.87,12.11,11.83,11.96,14646264.0,0.007582139848357341,0.02021903959561923,0.0033698399326031296,12
314,2021-12-16 00:00:00,12.04,12.42,12.04,12.33,14372087.0,0.024086378737541606,0.03156146179402,0.0,12
315,2021-12-17 00:00:00,12.35,12.69,12.12,12.59,34512181.0,0.01943319838056682,0.027530364372469626,0.018623481781376554,12
316,2021-12-20 00:00:00,12.48,12.535,12.08,12.48,11477644.0,0.0,0.0044070512820512595,0.032051282051282076,12
317,2021-12-21 00:00:00,12.74,12.905,12.6,12.68,9116639.0,-0.004709576138147605,0.01295133437990574,0.010989010989011033,12
318,2021-12-22 00:00:00,12.65,12.875,12.49,12.76,7028748.0,0.008695652173912998,0.017786561264822105,0.012648221343873528,12
319,2021-12-23 00:00:00,12.77,12.9,12.76,12.84,3979973.0,0.005481597494126882,0.010180109631949943,0.0007830853563038204,12
320,2021-12-27 00:00:00,12.78,12.86,12.595,12.82,4527599.0,0.0031298904538341883,0.006259780907668238,0.014475743348982686,12
321,2021-12-28 00:00:00,12.75,12.93,12.68,12.76,5442635.0,0.0007843137254901793,0.014117647058823507,0.005490196078431395,12
322,2021-12-29 00:00:00,12.71,12.77,12.58,12.64,6059616.0,-0.005507474429583027,0.004720692368213904,0.010228166797797072,12
323,2021-12-30 00:00:00,12.6,12.815,12.59,12.74,5023353.0,0.011111111111111157,0.01706349206349205,0.0007936507936507767,12
324,2021-12-31 00:00:00,12.68,12.86,12.535,12.55,6001569.0,-0.010252365930599291,0.014195583596214489,0.011435331230283879,12
325,2022-01-03 00:00:00,12.61,12.835,12.6,12.7,9448636.0,0.007137192704203003,0.017842981760507647,0.0007930214115780957,1
326,2022-01-04 00:00:00,12.81,12.99,12.76,12.85,8680681.0,0.003122560499609613,0.014051522248243537,0.0039032006245121554,1
327,2022-01-05 00:00:00,12.99,13.19,12.8,12.8,11985886.0,-0.014626635873749,0.015396458814472616,0.014626635873749,1
328,2022-01-06 00:00:00,13.24,13.285,12.83,13.03,10659639.0,-0.015861027190332392,0.003398791540785493,0.030966767371601218,1
329,2022-01-07 00:00:00,13.12,13.81,13.05,13.77,14046481.0,0.0495426829268293,0.05259146341463425,0.005335365853658423,1
330,2022-01-10 00:00:00,13.725,13.93,13.47,13.65,13185683.0,-0.005464480874316888,0.014936247723132975,0.018579234972677525,1
331,2022-01-11 00:00:00,13.79,13.8,13.27,13.34,9904675.0,-0.032632342277012276,0.0007251631617114985,0.037708484408991993,1
332,2022-01-12 00:00:00,13.31,13.5,13.22,13.29,6929047.0,-0.0015026296018032569,0.01427498121712994,0.006761833208114189,1
333,2022-01-13 00:00:00,12.64,12.7,12.22,12.27,37725833.0,-0.029272151898734253,0.004746835443037873,0.03322784810126581,1
334,2022-01-14 00:00:00,12.245,12.39,12.02,12.34,17011374.0,0.007758268681094377,0.011841567986933553,0.018374846876276003,1
335,2022-01-18 00:00:00,12.38,12.475,11.93,12.13,13099728.0,-0.020193861066235864,0.007673667205169536,0.03634894991922464,1
336,2022-01-19 00:00:00,12.22,12.32,11.9,12.1,9081684.0,-0.009819967266775859,0.008183306055646452,0.026186579378068762,1
337,2022-01-20 00:00:00,12.13,12.39,12.045,12.05,13399282.0,-0.006595218466611712,0.02143446001648803,0.007007419620775008,1
338,2022-01-21 00:00:00,12.02,12.17,11.93,12.03,10024604.0,0.0008319467554076363,0.01247920133111484,0.007487520798668873,1
339,2022-01-24 00:00:00,11.95,12.27,11.81,12.25,13712189.0,0.025104602510460313,0.026778242677824294,0.011715481171548017,1
340,2022-01-25 00:00:00,12.21,12.26,11.93,12.1,10661356.0,-0.009009009009009108,0.0040950040950040074,0.022932022932023025,1
341,2022-01-26 00:00:00,12.23,12.28,11.875,12.02,14203836.0,-0.017170891251022145,0.004088307440719455,0.02902698282910878,1
342,2022-01-27 00:00:00,12.05,12.235,11.78,11.88,10882581.0,-0.01410788381742738,0.015352697095435578,0.02240663900414949,1
343,2022-01-28 00:00:00,11.92,12.15,11.8,12.14,10743352.0,0.018456375838926228,0.019295302013422853,0.010067114093959667,1
344,2022-01-31 00:00:00,12.02,12.37,11.98,12.36,11947875.0,0.02828618968386022,0.029118136439267858,0.003327787021630545,1
345,2022-02-01 00:00:00,12.36,12.715,12.3211,12.58,16565334.0,0.017799352750809114,0.028721682847896477,0.0031472491909385063,2
346,2022-02-02 00:00:00,12.6,12.79,12.48,12.79,9575546.0,0.01507936507936504,0.01507936507936504,0.009523809523809462,2
347,2022-02-03 00:00:00,12.78,12.93,12.55,12.61,8628326.0,-0.013302034428794988,0.011737089201877963,0.01799687010954606,2
348,2022-02-04 00:00:00,12.55,12.65,12.39,12.51,10256908.0,-0.0031872509960160097,0.007968127490039813,0.012749003984063756,2
349,2022-02-07 00:00:00,12.59,12.69,12.51,12.54,13154348.0,-0.003971405877680755,0.00794281175536137,0.006354249404289124,2
350,2022-02-08 00:00:00,12.62,12.69,12.51,12.68,13099186.0,0.004754358161648218,0.005546751188589563,0.008716323296354947,2
351,2022-02-09 00:00:00,12.66,12.8658,12.63,12.82,20512911.0,0.012638230647709331,0.016255924170616113,0.002369668246445447,2
352,2022-02-10 00:00:00,11.17,11.25,10.74,10.83,65355771.0,-0.030438675022381366,0.007162041181736801,0.038495971351835245,2
353,2022-02-11 00:00:00,10.92,10.92,10.08,10.09,49941410.0,-0.07600732600732601,0.0,0.07692307692307691,2
354,2022-02-14 00:00:00,10.0,10.14,9.72,9.91,34493278.0,-0.008999999999999985,0.014000000000000058,0.027999999999999935,2
355,2022-02-15 00:00:00,9.98,10.11,9.88,10.04,24005988.0,0.006012024048096064,0.013026052104208317,0.010020040080160284,2
356,2022-02-16 00:00:00,9.94,10.05,9.82,9.86,19874101.0,-0.008048289738430591,0.011066398390342175,0.012072434607645796,2
357,2022-02-17 00:00:00,9.89,9.92,9.72,9.78,17434912.0,-0.011122345803842387,0.003033367037411462,0.01718907987866531,2
358,2022-02-18 00:00:00,9.71,9.96,9.66,9.94,17721157.0,0.023686920700308818,0.025746652935118432,0.00514933058702376,2
359,2022-02-22 00:00:00,9.85,9.99,9.59,9.78,19632354.0,-0.007106598984771602,0.014213197969543205,0.026395939086294395,2
360,2022-02-23 00:00:00,9.8,9.885,9.58,9.62,18129079.0,-0.01836734693877566,0.008673469387755007,0.0224489795918368,2
361,2022-02-24 00:00:00,9.45,9.74,9.31,9.73,20977355.0,0.029629629629629752,0.030687830687830788,0.014814814814814689,2
362,2022-02-25 00:00:00,9.68,10.27,9.68,10.09,16774350.0,0.042355371900826465,0.06095041322314048,0.0,2
363,2022-02-28 00:00:00,9.95,10.4,9.93,10.36,22138799.0,0.04120603015075379,0.045226130653266444,0.0020100502512562387,2
364,2022-03-01 00:00:00,10.35,10.52,10.2,10.42,14022663.0,0.006763285024154617,0.016425120772946854,0.01449275362318844,3
365,2022-03-02 00:00:00,10.51,10.52,10.26,10.34,14279088.0,-0.016175071360608938,0.0009514747859181529,0.02378686964795433,3
366,2022-03-03 00:00:00,10.47,10.78,10.4,10.73,15882022.0,0.024832855778414497,0.029608404966571033,0.00668576886341932,3
367,2022-03-04 00:00:00,10.6,10.77,10.44,10.55,12723054.0,-0.004716981132075371,0.016037735849056597,0.015094339622641523,3
368,2022-03-07 00:00:00,10.18,10.69,10.145,10.68,17964673.0,0.049115913555992145,0.05009823182711196,0.003438113948919464,3
369,2022-03-08 00:00:00,10.66,11.335,10.63,10.95,35183089.0,0.027204502814258832,0.06332082551594753,0.0028142589118198276,3
370,2022-03-09 00:00:00,11.02,11.0901,10.565,10.62,20667103.0,-0.03629764065335757,0.006361161524500912,0.0412885662431942,3
371,2022-03-10 00:00:00,10.58,10.77,10.41,10.59,15140135.0,0.0009451795841209628,0.01795841209829863,0.016068052930056705,3
372,2022-03-11 00:00:00,10.64,10.93,10.605,10.68,11398091.0,0.003759398496240521,0.02725563909774428,0.0032894736842105396,3
373,2022-03-14 00:00:00,10.81,10.85,10.54,10.71,9641428.0,-0.00925069380203512,0.003700277520813982,0.024976873265495036,3
374,2022-03-15 00:00:00,10.75,10.86,10.55,10.78,11724143.0,0.0027906976744185453,0.01023255813953483,0.01860465116279063,3
375,2022-03-16 00:00:00,10.8,10.9,10.61,10.82,10680571.0,0.0018518518518518122,0.009259259259259226,0.017592592592592708,3
376,2022-03-17 00:00:00,10.82,10.88,10.63,10.81,8643357.0,-0.0009242144177448971,0.005545286506469547,0.017560073937153375,3
377,2022-03-18 00:00:00,10.87,11.15,10.78,11.09,25454534.0,0.020239190432382766,0.025758969641214456,0.008279668813247458,3
378,2022-03-21 00:00:00,11.1,11.25,10.92,10.96,9575916.0,-0.012612612612612505,0.013513513513513545,0.016216216216216193,3
379,2022-03-22 00:00:00,11.03,11.09,10.805,10.96,9576983.0,-0.00634632819582942,0.005439709882139664,0.020398912058023543,3
380,2022-03-23 00:00:00,10.98,11.14,10.83,10.87,7396520.0,-0.010018214936247832,0.014571948998178519,0.013661202185792382,3
381,2022-03-24 00:00:00,10.89,10.95,10.79,10.89,7265732.0,0.0,0.005509641873278119,0.009182736455463858,3
382,2022-03-25 00:00:00,10.93,11.45,10.89,11.4,10682104.0,0.04300091491308332,0.047575480329368675,0.0036596523330282844,3
383,2022-03-28 00:00:00,11.19,11.21,10.94,11.21,10243682.0,0.0017873100983021761,0.0017873100983021761,0.022341376228775692,3
384,2022-03-29 00:00:00,11.2,11.365,11.15,11.33,8095069.0,0.011607142857142927,0.01473214285714294,0.0044642857142856195,3
385,2022-03-30 00:00:00,11.32,11.54,11.25,11.38,9149439.0,0.005300353356890503,0.019434628975264916,0.006183745583038894,3
386,2022-03-31 00:00:00,11.38,11.45,11.24,11.27,9076825.0,-0.009666080843585343,0.006151142355008656,0.012302284710017623,3
387,2022-04-01 00:00:00,11.34,11.52,11.16,11.51,9367671.0,0.014991181657848318,0.015873015873015848,0.015873015873015848,4
388,2022-04-04 00:00:00,11.46,11.585,11.39,11.53,7891013.0,0.006108202443280847,0.010907504363001745,0.006108202443281001,4
389,2022-04-05 00:00:00,11.52,11.68,11.275,11.28,11421968.0,-0.020833333333333353,0.013888888888888902,0.021267361111111042,4
390,2022-04-06 00:00:00,11.22,11.395,11.07,11.29,12045580.0,0.006238859180035517,0.01559714795008903,0.013368983957219282,4
391,2022-04-07 00:00:00,11.31,11.51,11.16,11.4,8684723.0,0.0079575596816976,0.017683465959327963,0.013262599469496051,4
392,2022-04-08 00:00:00,11.33,11.47,11.23,11.36,7882573.0,0.0026478375992938534,0.012356575463371629,0.008826125330979668,4
393,2022-04-11 00:00:00,11.37,11.62,11.33,11.4,9056143.0,0.0026385224274407333,0.02198768689533861,0.003518029903254103,4
394,2022-04-12 00:00:00,11.48,11.55,11.33,11.4,6967539.0,-0.0069686411149825845,0.006097560975609781,0.013066202090592364,4
395,2022-04-13 00:00:00,11.38,11.58,11.35,11.56,6380022.0,0.015817223198593997,0.017574692442882185,0.0026362038664324372,4
396,2022-04-14 00:00:00,11.59,11.68,11.455,11.47,5746940.0,-0.01035375323554782,0.007765314926660902,0.011647972389991353,4
397,2022-04-18 00:00:00,11.46,11.54,11.27,11.34,7526594.0,-0.010471204188481761,0.006980802792320968,0.01657940663176276,4
398,2022-04-19 00:00:00,11.37,11.58,11.31,11.53,7951694.0,0.014072119613016723,0.01846965699208451,0.005277044854881154,4
399,2022-04-20 00:00:00,11.57,11.65,11.45,11.59,6447876.0,0.001728608470181467,0.006914433880726022,0.01037165082108911,4
400,2022-04-21 00:00:00,11.64,11.74,11.57,11.61,6479676.0,-0.0025773195876289635,0.00859106529209619,0.006013745704467378,4
401,2022-04-22 00:00:00,11.6,11.65,10.75,10.81,18407730.0,-0.068103448275862,0.004310344827586268,0.07327586206896548,4
402,2022-04-25 00:00:00,10.74,10.97,10.39,10.87,13425732.0,0.012104283054003632,0.021415270018622014,0.03258845437616384,4
403,2022-04-26 00:00:00,10.85,11.01,10.685,10.71,9356965.0,-0.012903225806451502,0.014746543778801857,0.015207373271889323,4
404,2022-04-27 00:00:00,10.69,10.7,10.36,10.39,11366708.0,-0.028063610851262764,0.0009354536950420755,0.030869971936389157,4
405,2022-04-28 00:00:00,10.46,10.535,10.285,10.53,10338452.0,0.006692160611854541,0.00717017208412995,0.016730401529636778,4
406,2022-04-29 00:00:00,10.48,10.51,10.04,10.06,15372478.0,-0.040076335877862586,0.002862595419847267,0.0419847328244276,4
407,2022-05-02 00:00:00,10.1,10.34,10.0,10.26,17894761.0,0.015841584158415856,0.023762376237623783,0.009900990099009866,5
408,2022-05-03 00:00:00,10.22,10.585,10.19,10.41,12713725.0,0.018590998043052788,0.03571428571428573,0.0029354207436400326,5
409,2022-05-04 00:00:00,10.39,10.8,10.15,10.65,22188928.0,0.025024061597690064,0.03946102021174207,0.023099133782483176,5
410,2022-05-05 00:00:00,11.24,11.27,10.43,10.74,25967085.0,-0.04448398576512456,0.0026690391459074166,0.07206405693950182,5
411,2022-05-06 00:00:00,10.7,10.96,10.4899,10.91,18468834.0,0.019626168224299148,0.024299065420560897,0.019635514018691482,5
412,2022-05-09 00:00:00,10.91,11.265,10.78,11.15,14676541.0,0.021998166819431734,0.03253895508707612,0.011915673693858916,5
413,2022-05-10 00:00:00,11.16,11.55,10.57,10.7,18813102.0,-0.04121863799283162,0.03494623655913984,0.05286738351254479,5
414,2022-05-11 00:00:00,10.72,11.03,10.59,10.61,14789543.0,-0.01026119402985086,0.028917910447761073,0.012126865671641862,5
415,2022-05-12 00:00:00,10.7,11.56,10.67,11.47,23573141.0,0.07196261682243003,0.08037383177570105,0.0028037383177569497,5
416,2022-05-13 00:00:00,11.5,11.75,11.375,11.59,11661444.0,0.007826086956521728,0.021739130434782608,0.010869565217391304,5
417,2022-05-16 00:00:00,11.62,11.79,11.53,11.67,7724262.0,0.004302925989673039,0.014629948364888118,0.007745266781411348,5
418,2022-05-17 00:00:00,11.65,11.99,11.61,11.89,9061118.0,0.02060085836909873,0.029184549356223163,0.0034334763948498646,5
419,2022-05-18 00:00:00,11.86,11.88,11.32,11.4,10672279.0,-0.038785834738617124,0.0016863406408095575,0.045531197301854905,5
420,2022-05-19 00:00:00,11.32,11.545,11.26,11.36,12351287.0,0.003533568904593564,0.01987632508833919,0.005300353356890503,5
421,2022-05-20 00:00:00,11.38,11.4525,10.8,11.06,22869639.0,-0.028119507908611622,0.006370826010544796,0.050966608084358524,5
422,2022-05-23 00:00:00,11.145,11.52,11.02,11.45,11407893.0,0.027366532077164624,0.033647375504710635,0.011215791834903545,5
423,2022-05-24 00:00:00,11.4,11.9,11.295,11.88,12965851.0,0.04210526315789477,0.043859649122807015,0.009210526315789511,5
424,2022-05-25 00:00:00,11.79,12.01,11.65,11.96,13332196.0,0.014418999151823726,0.01865988125530116,0.011874469889736963,5
425,2022-05-26 00:00:00,12.08,12.345,12.064,12.3,16833940.0,0.018211920529801376,0.021937086092715278,0.0013245033112582792,5
426,2022-05-27 00:00:00,12.08,12.54,12.04,12.5,12034719.0,0.0347682119205298,0.03807947019867542,0.0033112582781457717,5
427,2022-05-31 00:00:00,12.41,12.44,12.18,12.24,21369029.0,-0.013698630136986295,0.0024174053182916488,0.018533440773569734,5
428,2022-06-01 00:00:00,12.22,12.28,11.65,11.96,13520729.0,-0.021276595744680833,0.004909983633387784,0.046644844517184966,6
429,2022-06-02 00:00:00,11.96,12.09,11.7,11.82,8353452.0,-0.011705685618729143,0.01086956521739122,0.021739130434782736,6
430,2022-06-03 00:00:00,11.81,11.875,11.6,11.64,10634078.0,-0.014394580863674846,0.005503810330228578,0.017781541066892535,6
431,2022-06-06 00:00:00,11.65,11.79,11.61,11.73,6078725.0,0.0068669527896995765,0.012017167381974145,0.0034334763948498646,6
432,2022-06-07 00:00:00,11.72,11.8865,11.63,11.85,7619611.0,0.01109215017064838,0.014206484641638156,0.007679180887372001,6
433,2022-06-08 00:00:00,11.8,11.89,11.62,11.67,6643180.0,-0.011016949152542439,0.007627118644067784,0.015254237288135719,6
434,2022-06-09 00:00:00,11.68,11.74,11.45,11.45,9019643.0,-0.019691780821917845,0.005136986301369906,0.019691780821917845,6
435,2022-06-10 00:00:00,11.39,11.63,11.26,11.27,11135479.0,-0.01053555750658481,0.021071115013169463,0.011413520632133519,6
436,2022-06-13 00:00:00,11.01,11.088,10.42,10.5,12576305.0,-0.046321525885558566,0.007084468664850082,0.05358764759309717,6
437,2022-06-14 00:00:00,10.54,10.71,10.435,10.59,11171089.0,0.004743833017077866,0.01612903225806468,0.009962049335863251,6
438,2022-06-15 00:00:00,10.61,10.74,10.35,10.5,12755569.0,-0.010367577756833123,0.012252591894439283,0.024505183788878396,6
439,2022-06-16 00:00:00,10.32,10.4,10.07,10.18,15337995.0,-0.013565891472868272,0.007751937984496131,0.024224806201550386,6
440,2022-06-17 00:00:00,10.26,10.505,10.175,10.39,29382615.0,0.012670565302144325,0.023879142300195028,0.008284600389863457,6
441,2022-06-21 00:00:00,10.72,10.94,10.525,10.79,12583079.0,0.006529850746268517,0.020522388059701385,0.01819029850746271,6
442,2022-06-22 00:00:00,10.61,10.785,10.54,10.59,10186158.0,-0.0018850141376059919,0.01649387370405285,0.006597549481621139,6
443,2022-06-23 00:00:00,10.63,10.96,10.614,10.95,10940354.0,0.030103480714957526,0.0310442144873001,0.0015051740357478847,6
444,2022-06-24 00:00:00,11.0,11.3764,10.88,11.27,15766387.0,0.024545454545454506,0.03421818181818184,0.010909090909090839,6
445,2022-06-27 00:00:00,11.28,11.43,11.195,11.37,7823491.0,0.007978723404255306,0.013297872340425565,0.00753546099290772,6
446,2022-06-28 00:00:00,11.5,11.61,11.215,11.25,7444741.0,-0.021739130434782608,0.009565217391304299,0.024782608695652186,6
447,2022-06-29 00:00:00,11.27,11.29,11.08,11.24,6462135.0,-0.002661934338952916,0.0017746228926352773,0.01685891748003545,6
448,2022-06-30 00:00:00,11.08,11.14,10.84,10.91,8960354.0,-0.015342960288808659,0.005415162454873691,0.021660649819494605,6
449,2022-07-01 00:00:00,10.92,11.187,10.89,11.14,9364263.0,0.020146520146520207,0.024450549450549402,0.002747252747252689,7
450,2022-07-05 00:00:00,11.01,11.1,10.835,11.08,9438692.0,0.006357856494096302,0.008174386920980914,0.015894641235240595,7
451,2022-07-06 00:00:00,11.07,11.13,10.78,10.86,7289727.0,-0.018970189701897094,0.0054200542005420505,0.026196928635953107,7
452,2022-07-07 00:00:00,10.9,11.03,10.875,10.95,9608935.0,0.0045871559633026545,0.011926605504587065,0.002293577981651409,7
453,2022-07-08 00:00:00,10.97,11.07,10.77,10.81,7523786.0,-0.014585232452142218,0.009115770282588845,0.018231540565177853,7
454,2022-07-11 00:00:00,10.8,10.93,10.68,10.69,8069967.0,-0.010185185185185297,0.012037037037036943,0.011111111111111202,7
455,2022-07-12 00:00:00,10.68,10.965,10.63,10.85,6620657.0,0.015917602996254675,0.02668539325842698,0.004681647940074807,7
456,2022-07-13 00:00:00,10.78,10.865,10.545,10.77,5334779.0,-0.0009276437847866222,0.007884972170686537,0.021799628942486035,7
457,2022-07-14 00:00:00,10.51,10.65,10.46,10.63,7659565.0,0.011417697431018173,0.013320647002854479,0.004757373929590764,7
458,2022-07-15 00:00:00,10.84,10.84,10.59,10.77,6768968.0,-0.006457564575645783,0.0,0.023062730627306273,7
459,2022-07-18 00:00:00,10.83,10.92,10.75,10.78,6907858.0,-0.0046168051708218565,0.008310249307479211,0.007386888273314873,7
460,2022-07-19 00:00:00,10.89,11.12,10.8,11.04,8407436.0,0.01377410468319546,0.02112029384756645,0.008264462809917342,7
461,2022-07-20 00:00:00,11.01,11.11,10.88,11.05,8004397.0,0.0036330608537693846,0.00908265213442322,0.011807447774750138,7
462,2022-07-21 00:00:00,10.44,10.49,10.05,10.45,19527436.0,0.0009578544061302479,0.004789272030651409,0.037356321839080345,7
463,2022-07-22 00:00:00,10.35,10.55,10.3137,10.55,9315687.0,0.019323671497584644,0.019323671497584644,0.003507246376811487,7
464,2022-07-25 00:00:00,10.62,10.75,10.5,10.63,7286535.0,0.0009416195856875296,0.012241054613936044,0.011299435028248515,7
465,2022-07-26 00:00:00,10.65,10.84,10.55,10.74,8821858.0,0.0084507042253521,0.017840375586854414,0.009389671361502313,7
466,2022-07-27 00:00:00,10.82,10.99,10.65,10.97,6652692.0,0.013863216266173786,0.01571164510166358,0.01571164510166358,7
467,2022-07-28 00:00:00,11.0,11.1,10.7,10.87,10510250.0,-0.011818181818181889,0.00909090909090906,0.027272727272727337,7
468,2022-07-29 00:00:00,10.9,10.995,10.81,10.89,9980176.0,-0.0009174311926605309,0.008715596330275124,0.00825688073394494,7
469,2022-08-01 00:00:00,10.9,11.12,10.86,11.03,10390787.0,0.011926605504587065,0.020183486238532004,0.0036697247706422866,8
470,2022-08-02 00:00:00,10.96,11.03,10.69,10.77,9591199.0,-0.01733576642335778,0.006386861313868476,0.024635036496350488,8
471,2022-08-03 00:00:00,11.12,11.2,10.93,11.15,12949885.0,0.0026978417266188075,0.007194244604316554,0.017086330935251755,8
472,2022-08-04 00:00:00,10.87,10.91,10.46,10.84,17851782.0,-0.0027598896044157646,0.00367985280588785,0.037718491260349436,8
473,2022-08-05 00:00:00,10.77,10.8,10.61,10.68,10780119.0,-0.008356545961002772,0.0027855153203343677,0.01485608170844941,8
474,2022-08-08 00:00:00,10.79,11.22,10.78,10.97,8950243.0,0.016682113067655376,0.03985171455050987,0.0009267840593141601,8
475,2022-08-09 00:00:00,10.97,11.01,10.78,10.87,6632250.0,-0.009115770282589008,0.0036463081130354734,0.017319963536918986,8
476,2022-08-10 00:00:00,10.93,11.05,10.82,10.89,7506206.0,-0.0036596523330282844,0.010978956999085179,0.010064043915827945,8
477,2022-08-11 00:00:00,11.01,11.235,10.98,11.15,8599327.0,0.012715712988192605,0.020435967302452285,0.0027247956403269173,8
478,2022-08-12 00:00:00,11.25,11.305,11.13,11.23,6653615.0,-0.00177777777777774,0.004888888888888864,0.010666666666666597,8
479,2022-08-15 00:00:00,11.175,11.175,10.92,11.07,7625738.0,-0.009395973154362454,0.0,0.022818791946308793,8
480,2022-08-16 00:00:00,11.12,11.375,11.12,11.26,8170263.0,0.012589928057554009,0.022931654676259065,0.0,8
481,2022-08-17 00:00:00,11.19,11.23,10.98,11.06,6023800.0,-0.011617515638963271,0.0035746201966041936,0.0187667560321715,8
482,2022-08-18 00:00:00,11.06,11.08,10.93,11.04,7518780.0,-0.0018083182640145886,0.0018083182640144279,0.011754068716094102,8
483,2022-08-19 00:00:00,10.98,11.11,10.9,11.06,8450368.0,0.007285974499089259,0.011839708561019945,0.007285974499089259,8
484,2022-08-22 00:00:00,10.95,10.99,10.7,10.71,12790546.0,-0.02191780821917794,0.003652968036529765,0.022831050228310504,8
485,2022-08-23 00:00:00,10.75,10.945,10.75,10.88,8260274.0,0.012093023255814026,0.018139534883720956,0.0,8
486,2022-08-24 00:00:00,10.91,10.965,10.775,10.91,11272287.0,0.0,0.005041246562786409,0.012373968835930319,8
487,2022-08-25 00:00:00,10.97,11.07,10.94,11.05,8888815.0,0.007292616226071109,0.009115770282588845,0.002734731084776767,8
488,2022-08-26 00:00:00,11.07,11.09,10.715,10.76,11490724.0,-0.02800361336946707,0.0018066847335139634,0.03206865401987357,8
489,2022-08-29 00:00:00,10.445,10.53,10.26,10.29,11451033.0,-0.014839636189564494,0.00813786500718038,0.01771182383915754,8
490,2022-08-30 00:00:00,10.3,10.31,10.02,10.05,11721551.0,-0.024271844660194174,0.0009708737864077462,0.027184466019417583,8
491,2022-08-31 00:00:00,10.03,10.11,9.94,9.96,14557535.0,-0.006979062811565156,0.00797607178464607,0.008973080757726806,8
492,2022-09-01 00:00:00,9.89,10.07,9.84,10.07,10214811.0,0.01820020222446913,0.01820020222446913,0.005055611729019283,9
493,2022-09-02 00:00:00,10.18,10.19,9.84,9.85,9023394.0,-0.03241650294695482,0.000982318271119822,0.033398821218074644,9
494,2022-09-06 00:00:00,9.9,9.91,9.58,9.67,15327961.0,-0.023232323232323274,0.0010101010101009886,0.03232323232323235,9
495,2022-09-07 00:00:00,9.66,9.87,9.64,9.78,9417235.0,0.012422360248447124,0.021739130434782514,0.0020703933747411567,9
496,2022-09-08 00:00:00,9.75,9.77,9.47,9.66,13243819.0,-0.009230769230769216,0.0020512820512820075,0.028717948717948652,9
497,2022-09-09 00:00:00,9.79,10.01,9.77,9.97,12756430.0,0.018386108273748876,0.02247191011235962,0.0020429009193053704,9
498,2022-09-12 00:00:00,10.07,10.165,9.965,10.07,12926648.0,0.0,0.00943396226415083,0.010427010923535296,9
499,2022-09-13 00:00:00,9.83,9.87,9.09,9.15,28883271.0,-0.06917599186164798,0.004069175991861561,0.07527975584944051,9
500,2022-09-14 00:00:00,9.2,9.21,8.94,8.95,21395375.0,-0.027173913043478264,0.0010869565217393005,0.02826086956521737,9
501,2022-09-15 00:00:00,8.97,9.1171,8.87,8.96,13481935.0,-0.0011148272017836997,0.016399108138238572,0.011148272017837392,9
502,2022-09-16 00:00:00,8.92,8.92,8.7523,8.8,34572176.0,-0.01345291479820619,0.0,0.01880044843049327,9
503,2022-09-19 00:00:00,8.75,8.87,8.695,8.82,12833060.0,0.008000000000000033,0.013714285714285625,0.006285714285714253,9
504,2022-09-20 00:00:00,8.72,8.73,8.43,8.56,18615477.0,-0.018348623853211024,0.0011467889908256636,0.03325688073394506,9
505,2022-09-21 00:00:00,8.59,8.65,8.43,8.46,20804704.0,-0.01513387660069837,0.0069848661233993595,0.018626309662398154,9
506,2022-09-22 00:00:00,8.48,8.5,8.17,8.32,20282205.0,-0.018867924528301903,0.0023584905660376855,0.03655660377358496,9
507,2022-09-23 00:00:00,8.17,8.25,7.95,8.13,20119135.0,-0.004895960832313237,0.009791921664626693,0.026927784577723348,9
508,2022-09-26 00:00:00,8.09,8.17,7.62,7.71,25260848.0,-0.046971569839307774,0.009888751545117438,0.05809641532756486,9
509,2022-09-27 00:00:00,7.83,7.97,7.57,7.6,25084464.0,-0.029374201787994946,0.01787994891443163,0.03320561941251594,9
510,2022-09-28 00:00:00,7.63,7.855,7.62,7.82,14059007.0,0.02490170380078642,0.02948885976408919,0.0013106159895150441,9
511,2022-09-29 00:00:00,7.71,7.75,7.28,7.38,21254629.0,-0.04280155642023347,0.005188067444876788,0.05577172503242538,9
512,2022-09-30 00:00:00,7.45,7.52,7.27,7.28,22571133.0,-0.022818791946308713,0.009395973154362336,0.024161073825503435,9
513,2022-10-03 00:00:00,7.52,7.8,7.365,7.78,20665972.0,0.034574468085106475,0.03723404255319152,0.02061170212765949,10
514,2022-10-04 00:00:00,7.9,8.06,7.88,8.04,18479547.0,0.017721518987341617,0.020253164556962043,0.0025316455696203113,10
515,2022-10-05 00:00:00,7.41,7.62,7.13,7.28,26629405.0,-0.017543859649122792,0.028340080971659912,0.03778677462887992,10
516,2022-10-06 00:00:00,7.26,7.34,6.88,6.93,31993900.0,-0.04545454545454546,0.011019283746556485,0.05234159779614324,10
517,2022-10-07 00:00:00,6.88,6.88,6.63,6.7,24952737.0,-0.02616279069767438,0.0,0.036337209302325583,10
518,2022-10-10 00:00:00,6.75,6.83,6.49,6.51,16726077.0,-0.03555555555555559,0.011851851851851862,0.03851851851851849,10
519,2022-10-11 00:00:00,6.38,6.78,6.34,6.67,30725343.0,0.04545454545454546,0.06269592476489035,0.006269592476489034,10
520,2022-10-12 00:00:00,6.67,6.74,6.56,6.63,20589822.0,-0.00599700149925038,0.010494752623688198,0.01649175412293858,10
521,2022-10-13 00:00:00,6.5,6.91,6.42,6.84,19427155.0,0.052307692307692284,0.0630769230769231,0.012307692307692318,10
522,2022-10-14 00:00:00,6.86,6.91,6.66,6.72,14200111.0,-0.020408163265306204,0.007288629737609303,0.02915451895043734,10
523,2022-10-17 00:00:00,6.85,7.05,6.84,6.88,12284507.0,0.004379562043795657,0.02919708029197083,0.001459854014598509,10
524,2022-10-18 00:00:00,7.0,7.13,6.98,7.08,15047050.0,0.011428571428571439,0.018571428571428555,0.0028571428571427964,10
525,2022-10-19 00:00:00,6.98,7.035,6.76,6.85,14734290.0,-0.018624641833811,0.007879656160458411,0.0315186246418339,10
526,2022-10-20 00:00:00,6.86,7.02,6.68,6.7,17816750.0,-0.023323615160349875,0.023323615160349743,0.026239067055393674,10
527,2022-10-21 00:00:00,6.67,6.89,6.5794,6.66,18457873.0,-0.0014992503748125618,0.03298350824587702,0.013583208395802135,10
528,2022-10-24 00:00:00,6.7,6.8,6.63,6.75,20235826.0,0.007462686567164152,0.014925373134328304,0.010447761194029893,10
529,2022-10-25 00:00:00,6.72,6.93,6.685,6.92,21634229.0,0.029761904761904788,0.031249999999999997,0.005208333333333355,10
530,2022-10-26 00:00:00,6.96,7.22,6.91,7.06,16483714.0,0.014367816091953972,0.03735632183908043,0.007183908045976986,10
531,2022-10-27 00:00:00,7.16,7.18,6.935,6.97,14797871.0,-0.026536312849162066,0.002793296089385415,0.03142458100558666,10
532,2022-10-28 00:00:00,7.05,7.35,7.0201,7.34,16346178.0,0.04113475177304965,0.04255319148936168,0.0042411347517729925,10
533,2022-10-31 00:00:00,7.34,7.37,7.115,7.36,16448007.0,0.0027247956403270383,0.0040871934604904975,0.030653950953678427,10
534,2022-11-01 00:00:00,7.5,7.6,7.36,7.43,15321803.0,-0.00933333333333337,0.013333333333333286,0.018666666666666623,11
535,2022-11-02 00:00:00,7.37,7.39,7.015,7.05,30985913.0,-0.04341926729986435,0.002713704206241462,0.04816824966078703,11
536,2022-11-03 00:00:00,5.92,6.47,5.78,5.8,62824708.0,-0.02027027027027029,0.09290540540540537,0.023648648648648594,11
537,2022-11-04 00:00:00,5.68,6.05,5.68,5.92,42815461.0,0.042253521126760604,0.06514084507042256,0.0,11
538,2022-11-07 00:00:00,5.9,6.14,5.87,6.04,32954987.0,0.02372881355932198,0.0406779661016948,0.0050847457627119065,11
539,2022-11-08 00:00:00,6.1,6.51,6.07,6.34,35014476.0,0.039344262295082005,0.06721311475409839,0.004918032786885141,11
540,2022-11-09 00:00:00,6.27,6.51,6.24,6.33,24679457.0,0.009569377990430701,0.03827751196172252,0.004784688995215209,11
541,2022-11-10 00:00:00,6.54,6.755,6.414,6.45,23297469.0,-0.013761467889908235,0.03287461773700304,0.01926605504587161,11
542,2022-11-11 00:00:00,6.45,6.5,6.23,6.34,28770016.0,-0.01705426356589152,0.007751937984496096,0.034108527131782904,11
543,2022-11-14 00:00:00,6.34,6.44,6.24,6.31,22995365.0,-0.0047318611987382094,0.015772870662460654,0.01577287066246051,11
544,2022-11-15 00:00:00,6.25,6.38,6.02,6.08,34475012.0,-0.027199999999999988,0.02079999999999998,0.03680000000000007,11
545,2022-11-16 00:00:00,6.03,6.1,5.78,5.82,23046717.0,-0.03482587064676616,0.011608623548921955,0.04145936981757877,11
546,2022-11-17 00:00:00,5.77,5.9675,5.71,5.88,17578816.0,0.019064124783362276,0.03422876949740047,0.010398613518197507,11
547,2022-11-18 00:00:00,5.96,6.03,5.81,5.87,15625989.0,-0.015100671140939574,0.011744966442953067,0.02516778523489939,11
548,2022-11-21 00:00:00,5.86,5.91,5.68,5.76,15843203.0,-0.017064846416382343,0.008532423208191095,0.030716723549488158,11
549,2022-11-22 00:00:00,5.73,5.875,5.71,5.83,15621491.0,0.01745200698080273,0.025305410122163974,0.0034904013961606388,11
550,2022-11-23 00:00:00,5.77,5.94,5.69,5.88,14136344.0,0.019064124783362276,0.029462738301559935,0.01386481802426329,11
551,2022-11-25 00:00:00,5.88,5.94,5.795,5.84,8111487.0,-0.00680272108843538,0.010204081632653145,0.014455782312925164,11
552,2022-11-28 00:00:00,5.79,5.82,5.46,5.52,27718723.0,-0.04663212435233169,0.00518134715025911,0.056994818652849756,11
553,2022-11-29 00:00:00,5.49,5.55,5.29,5.47,32327306.0,-0.0036429872495447107,0.010928961748633809,0.0364298724954463,11
554,2022-11-30 00:00:00,5.46,5.54,5.31,5.47,83816849.0,0.0018315018315017925,0.014652014652014666,0.027472527472527538,11
555,2022-12-01 00:00:00,5.51,5.72,5.49,5.59,27937424.0,0.014519056261343026,0.038112522686025406,0.003629764065335676,12
556,2022-12-02 00:00:00,5.55,5.64,5.445,5.51,21399085.0,-0.007207207207207214,0.016216216216216193,0.018918918918918837,12
557,2022-12-05 00:00:00,5.48,5.52,5.15,5.2,24997088.0,-0.05109489051094895,0.007299270072992544,0.06021897810218979,12
558,2022-12-06 00:00:00,5.15,5.41,5.11,5.4,25548230.0,0.04854368932038835,0.05048543689320384,0.0077669902912621425,12
559,2022-12-07 00:00:00,5.39,5.47,5.27,5.44,22533025.0,0.009276437847866551,0.014842300556586285,0.022263450834879427,12
560,2022-12-08 00:00:00,5.45,5.49,5.34,5.4,17805808.0,-0.009174311926605472,0.00733944954128441,0.020183486238532167,12
561,2022-12-09 00:00:00,5.36,5.63,5.33,5.49,14702044.0,0.024253731343283562,0.050373134328358125,0.00559701492537318,12
562,2022-12-12 00:00:00,5.51,5.61,5.435,5.56,20311409.0,0.00907441016333935,0.018148820326678864,0.013611615245009107,12
563,2022-12-13 00:00:00,5.62,5.84,5.59,5.68,26156047.0,0.010676156583629824,0.039145907473309566,0.005338078291814991,12
564,2022-12-14 00:00:00,5.65,5.87,5.63,5.77,20705481.0,0.021238938053097206,0.038938053097345084,0.003539823008849639,12
565,2022-12-15 00:00:00,5.65,5.74,5.43,5.43,21245802.0,-0.03893805309734524,0.015929203539822984,0.03893805309734524,12
566,2022-12-16 00:00:00,5.375,5.47,5.31,5.41,83977169.0,0.0065116279069767705,0.017674418604651118,0.012093023255814026,12
567,2022-12-19 00:00:00,5.37,5.42,5.23,5.29,16501323.0,-0.014897579143389213,0.009310986964618215,0.02607076350093104,12
568,2022-12-20 00:00:00,5.24,5.31,5.18,5.28,15552497.0,0.007633587786259549,0.013358778625954082,0.011450381679389407,12
569,2022-12-21 00:00:00,5.31,5.37,5.225,5.3,19721832.0,-0.0018832391713747246,0.011299435028248681,0.016007532956685493,12
570,2022-12-22 00:00:00,5.27,5.27,5.03,5.19,20841796.0,-0.015180265654648802,0.0,0.04554079696394674,12
571,2022-12-23 00:00:00,5.16,5.3089,5.12,5.24,14821634.0,0.015503875968992262,0.02885658914728687,0.007751937984496131,12
572,2022-12-27 00:00:00,5.18,5.29,4.99,5.28,18157630.0,0.01930501930501941,0.021235521235521297,0.036679536679536585,12
573,2022-12-28 00:00:00,5.26,5.32,5.07,5.09,19537197.0,-0.03231939163498097,0.011406844106463974,0.03612167300380219,12
574,2022-12-29 00:00:00,5.12,5.37,5.11,5.3,18813326.0,0.035156249999999944,0.048828125,0.0019531249999999584,12
575,2022-12-30 00:00:00,5.24,5.3,5.11,5.22,18550610.0,-0.003816793893129859,0.011450381679389238,0.02480916030534349,12
576,2023-01-03 00:00:00,5.3,5.41,5.22,5.37,15331306.0,0.013207547169811375,0.020754716981132137,0.015094339622641523,1
577,2023-01-04 00:00:00,5.45,5.55,5.37,5.44,15739212.0,-0.0018348623853210618,0.018348623853210944,0.01467889908256882,1
578,2023-01-05 00:00:00,5.46,5.47,5.285,5.46,16760949.0,0.0,0.0018315018315017925,0.03205128205128202,1
579,2023-01-06 00:00:00,5.47,5.52,5.37,5.43,21110418.0,-0.007312614259597813,0.009140767824497225,0.01828153564899445,1
580,2023-01-09 00:00:00,5.47,5.485,5.335,5.39,14253901.0,-0.014625228519195626,0.0027422303473492813,0.02468007312614256,1
581,2023-01-10 00:00:00,5.4,5.64,5.32,5.6,19835502.0,0.0370370370370369,0.044444444444444314,0.014814814814814828,1
582,2023-01-11 00:00:00,5.63,5.96,5.61,5.82,21453961.0,0.03374777975133222,0.058614564831261116,0.003552397868561203,1
583,2023-01-12 00:00:00,5.86,6.09,5.785,6.04,23303571.0,0.030716723549488005,0.0392491467576791,0.012798634812286718,1
584,2023-01-13 00:00:00,5.95,5.97,5.79,5.9,18396603.0,-0.008403361344537785,0.0033613445378150543,0.02689075630252103,1
585,2023-01-17 00:00:00,5.87,5.9,5.57,5.59,18726613.0,-0.04770017035775132,0.005110732538330536,0.05110732538330491,1
586,2023-01-18 00:00:00,5.59,5.62,5.34,5.35,18595970.0,-0.04293381037567088,0.0053667262969589,0.044722719141323794,1
587,2023-01-19 00:00:00,5.29,5.34,5.01,5.03,34519212.0,-0.04914933837429108,0.009451795841209797,0.052930056710775095,1
588,2023-01-20 00:00:00,5.03,5.22,4.96,5.22,23453798.0,0.037773359840954174,0.037773359840954174,0.013916500994035842,1
589,2023-01-23 00:00:00,5.2,5.29,5.12,5.15,18940804.0,-0.009615384615384581,0.01730769230769228,0.015384615384615398,1
590,2023-01-24 00:00:00,5.14,6.19,5.05,5.29,24611098.0,0.029182879377431976,0.2042801556420235,0.017509727626459116,1
591,2023-01-25 00:00:00,5.23,5.31,5.17,5.3,17419330.0,0.013384321223709252,0.01529636711281055,0.011472275334608125,1
592,2023-01-26 00:00:00,5.33,5.34,5.07,5.14,23134767.0,-0.03564727954971865,0.0018761726078798848,0.04878048780487801,1
593,2023-01-27 00:00:00,5.14,5.33,5.09,5.29,17454271.0,0.029182879377431976,0.03696498054474716,0.009727626459143934,1
594,2023-01-30 00:00:00,5.18,5.29,5.13,5.14,23590744.0,-0.007722007722007729,0.021235521235521297,0.00965250965250962,1
595,2023-01-31 00:00:00,5.18,5.26,5.12,5.25,26209029.0,0.01351351351351357,0.015444015444015458,0.011583011583011508,1
596,2023-02-01 00:00:00,5.28,5.45,5.22,5.36,24278593.0,0.015151515151515164,0.03219696969696968,0.011363636363636458,2
597,2023-02-02 00:00:00,5.44,5.78,5.39,5.61,31236525.0,0.031249999999999986,0.06249999999999997,0.009191176470588366,2
598,2023-02-03 00:00:00,5.45,5.4996,5.19,5.26,43038010.0,-0.03486238532110099,0.009100917431192635,0.047706422018348585,2
599,2023-02-06 00:00:00,5.21,5.2179,5.0,5.04,32957453.0,-0.032629558541266784,0.0015163147792706796,0.04030710172744721,2
600,2023-02-07 00:00:00,5.06,5.15,4.96,4.99,50550231.0,-0.013833992094861542,0.01778656126482228,0.019762845849802303,2
601,2023-02-08 00:00:00,4.03,4.19,3.74,3.95,132390688.0,-0.01985111662531019,0.03970223325062038,0.07196029776674938,2
602,2023-02-09 00:00:00,3.97,4.15,3.77,4.0,61147199.0,0.0075566750629722425,0.04534005037783379,0.05037783375314866,2
603,2023-02-10 00:00:00,3.95,4.0385,3.88,3.96,34667970.0,0.002531645569620199,0.02240506329113919,0.017721518987341842,2
604,2023-02-13 00:00:00,3.92,4.08,3.855,4.06,29833018.0,0.035714285714285636,0.04081632653061228,0.01658163265306121,2
605,2023-02-14 00:00:00,4.02,4.06,3.82,3.93,33251767.0,-0.022388059701492394,0.009950248756218916,0.04975124378109447,2
606,2023-02-15 00:00:00,3.91,4.03,3.87,3.91,24050817.0,0.0,0.030690537084399002,0.010230179028133002,2
607,2023-02-16 00:00:00,3.86,3.92,3.785,3.84,26454632.0,-0.005181347150259072,0.015544041450777216,0.019430051813471433,2
608,2023-02-17 00:00:00,3.83,3.97,3.82,3.93,22864694.0,0.026109660574412556,0.036553524804177576,0.0026109660574413136,2
609,2023-02-21 00:00:00,3.9,3.91,3.62,3.65,31077912.0,-0.06410256410256411,0.0025641025641026235,0.07179487179487175,2
610,2023-02-22 00:00:00,3.66,3.75,3.63,3.7,28516482.0,0.010928961748633888,0.02459016393442619,0.008196721311475478,2
611,2023-02-23 00:00:00,3.71,3.71,3.5043,3.61,26118285.0,-0.02695417789757415,0.0,0.05544474393530991,2
612,2023-02-24 00:00:00,3.55,3.6,3.49,3.56,19455565.0,0.0028169014084507694,0.014084507042253596,0.016901408450704116,2
613,2023-02-27 00:00:00,3.61,3.625,3.34,3.4,40770669.0,-0.05817174515235456,0.004155124653739647,0.07479224376731303,2
614,2023-02-28 00:00:00,3.38,3.49,3.3,3.4,96522922.0,0.0059171597633136145,0.03254437869822495,0.023668639053254458,2
615,2023-03-01 00:00:00,3.42,3.42,3.23,3.23,30742909.0,-0.05555555555555554,0.0,0.05555555555555554,3
616,2023-03-02 00:00:00,3.21,3.27,3.12,3.23,31295823.0,0.006230529595015582,0.018691588785046745,0.028037383177570048,3
617,2023-03-03 00:00:00,3.22,3.25,3.14,3.17,24676290.0,-0.015527950310559088,0.009316770186335343,0.02484472049689443,3
618,2023-03-06 00:00:00,3.19,3.47,3.18,3.3,49719822.0,0.03448275862068962,0.08777429467084648,0.003134796238244447,3
619,2023-03-07 00:00:00,3.28,3.29,3.1,3.11,30937298.0,-0.05182926829268291,0.003048780487804949,0.05487804878048772,3
620,2023-03-08 00:00:00,3.1,3.13,2.99,3.02,32658239.0,-0.025806451612903247,0.009677419354838646,0.035483870967741894,3
621,2023-03-09 00:00:00,3.02,3.0478,2.8625,2.88,42294052.0,-0.04635761589403978,0.009205298013245048,0.05215231788079477,3
622,2023-03-10 00:00:00,2.87,2.88,2.64,2.68,44720215.0,-0.06620209059233448,0.0034843205574912146,0.08013937282229965,3
623,2023-03-13 00:00:00,2.46,2.69,2.43,2.6,51806812.0,0.05691056910569111,0.09349593495934959,0.012195121951219433,3
624,2023-03-14 00:00:00,2.68,2.725,2.5202,2.6,26630569.0,-0.02985074626865674,0.016791044776119375,0.05962686567164185,3
625,2023-03-15 00:00:00,2.51,2.62,2.44,2.59,32180496.0,0.0318725099601594,0.04382470119521926,0.02788844621513938,3
626,2023-03-16 00:00:00,2.57,2.57,2.41,2.49,41571287.0,-0.03112840466926056,0.0,0.062256809338521284,3
627,2023-03-17 00:00:00,2.44,2.55,2.37,2.48,316011150.0,0.016393442622950834,0.04508196721311471,0.02868852459016387,3
628,2023-03-20 00:00:00,2.45,2.55,2.385,2.49,42419690.0,0.01632653061224491,0.040816326530612096,0.026530612244898118,3
629,2023-03-21 00:00:00,2.5,2.56,2.44,2.52,36266242.0,0.008000000000000007,0.02400000000000002,0.02400000000000002,3
630,2023-03-22 00:00:00,2.55,2.635,2.47,2.48,25584194.0,-0.027450980392156803,0.03333333333333332,0.0313725490196077,3
631,2023-03-23 00:00:00,2.53,2.54,2.42,2.47,20543104.0,-0.02371541501976269,0.003952569169960566,0.043478260869565175,3
632,2023-03-24 00:00:00,2.45,2.4505,2.37,2.41,24633821.0,-0.01632653061224491,0.0002040816326529481,0.03265306122448982,3
633,2023-03-27 00:00:00,2.44,2.57,2.41,2.54,17881490.0,0.04098360655737709,0.05327868852459012,0.012295081967213035,3
634,2023-03-28 00:00:00,2.53,2.67,2.5,2.65,26168265.0,0.04743083003952574,0.055335968379446696,0.011857707509881346,3
635,2023-03-29 00:00:00,2.67,2.71,2.55,2.63,18703110.0,-0.014981273408239714,0.014981273408239714,0.04494382022471914,3
636,2023-03-30 00:00:00,2.64,2.66,2.54,2.56,13564193.0,-0.030303030303030328,0.007575757575757582,0.03787878787878791,3
637,2023-03-31 00:00:00,2.54,2.73,2.54,2.65,22308040.0,0.04330708661417318,0.07480314960629919,0.0,3
638,2023-04-03 00:00:00,2.65,2.6963,2.53,2.59,26324389.0,-0.022641509433962283,0.017471698113207552,0.04528301886792457,4
639,2023-04-04 00:00:00,2.6,2.6054,2.4,2.43,23038067.0,-0.06538461538461536,0.002076923076923019,0.07692307692307698,4
640,2023-04-05 00:00:00,2.41,2.46,2.4,2.42,14328196.0,0.004149377593360907,0.020746887966804906,0.004149377593361091,4
641,2023-04-06 00:00:00,2.41,2.46,2.39,2.43,13810307.0,0.008298755186721999,0.020746887966804906,0.008298755186721999,4
642,2023-04-10 00:00:00,2.4,2.465,2.37,2.45,22751224.0,0.020833333333333447,0.027083333333333313,0.01249999999999992,4
643,2023-04-11 00:00:00,2.43,2.59,2.43,2.57,22897593.0,0.0576131687242797,0.06584362139917682,0.0,4
644,2023-04-12 00:00:00,2.59,2.61,2.44,2.46,16521338.0,-0.050193050193050155,0.007722007722007729,0.05791505791505788,4
645,2023-04-13 00:00:00,2.44,2.47,2.34,2.35,20354045.0,-0.03688524590163929,0.012295081967213217,0.04098360655737709,4
646,2023-04-14 00:00:00,2.35,2.38,2.26,2.27,16375846.0,-0.03404255319148939,0.012765957446808427,0.03829787234042566,4
647,2023-04-17 00:00:00,2.27,2.3,2.22,2.28,18107416.0,0.004405286343612241,0.013215859030836918,0.022026431718061595,4
648,2023-04-18 00:00:00,2.28,2.29,2.18,2.18,15825390.0,-0.04385964912280686,0.004385964912280803,0.04385964912280686,4
649,2023-04-19 00:00:00,2.16,2.21,2.13,2.18,15154861.0,0.009259259259259267,0.023148148148148064,0.013888888888889003,4
650,2023-04-20 00:00:00,2.14,2.19,2.055,2.18,18977553.0,0.018691588785046745,0.023364485981308327,0.03971962616822428,4
651,2023-04-21 00:00:00,2.15,2.24,2.15,2.23,15928831.0,0.03720930232558143,0.041860465116279215,0.0,4
652,2023-04-24 00:00:00,2.25,2.425,2.25,2.42,30048061.0,0.07555555555555553,0.0777777777777777,0.0,4
653,2023-04-25 00:00:00,2.37,2.44,2.35,2.39,24095771.0,0.008438818565400852,0.029535864978902884,0.008438818565400852,4
654,2023-04-26 00:00:00,2.39,2.46,2.13,2.14,26482995.0,-0.10460251046025104,0.029288702928870224,0.10878661087866118,4
655,2023-04-27 00:00:00,2.15,2.25,2.145,2.21,18986415.0,0.027906976744186074,0.046511627906976785,0.0023255813953487877,4
656,2023-04-28 00:00:00,2.18,2.37,2.18,2.37,23220530.0,0.08715596330275226,0.08715596330275226,0.0,4
657,2023-05-01 00:00:00,2.34,2.42,2.26,2.38,19066028.0,0.01709401709401711,0.03418803418803422,0.03418803418803422,5
658,2023-05-02 00:00:00,2.32,2.36,2.25,2.34,17179167.0,0.008620689655172422,0.017241379310344845,0.03017241379310338,5
659,2023-05-03 00:00:00,2.47,2.56,2.24,2.29,35854410.0,-0.07287449392712557,0.036437246963562694,0.09311740890688258,5
660,2023-05-04 00:00:00,2.27,2.29,2.1,2.12,18903291.0,-0.06607929515418498,0.008810572687224677,0.07488986784140966,5
661,2023-05-05 00:00:00,2.26,2.29,2.13,2.28,15815995.0,0.008849557522123902,0.013274336283185952,0.05752212389380527,5
662,2023-05-08 00:00:00,2.25,2.32,2.15,2.3,18062726.0,0.022222222222222143,0.03111111111111104,0.04444444444444448,5
663,2023-05-09 00:00:00,2.23,2.42,2.17,2.37,22492640.0,0.06278026905829602,0.08520179372197308,0.02690582959641258,5
664,2023-05-10 00:00:00,2.44,2.47,2.29,2.36,19223927.0,-0.03278688524590167,0.012295081967213217,0.06147540983606554,5
665,2023-05-11 00:00:00,2.36,2.43,2.33,2.34,13283814.0,-0.00847457627118645,0.029661016949152665,0.012711864406779579,5
666,2023-05-12 00:00:00,2.32,2.38,2.295,2.36,12434064.0,0.017241379310344845,0.025862068965517265,0.01077586206896548,5
667,2023-05-15 00:00:00,2.38,2.52,2.37,2.49,16709914.0,0.04621848739495812,0.05882352941176476,0.004201680672268818,5
668,2023-05-16 00:00:00,2.48,2.55,2.46,2.53,18514768.0,0.020161290322580575,0.02822580645161284,0.008064516129032265,5
669,2023-05-17 00:00:00,2.55,2.7,2.52,2.64,20346475.0,0.03529411764705894,0.05882352941176485,0.011764705882352865,5
670,2023-05-18 00:00:00,2.61,2.62,2.41,2.51,19571433.0,-0.03831417624521077,0.0038314176245211615,0.07662835249042135,5
671,2023-05-19 00:00:00,2.49,2.5,2.35,2.35,15058559.0,-0.05622489959839362,0.004016064257028026,0.05622489959839362,5
672,2023-05-22 00:00:00,2.35,2.36,2.16,2.18,28375334.0,-0.07234042553191486,0.004255319148936079,0.08085106382978721,5
673,2023-05-23 00:00:00,2.17,2.23,2.1,2.1,24180342.0,-0.03225806451612896,0.027649769585253482,0.03225806451612896,5
674,2023-05-24 00:00:00,2.1,2.15,1.92,1.98,24066627.0,-0.05714285714285719,0.023809523809523725,0.08571428571428578,5
675,2023-05-25 00:00:00,1.98,1.98,1.85,1.88,19133929.0,-0.05050505050505055,0.0,0.06565656565656561,5
676,2023-05-26 00:00:00,1.88,2.005,1.86,1.97,21307104.0,0.04787234042553196,0.06648936170212766,0.010638297872340318,5
677,2023-05-30 00:00:00,2.0,2.05,1.97,1.98,20679306.0,-0.010000000000000009,0.02499999999999991,0.015000000000000013,5
678,2023-05-31 00:00:00,1.98,2.055,1.94,1.98,22896730.0,0.0,0.03787878787878797,0.02020202020202022,5
679,2023-06-01 00:00:00,1.98,2.02,1.86,1.95,15567050.0,-0.015151515151515166,0.02020202020202022,0.060606060606060545,6
680,2023-06-02 00:00:00,1.95,2.03,1.93,2.01,20366719.0,0.030769230769230684,0.04102564102564095,0.010256410256410265,6
681,2023-06-05 00:00:00,2.02,2.08,1.89,1.91,22190510.0,-0.054455445544554504,0.02970297029702973,0.06435643564356441,6
682,2023-06-06 00:00:00,1.91,1.91,1.77,1.8,42908225.0,-0.05759162303664915,0.0,0.07329842931937168,6
683,2023-06-07 00:00:00,1.83,1.89,1.78,1.84,35718724.0,0.005464480874316944,0.032786885245901544,0.027322404371584723,6
684,2023-06-08 00:00:00,1.85,1.8699,1.77,1.78,28693022.0,-0.03783783783783787,0.010756756756756651,0.04324324324324328,6
685,2023-06-09 00:00:00,1.78,1.8459,1.74,1.8,19985469.0,0.011235955056179785,0.037022471910112396,0.02247191011235957,6
686,2023-06-12 00:00:00,1.8695,1.88,1.78,1.83,19636682.0,-0.02112864402246583,0.005616474993313696,0.047873763038245476,6
687,2023-06-13 00:00:00,1.87,2.22,1.84,2.13,46884792.0,0.1390374331550801,0.18716577540106955,0.016042780748663114,6
688,2023-06-14 00:00:00,2.33,2.36,2.22,2.26,34560302.0,-0.030042918454935744,0.01287553648068661,0.0472103004291845,6
689,2023-06-15 00:00:00,2.23,2.31,2.18,2.25,18081321.0,0.00896860986547086,0.03587443946188344,0.02242152466367705,6
690,2023-06-16 00:00:00,2.24,2.28,2.19,2.25,36963229.0,0.004464285714285619,0.017857142857142672,0.02232142857142869,6
691,2023-06-20 00:00:00,2.24,2.25,2.1,2.11,19866016.0,-0.05803571428571443,0.004464285714285619,0.06250000000000006,6
692,2023-06-21 00:00:00,2.09,2.11,1.93,1.94,23681056.0,-0.07177033492822962,0.00956937799043063,0.07655502392344495,6
693,2023-06-22 00:00:00,1.91,1.91,1.78,1.85,22933973.0,-0.03141361256544494,0.0,0.06806282722513084,6
694,2023-06-23 00:00:00,1.85,1.88,1.78,1.82,133965648.0,-0.01621621621621623,0.01621621621621611,0.03783783783783787,6
695,2023-06-26 00:00:00,1.82,2.025,1.81,1.99,20292850.0,0.09340659340659337,0.11263736263736256,0.005494505494505499,6
696,2023-06-27 00:00:00,1.95,2.14,1.92,2.09,18844174.0,0.07179487179487175,0.09743589743589752,0.0153846153846154,6
697,2023-06-28 00:00:00,2.09,2.19,2.0,2.18,20745025.0,0.04306220095693795,0.04784688995215316,0.04306220095693773,6
698,2023-06-29 00:00:00,2.16,2.3,2.13,2.2,17654854.0,0.018518518518518535,0.06481481481481466,0.013888888888889003,6
699,2023-06-30 00:00:00,2.21,2.32,2.1803,2.26,15955498.0,0.02262443438914019,0.04977375565610854,0.013438914027149348,6
700,2023-07-03 00:00:00,2.25,2.275,2.16,2.25,7353817.0,0.0,0.011111111111111072,0.03999999999999994,7
701,2023-07-05 00:00:00,2.21,2.34,2.15,2.26,12775770.0,0.02262443438914019,0.058823529411764656,0.02714932126696835,7
702,2023-07-06 00:00:00,2.22,2.22,2.08,2.09,17291056.0,-0.0585585585585587,0.0,0.06306306306306311,7
703,2023-07-07 00:00:00,2.09,2.24,2.08,2.19,20129911.0,0.04784688995215316,0.07177033492822985,0.004784688995215209,7
704,2023-07-10 00:00:00,2.17,2.18,2.05,2.06,14027377.0,-0.05069124423963128,0.004608294930875683,0.055299539170506964,7
705,2023-07-11 00:00:00,2.06,2.17,2.05,2.07,14291380.0,0.004854368932038731,0.053398058252427126,0.004854368932038947,7
706,2023-07-12 00:00:00,2.14,2.16,2.035,2.04,14456093.0,-0.04672897196261686,0.009345794392523372,0.049065420560747655,7
707,2023-07-13 00:00:00,2.05,2.14,2.03,2.06,12943007.0,0.004878048780487918,0.043902439024390394,0.009756097560975618,7
708,2023-07-14 00:00:00,2.07,2.08,1.85,1.85,28170233.0,-0.10628019323671486,0.004830917874396247,0.10628019323671486,7
709,2023-07-17 00:00:00,1.88,1.88,1.69,1.7,29969925.0,-0.0957446808510638,0.0,0.10106382978723402,7
710,2023-07-18 00:00:00,1.74,1.74,1.61,1.62,36381167.0,-0.06896551724137924,0.0,0.07471264367816086,7
711,2023-07-19 00:00:00,1.7,1.95,1.69,1.89,34903810.0,0.11176470588235292,0.14705882352941177,0.005882352941176476,7
712,2023-07-20 00:00:00,1.91,1.97,1.86,1.9,18557001.0,-0.005235602094240842,0.03141361256544505,0.026178010471204098,7
713,2023-07-21 00:00:00,1.92,2.025,1.86,1.9,16951906.0,-0.010416666666666676,0.05468749999999999,0.031249999999999913,7
714,2023-07-24 00:00:00,1.89,1.96,1.82,1.83,12468512.0,-0.03174603174603166,0.03703703703703707,0.03703703703703695,7
715,2023-07-25 00:00:00,1.84,1.87,1.75,1.77,14338786.0,-0.038043478260869595,0.01630434782608697,0.04891304347826091,7
716,2023-07-26 00:00:00,1.77,1.83,1.76,1.81,7957437.0,0.022598870056497196,0.03389830508474579,0.005649717514124299,7
717,2023-07-27 00:00:00,1.84,1.87,1.7,1.71,13899746.0,-0.07065217391304354,0.01630434782608697,0.07608695652173919,7
718,2023-07-28 00:00:00,1.75,1.86,1.74,1.76,18748057.0,0.0057142857142857195,0.06285714285714292,0.0057142857142857195,7
719,2023-07-31 00:00:00,1.81,1.95,1.75,1.79,26021253.0,-0.011049723756906087,0.07734806629834248,0.03314917127071826,7
720,2023-08-01 00:00:00,1.82,2.08,1.73,2.03,51105304.0,0.11538461538461524,0.14285714285714285,0.04945054945054949,8
721,2023-08-02 00:00:00,1.75,1.87,1.68,1.79,39992748.0,0.022857142857142878,0.06857142857142863,0.040000000000000036,8
722,2023-08-03 00:00:00,1.76,1.78,1.68,1.68,19773942.0,-0.0454545454545455,0.011363636363636374,0.0454545454545455,8
723,2023-08-04 00:00:00,1.67,1.765,1.64,1.66,34070647.0,-0.005988023952095814,0.05688622754491016,0.017964071856287442,8
724,2023-08-07 00:00:00,1.71,1.75,1.64,1.74,30195620.0,0.017543859649122823,0.0233918128654971,0.04093567251461992,8
725,2023-08-08 00:00:00,1.7,1.745,1.665,1.71,20832781.0,0.005882352941176476,0.026470588235294207,0.0205882352941176,8
726,2023-08-09 00:00:00,1.7,1.78,1.68,1.74,17619075.0,0.023529411764705903,0.047058823529411806,0.011764705882352951,8
727,2023-08-10 00:00:00,1.75,2.02,1.75,1.89,47410625.0,0.07999999999999995,0.1542857142857143,0.0,8
728,2023-08-11 00:00:00,1.88,1.91,1.82,1.86,16564703.0,-0.010638297872340318,0.015957446808510654,0.03191489361702119,8
729,2023-08-14 00:00:00,1.84,1.86,1.77,1.81,17572851.0,-0.01630434782608697,0.010869565217391313,0.038043478260869595,8
730,2023-08-15 00:00:00,1.78,1.7952,1.69,1.69,20121281.0,-0.050561797752809036,0.008539325842696562,0.050561797752809036,8
731,2023-08-16 00:00:00,1.7,1.77,1.69,1.72,14831969.0,0.011764705882352951,0.041176470588235335,0.005882352941176476,8
732,2023-08-17 00:00:00,1.74,1.77,1.7,1.72,14312067.0,-0.011494252873563229,0.017241379310344845,0.022988505747126457,8
733,2023-08-18 00:00:00,1.69,1.75,1.69,1.7,11551059.0,0.0059171597633136145,0.03550295857988169,0.0,8
734,2023-08-21 00:00:00,1.71,1.72,1.62,1.63,18437468.0,-0.0467836257309942,0.005847953216374275,0.05263157894736834,8
735,2023-08-22 00:00:00,1.64,1.645,1.49,1.51,21589330.0,-0.07926829268292677,0.003048780487804949,0.0914634146341463,8
736,2023-08-23 00:00:00,1.52,1.55,1.4,1.52,42139462.0,0.0,0.019736842105263174,0.0789473684210527,8
737,2023-08-24 00:00:00,1.53,1.55,1.475,1.5,10735984.0,-0.01960784313725492,0.013071895424836612,0.03594771241830061,8
738,2023-08-25 00:00:00,1.5,1.58,1.5,1.55,14908312.0,0.03333333333333336,0.05333333333333338,0.0,8
739,2023-08-28 00:00:00,1.58,1.63,1.56,1.6,10103130.0,0.012658227848101276,0.03164556962025305,0.012658227848101276,8
740,2023-08-29 00:00:00,1.59,1.65,1.56,1.57,9432224.0,-0.012578616352201269,0.03773584905660367,0.018867924528301903,8
741,2023-08-30 00:00:00,1.57,1.575,1.49,1.55,12302328.0,-0.012738853503184724,0.0031847133757961104,0.0509554140127389,8
742,2023-08-31 00:00:00,1.56,1.63,1.54,1.59,10862886.0,0.019230769230769246,0.04487179487179477,0.012820512820512832,8
743,2023-09-01 00:00:00,1.6,1.64,1.56,1.58,7235566.0,-0.012500000000000011,0.024999999999999883,0.025000000000000022,9
744,2023-09-05 00:00:00,1.57,1.57,1.45,1.5,19220999.0,-0.044585987261146535,0.0,0.07643312101910835,9
745,2023-09-06 00:00:00,1.48,1.53,1.47,1.48,11609099.0,0.0,0.03378378378378381,0.006756756756756763,9
746,2023-09-07 00:00:00,1.46,1.48,1.42,1.42,15857064.0,-0.02739726027397263,0.013698630136986314,0.02739726027397263,9
747,2023-09-08 00:00:00,1.41,1.445,1.35,1.42,12772339.0,0.0070921985815602905,0.024822695035461095,0.04255319148936158,9
748,2023-09-11 00:00:00,1.43,1.46,1.36,1.37,14476114.0,-0.04195804195804184,0.020979020979020997,0.04895104895104884,9
749,2023-09-12 00:00:00,1.37,1.45,1.35,1.42,8673196.0,0.03649635036496337,0.05839416058394149,0.014598540145985413,9
750,2023-09-13 00:00:00,1.41,1.435,1.36,1.4,10880908.0,-0.0070921985815602905,0.017730496453900804,0.035460992907801296,9
751,2023-09-14 00:00:00,1.41,1.51,1.39,1.45,13899841.0,0.028368794326241162,0.0709219858156029,0.014184397163120581,9
752,2023-09-15 00:00:00,1.45,1.59,1.4401,1.54,49894019.0,0.062068965517241434,0.09655172413793112,0.006827586206896566,9
753,2023-09-18 00:00:00,1.54,1.58,1.5,1.52,11718933.0,-0.012987012987012998,0.025974025974025997,0.025974025974025997,9
754,2023-09-19 00:00:00,1.51,1.65,1.51,1.63,21780794.0,0.07947019867549661,0.0927152317880794,0.0,9
755,2023-09-20 00:00:00,1.62,1.67,1.61,1.63,11839491.0,0.006172839506172707,0.030864197530864085,0.006172839506172844,9
756,2023-09-21 00:00:00,1.58,1.595,1.5348,1.54,12048234.0,-0.025316455696202552,0.009493670886075887,0.02860759493670894,9
757,2023-09-22 00:00:00,1.51,1.58,1.5,1.51,11027972.0,0.0,0.04635761589403978,0.006622516556291397,9
758,2023-09-25 00:00:00,1.46,1.48,1.39,1.39,14496544.0,-0.0479452054794521,0.013698630136986314,0.0479452054794521,9
759,2023-09-26 00:00:00,1.38,1.4,1.3,1.3,14132269.0,-0.05797101449275352,0.01449275362318842,0.05797101449275352,9
760,2023-09-27 00:00:00,1.32,1.43,1.31,1.39,24063571.0,0.05303030303030291,0.08333333333333323,0.007575757575757582,9
761,2023-09-28 00:00:00,1.39,1.43,1.3501,1.43,13138731.0,0.028776978417266216,0.028776978417266216,0.028705035971222898,9
762,2023-09-29 00:00:00,1.43,1.49,1.415,1.42,12842387.0,-0.006993006993007,0.041958041958041994,0.010489510489510422,9
763,2023-10-02 00:00:00,1.4,1.45,1.36,1.39,12641603.0,-0.00714285714285715,0.03571428571428575,0.02857142857142844,10
764,2023-10-03 00:00:00,1.38,1.3999,1.29,1.31,17922510.0,-0.050724637681159306,0.014420289855072486,0.06521739130434773,10
765,2023-10-04 00:00:00,1.31,1.34,1.29,1.34,11389632.0,0.022900763358778647,0.022900763358778647,0.015267175572519097,10
766,2023-10-05 00:00:00,1.29,1.36,1.29,1.35,7432857.0,0.046511627906976785,0.054263565891472916,0.0,10
767,2023-10-06 00:00:00,1.32,1.34,1.29,1.29,12361814.0,-0.022727272727272745,0.015151515151515164,0.022727272727272745,10
768,2023-10-09 00:00:00,1.29,1.32,1.27,1.31,5508753.0,0.015503875968992262,0.023255813953488393,0.015503875968992262,10
769,2023-10-10 00:00:00,1.33,1.405,1.32,1.39,14758733.0,0.04511278195488709,0.056390977443608985,0.0075187969924812095,10
770,2023-10-11 00:00:00,1.39,1.43,1.32,1.33,7297478.0,-0.043165467625899165,0.028776978417266216,0.050359712230215715,10
771,2023-10-12 00:00:00,1.32,1.33,1.28,1.32,7586112.0,0.0,0.007575757575757582,0.030303030303030328,10
772,2023-10-13 00:00:00,1.32,1.35,1.3,1.32,5808347.0,0.0,0.022727272727272745,0.015151515151515164,10
773,2023-10-16 00:00:00,1.31,1.36,1.3,1.35,6019296.0,0.030534351145038195,0.038167938931297746,0.007633587786259549,10
774,2023-10-17 00:00:00,1.34,1.43,1.33,1.42,11765649.0,0.059701492537313314,0.0671641791044775,0.007462686567164185,10
775,2023-10-18 00:00:00,1.4,1.425,1.36,1.39,7053565.0,-0.00714285714285715,0.017857142857142953,0.02857142857142844,10
776,2023-10-19 00:00:00,1.39,1.44,1.365,1.39,10099959.0,0.0,0.03597122302158277,0.017985611510791304,10
777,2023-10-20 00:00:00,1.38,1.43,1.36,1.39,9403404.0,0.00724637681159421,0.03623188405797105,0.014492753623188259,10
778,2023-10-23 00:00:00,1.36,1.4,1.3,1.3,11586206.0,-0.04411764705882357,0.029411764705882214,0.04411764705882357,10
779,2023-10-24 00:00:00,1.3,1.39,1.3,1.37,7815358.0,0.05384615384615389,0.06923076923076912,0.0,10
780,2023-10-25 00:00:00,1.35,1.385,1.34,1.34,6490811.0,-0.007407407407407414,0.025925925925925866,0.007407407407407414,10
781,2023-10-26 00:00:00,1.345,1.4,1.31,1.4,9891474.0,0.04089219330855014,0.04089219330855014,0.026022304832713696,10
782,2023-10-27 00:00:00,1.37,1.39,1.32,1.33,11137656.0,-0.029197080291970826,0.014598540145985252,0.036496350364963535,10
783,2023-10-30 00:00:00,1.35,1.53,1.345,1.49,18749287.0,0.10370370370370363,0.13333333333333328,0.003703703703703789,10
784,2023-10-31 00:00:00,1.45,1.56,1.4,1.46,21482660.0,0.006896551724137937,0.07586206896551731,0.03448275862068969,10
785,2023-11-01 00:00:00,1.38,1.4,0.97,0.9801,60632292.0,-0.28978260869565214,0.01449275362318842,0.2971014492753623,11
786,2023-11-02 00:00:00,1.03,1.06,0.7801,1.06,120487018.0,0.029126213592233035,0.029126213592233035,0.24262135922330097,11
787,2023-11-03 00:00:00,1.04,1.17,1.03,1.12,26719029.0,0.07692307692307698,0.12499999999999989,0.009615384615384623,11
788,2023-11-06 00:00:00,1.18,1.35,1.15,1.32,39065523.0,0.11864406779661028,0.14406779661016964,0.025423728813559344,11
789,2023-11-07 00:00:00,1.28,1.44,1.26,1.3,20849796.0,0.015625000000000014,0.12499999999999993,0.015625000000000014,11
790,2023-11-08 00:00:00,1.35,1.3856,1.255,1.3,15626974.0,-0.03703703703703707,0.02637037037037026,0.07037037037037051,11
791,2023-11-09 00:00:00,1.35,1.36,1.17,1.18,15149307.0,-0.12592592592592602,0.007407407407407414,0.13333333333333344,11
792,2023-11-10 00:00:00,1.19,1.21,1.11,1.19,12271329.0,0.0,0.016806722689075647,0.0672268907563024,11
793,2023-11-13 00:00:00,1.18,1.225,1.13,1.15,10620228.0,-0.025423728813559344,0.03813559322033911,0.04237288135593224,11
794,2023-11-14 00:00:00,1.21,1.34,1.19,1.3,21285057.0,0.07438016528925627,0.10743801652892572,0.016528925619834725,11
795,2023-11-15 00:00:00,1.3,1.41,1.2997,1.38,14369028.0,0.06153846153846142,0.08461538461538452,0.00023076923076920534,11
796,2023-11-16 00:00:00,1.33,1.38,1.28,1.38,11713091.0,0.03759398496240588,0.03759398496240588,0.03759398496240605,11
797,2023-11-17 00:00:00,1.39,1.4,1.32,1.35,8325712.0,-0.028776978417266053,0.007194244604316554,0.050359712230215715,11
798,2023-11-20 00:00:00,1.33,1.4,1.31,1.38,9006198.0,0.03759398496240588,0.0526315789473683,0.015037593984962419,11
799,2023-11-21 00:00:00,1.36,1.37,1.29,1.32,8766166.0,-0.029411764705882377,0.007352941176470594,0.05147058823529416,11
800,2023-11-22 00:00:00,1.33,1.38,1.28,1.29,10016658.0,-0.030075187969924838,0.03759398496240588,0.03759398496240605,11
801,2023-11-24 00:00:00,1.3,1.32,1.25,1.26,4947233.0,-0.030769230769230795,0.015384615384615398,0.03846153846153849,11
802,2023-11-27 00:00:00,1.26,1.3,1.21,1.23,10292955.0,-0.02380952380952383,0.03174603174603177,0.039682539682539715,11
803,2023-11-28 00:00:00,1.24,1.24,1.155,1.18,15176553.0,-0.04838709677419359,0.0,0.06854838709677416,11
804,2023-11-29 00:00:00,1.18,1.36,1.18,1.35,22497458.0,0.14406779661016964,0.15254237288135608,0.0,11
805,2023-11-30 00:00:00,1.31,1.345,1.23,1.31,15668539.0,0.0,0.026717557251908334,0.06106870229007639,11
806,2023-12-01 00:00:00,1.3,1.5,1.24,1.48,25948445.0,0.1384615384615384,0.1538461538461538,0.04615384615384619,12
807,2023-12-04 00:00:00,1.45,1.59,1.42,1.56,17009724.0,0.07586206896551731,0.09655172413793112,0.020689655172413814,12
808,2023-12-05 00:00:00,1.55,1.58,1.51,1.55,11863087.0,0.0,0.019354838709677438,0.025806451612903247,12
809,2023-12-06 00:00:00,1.54,1.64,1.46,1.48,14936843.0,-0.038961038961038995,0.06493506493506485,0.05194805194805199,12
810,2023-12-07 00:00:00,1.47,1.51,1.41,1.44,13016906.0,-0.02040816326530614,0.02721088435374152,0.04081632653061228,12
811,2023-12-08 00:00:00,1.44,1.54,1.43,1.49,8348714.0,0.03472222222222225,0.0694444444444445,0.006944444444444451,12
812,2023-12-11 00:00:00,1.49,1.55,1.35,1.37,13416505.0,-0.08053691275167778,0.040268456375838965,0.0939597315436241,12
813,2023-12-12 00:00:00,1.39,1.55,1.35,1.47,17474808.0,0.05755395683453243,0.11510791366906487,0.028776978417266053,12
814,2023-12-13 00:00:00,1.46,1.61,1.42,1.58,19163865.0,0.08219178082191789,0.10273972602739735,0.02739726027397263,12
815,2023-12-14 00:00:00,1.66,1.87,1.64,1.77,34827646.0,0.06626506024096392,0.12650602409638567,0.012048192771084348,12
816,2023-12-15 00:00:00,1.75,1.81,1.6406,1.81,44308484.0,0.034285714285714315,0.034285714285714315,0.06251428571428568,12
817,2023-12-18 00:00:00,1.81,1.82,1.7,1.79,12420914.0,-0.011049723756906087,0.005524861878453044,0.06077348066298348,12
818,2023-12-19 00:00:00,1.76,1.85,1.75,1.77,9963544.0,0.005681818181818187,0.05113636363636368,0.005681818181818187,12
819,2023-12-20 00:00:00,1.7,1.775,1.65,1.66,14597130.0,-0.023529411764705903,0.044117647058823505,0.02941176470588238,12
820,2023-12-21 00:00:00,1.65,1.76,1.65,1.74,11549369.0,0.0545454545454546,0.06666666666666674,0.0,12
821,2023-12-22 00:00:00,1.71,1.79,1.7,1.73,9564027.0,0.01169590643274855,0.0467836257309942,0.005847953216374275,12
822,2023-12-26 00:00:00,1.72,1.84,1.7,1.8,10606295.0,0.046511627906976785,0.06976744186046518,0.011627906976744196,12
823,2023-12-27 00:00:00,1.79,1.85,1.78,1.81,10877244.0,0.011173184357541908,0.033519553072625725,0.005586592178770954,12
824,2023-12-28 00:00:00,1.79,1.9,1.77,1.85,11014050.0,0.033519553072625725,0.061452513966480375,0.011173184357541908,12
825,2023-12-29 00:00:00,1.83,1.87,1.79,1.83,12222444.0,0.0,0.021857923497267777,0.021857923497267777,12
