,1_day_pnl,1_day_open_avg,1_day_mean,1_day_std,1_day_var,4_hour_pnl,4_hour_open_avg,4_hour_mean,4_hour_std,4_hour_var,1_hour_pnl,1_hour_open_avg,1_hour_mean,1_hour_std,1_hour_var
mmm,43.29,121.52,0.17,1.9,3.61,18.53,133.4,0.07,1.23,1.51,-9.45,130.07,-0.04,0.57,0.33
abt,2.35,106.25,0.01,1.26,1.59,15.44,111.04,0.06,0.96,0.91,-10.79,113.92,-0.04,0.77,0.59
abbv,16.25,150.1,0.06,1.74,3.03,11.76,150.03,0.05,1.41,1.99,-2.38,163.65,-0.01,0.81,0.65
acn,115.99,279.88,0.46,4.32,18.63,57.42,286.82,0.23,2.84,8.07,35.45,288.06,0.14,1.84,3.38
atvi,-2.32,77.0,-0.01,0.62,0.38,-6.22,77.58,-0.02,0.39,0.15,4.75,79.51,0.02,0.13,0.02
adbe,49.69,358.01,0.2,6.79,46.11,-8.55,399.48,-0.03,4.68,21.93,-28.32,397.09,-0.11,3.12,9.71
amd,54.04,81.15,0.21,2.28,5.18,-10.82,88.94,-0.04,1.4,1.97,-9.76,99.04,-0.04,0.81,0.65
aes,-2.09,24.58,-0.01,0.43,0.19,2.5,23.2,0.01,0.29,0.08,2.69,21.07,0.01,0.14,0.02
afl,10.77,64.01,0.04,0.84,0.7,3.69,57.9,0.01,0.46,0.22,-4.03,56.77,-0.02,0.27,0.07
a,-6.6,136.45,-0.03,2.19,4.8,18.85,126.11,0.07,1.51,2.27,-4.3,121.49,-0.02,0.83,0.68
akam,4.23,86.82,0.02,1.29,1.67,-28.67,96.96,-0.11,1.24,1.54,-14.76,99.83,-0.06,1.0,0.99
alk,-1.07,44.58,-0.0,0.89,0.79,3.42,43.93,0.01,0.52,0.27,6.25,46.72,0.02,0.43,0.18
alb,-28.98,244.99,-0.11,6.95,48.32,44.61,265.31,0.18,4.69,21.96,62.06,237.7,0.25,2.13,4.52
are,-23.65,144.96,-0.09,2.49,6.2,3.75,149.04,0.01,1.66,2.75,-4.05,144.27,-0.02,0.85,0.72
algn,105.75,261.0,0.42,7.04,49.59,20.74,259.59,0.08,4.5,20.29,-5.59,255.4,-0.02,2.4,5.77
alle,-13.68,105.25,-0.05,1.67,2.78,-8.75,100.32,-0.03,1.16,1.35,-9.22,104.73,-0.04,0.66,0.44
lnt,3.44,55.89,0.01,0.79,0.62,-11.35,58.56,-0.05,0.6,0.36,-2.08,59.28,-0.01,0.31,0.09
all,20.6,125.51,0.08,1.96,3.83,-13.3,126.28,-0.05,1.38,1.9,1.97,128.01,0.01,0.67,0.45
googl,58.75,102.88,0.23,1.86,3.45,23.47,110.48,0.09,0.95,0.91,-15.1,106.73,-0.06,0.52,0.27
goog,60.68,103.45,0.24,1.88,3.55,-4.19,110.52,-0.02,0.91,0.83,15.26,103.71,0.06,0.52,0.27
mo,-5.19,45.51,-0.02,0.58,0.34,-7.47,45.23,-0.03,0.4,0.16,13.01,49.88,0.05,0.36,0.13
amzn,17.0,107.72,0.07,2.25,5.08,-30.77,123.16,-0.12,1.6,2.57,-1.95,111.44,-0.01,0.78,0.6
amcr,-1.1,11.48,-0.0,0.14,0.02,-0.29,12.02,-0.0,0.12,0.02,-1.06,12.57,-0.0,0.07,0.0
aee,-8.99,87.55,-0.04,1.15,1.32,-17.38,89.36,-0.07,0.84,0.7,-3.02,90.23,-0.01,0.36,0.13
aal,0.82,14.35,0.0,0.37,0.14,-1.01,14.17,-0.0,0.22,0.05,0.21,13.21,0.0,0.13,0.02
aep,15.26,93.98,0.06,1.3,1.69,-12.8,97.38,-0.05,0.83,0.7,-6.72,95.62,-0.03,0.46,0.21
axp,5.75,155.24,0.02,2.5,6.27,9.0,152.63,0.04,1.36,1.85,23.63,161.42,0.09,1.04,1.08
aig,-3.11,55.57,-0.01,0.88,0.78,5.75,55.1,0.02,0.64,0.41,-4.72,60.2,-0.02,0.48,0.23
amt,14.1,225.03,0.06,3.85,14.84,1.63,254.13,0.01,2.87,8.23,-44.98,248.91,-0.18,1.73,3.0
awk,3.09,147.59,0.01,2.08,4.34,-15.66,148.16,-0.06,1.43,2.04,5.56,145.59,0.02,0.76,0.57
amp,82.48,293.63,0.33,4.66,21.72,3.04,261.34,0.01,3.3,10.88,16.29,257.75,0.06,1.61,2.59
abc,14.68,152.79,0.06,2.07,4.3,9.84,150.03,0.04,1.58,2.5,15.25,151.51,0.06,0.74,0.55
ame,7.96,130.97,0.03,1.66,2.77,1.41,118.39,0.01,1.11,1.24,0.15,115.42,0.0,0.54,0.29
amgn,-48.89,249.64,-0.19,2.84,8.07,-5.5,245.76,-0.02,1.6,2.55,8.05,245.2,0.03,1.1,1.21
aph,-15.04,74.86,-0.06,1.01,1.02,11.66,70.84,0.05,0.71,0.5,1.17,67.12,0.0,0.35,0.12
adi,-38.27,166.36,-0.15,2.51,6.31,-2.17,156.75,-0.01,1.6,2.57,7.82,153.26,0.03,0.87,0.75
antm,-71.21,425.24,-0.28,6.05,36.61,9.89,383.26,0.04,3.3,10.86,29.02,390.12,0.12,1.29,1.68
aon,95.32,295.46,0.38,3.77,14.2,8.69,277.2,0.03,2.66,7.07,-6.05,265.38,-0.02,1.49,2.21
aos,8.71,60.36,0.03,0.94,0.88,4.56,56.52,0.02,0.7,0.5,0.49,57.46,0.0,0.34,0.12
apa,6.16,40.03,0.02,1.1,1.21,6.92,37.47,0.03,0.72,0.52,0.47,46.3,0.0,0.46,0.21
aapl,77.31,150.58,0.31,2.45,6.0,31.89,145.92,0.13,1.28,1.64,-3.7,143.9,-0.01,0.79,0.62
amat,54.41,104.17,0.22,2.38,5.66,0.37,101.12,0.0,1.52,2.31,1.89,110.49,0.01,1.0,1.01
aptv,-25.73,100.07,-0.1,2.06,4.23,9.71,96.96,0.04,1.68,2.82,-7.75,98.17,-0.03,0.95,0.9
adm,17.14,84.18,0.07,1.4,1.97,-2.19,82.07,-0.01,0.98,0.95,-10.06,82.46,-0.04,0.55,0.3
anet,44.34,125.64,0.18,2.55,6.5,-3.05,120.09,-0.01,1.76,3.1,23.77,119.0,0.09,0.9,0.82
ajg,38.88,184.88,0.15,2.36,5.56,15.57,172.94,0.06,1.68,2.81,19.07,159.93,0.08,0.77,0.59
aiz,-43.65,142.42,-0.17,2.4,5.77,-45.99,164.79,-0.18,2.11,4.44,3.7,176.82,0.01,0.86,0.74
t,-0.71,18.59,-0.0,0.21,0.05,3.75,20.03,0.01,0.15,0.02,2.06,20.86,0.01,0.07,0.01
ato,0.98,113.04,0.0,1.47,2.17,-11.2,112.18,-0.04,0.98,0.97,-1.31,111.75,-0.01,0.54,0.29
adsk,52.14,200.05,0.21,4.26,18.13,46.39,197.49,0.18,2.69,7.21,5.37,188.49,0.02,1.63,2.67
adp,12.69,230.38,0.05,3.28,10.75,22.28,226.02,0.09,2.13,4.55,-19.73,213.07,-0.08,1.11,1.22
azo,-583.97,2350.39,-2.32,30.66,939.83,168.27,2128.55,0.67,26.02,677.2,96.53,2014.09,0.38,15.84,250.86
avb,12.53,182.13,0.05,2.62,6.86,-24.76,196.28,-0.1,2.07,4.3,11.0,197.73,0.04,1.12,1.26
avy,22.86,177.92,0.09,2.74,7.52,4.27,175.32,0.02,1.89,3.58,-0.62,166.58,-0.0,1.0,0.99
bkr,-11.68,28.93,-0.05,0.54,0.3,-2.69,25.32,-0.01,0.33,0.11,-1.41,25.26,-0.01,0.21,0.04
bll,8.3,89.71,0.03,1.17,1.36,-0.42,86.41,-0.0,0.74,0.55,-7.8,89.89,-0.03,0.39,0.15
bac,-2.76,32.98,-0.01,0.52,0.27,-3.55,33.15,-0.01,0.28,0.08,-7.05,34.15,-0.03,0.2,0.04
bk,5.69,44.27,0.02,0.63,0.4,2.37,43.19,0.01,0.4,0.16,-0.03,43.78,-0.0,0.26,0.07
bax,15.39,53.1,0.06,0.96,0.92,-11.08,59.28,-0.04,0.68,0.46,-2.19,65.88,-0.01,0.38,0.14
bdx,-6.08,245.49,-0.02,3.09,9.55,-13.82,249.97,-0.05,2.21,4.9,-12.51,249.75,-0.05,1.35,1.83
brk.b,-20.94,299.71,-0.08,3.29,10.85,-26.29,289.32,-0.1,1.88,3.52,36.58,307.81,0.15,1.14,1.3
bby,-15.71,75.85,-0.06,1.5,2.26,1.56,75.11,0.01,0.97,0.95,-7.66,76.02,-0.03,0.86,0.74
bio,-21.24,459.51,-0.08,9.42,88.69,-47.64,474.65,-0.19,6.66,44.35,44.77,508.25,0.18,3.14,9.83
biib,-19.48,256.46,-0.08,3.79,14.39,16.22,206.77,0.06,2.64,6.94,-10.72,206.33,-0.04,1.64,2.69
blk,-227.98,667.69,-0.9,11.43,130.6,55.55,647.76,0.22,6.34,40.24,-42.62,631.5,-0.17,4.06,16.46
ba,131.13,173.72,0.52,3.44,11.82,23.99,137.86,0.1,2.13,4.54,0.67,127.18,0.0,1.19,1.42
bkng,-1156.14,2144.18,-4.59,37.52,1407.99,248.21,1980.87,0.98,37.05,1372.84,-186.88,2124.84,-0.74,19.91,396.29
bwa,10.95,41.12,0.04,0.64,0.41,-1.44,37.13,-0.01,0.51,0.26,-3.65,37.85,-0.01,0.28,0.08
bxp,-41.76,73.65,-0.17,1.4,1.97,-19.59,77.72,-0.08,0.8,0.64,2.81,89.22,0.01,0.44,0.19
bsx,-7.51,44.07,-0.03,0.52,0.27,1.36,39.35,0.01,0.32,0.1,2.03,38.93,0.01,0.23,0.05
bmy,12.93,72.67,0.05,0.84,0.71,5.18,75.66,0.02,0.51,0.26,5.61,76.18,0.02,0.32,0.1
avgo,-101.05,549.64,-0.4,8.52,72.58,-26.77,522.68,-0.11,5.03,25.26,-26.09,537.77,-0.1,3.15,9.94
br,25.61,148.11,0.1,2.24,5.04,12.54,153.09,0.05,1.62,2.64,-19.11,141.04,-0.08,0.69,0.47
bf.b,-4.25,67.76,-0.02,0.86,0.74,-5.61,69.86,-0.02,0.61,0.38,-4.5,67.18,-0.02,0.34,0.11
chrw,12.74,100.52,0.05,1.59,2.53,-4.27,105.47,-0.02,1.14,1.31,-1.1,103.89,-0.0,0.89,0.79
cog,-1.36,17.46,-0.01,0.4,0.16,0.71,18.19,0.0,0.25,0.06,1.52,17.37,0.01,0.12,0.01
cdns,89.18,175.65,0.35,2.86,8.15,26.81,166.13,0.11,1.75,3.06,23.09,150.44,0.09,1.04,1.07
czr,-4.31,45.45,-0.02,1.51,2.27,-15.91,43.88,-0.06,0.92,0.84,10.4,46.26,0.04,0.62,0.38
cpb,-0.6,51.39,-0.0,0.57,0.32,-2.17,48.45,-0.01,0.4,0.16,0.39,46.85,0.0,0.3,0.09
cof,34.95,103.06,0.14,2.22,4.94,-1.45,106.72,-0.01,1.28,1.63,8.54,109.07,0.03,0.84,0.7
cah,18.67,70.95,0.07,1.04,1.08,8.18,58.79,0.03,0.67,0.45,-1.89,55.76,-0.01,0.36,0.13
kmx,20.29,75.78,0.08,2.01,4.05,-20.95,89.73,-0.08,1.54,2.38,-6.91,93.99,-0.03,0.81,0.66
ccl,2.12,9.8,0.01,0.36,0.13,-0.14,9.59,-0.0,0.21,0.04,-0.85,9.27,-0.0,0.13,0.02
carr,13.4,46.25,0.05,0.79,0.62,-6.81,40.02,-0.03,0.45,0.2,5.18,37.63,0.02,0.27,0.07
ctlt,-5.95,72.22,-0.02,1.89,3.56,-68.69,81.33,-0.27,1.51,2.27,8.68,107.18,0.03,0.77,0.59
cat,-16.66,213.11,-0.07,3.31,10.99,-9.76,194.38,-0.04,1.91,3.64,-1.6,209.54,-0.01,1.28,1.64
cboe,8.6,123.7,0.03,1.86,3.47,-2.32,117.11,-0.01,1.22,1.48,15.61,112.04,0.06,0.53,0.28
cbre,14.64,77.23,0.06,1.27,1.62,-4.59,78.23,-0.02,0.93,0.87,-3.66,76.88,-0.01,0.49,0.24
cdw,39.52,178.26,0.16,2.6,6.76,-7.6,168.97,-0.03,1.76,3.11,6.56,166.07,0.03,0.97,0.95
ce,-11.56,111.53,-0.05,2.21,4.88,-56.61,108.38,-0.22,1.56,2.44,-27.8,129.97,-0.11,0.9,0.82
cnc,20.43,79.1,0.08,1.28,1.63,-4.61,85.71,-0.02,0.96,0.92,-5.1,83.09,-0.02,0.66,0.43
cnp,0.22,29.9,0.0,0.4,0.16,2.67,30.81,0.01,0.29,0.08,-0.52,31.16,-0.0,0.15,0.02
cern,4.42,82.42,0.02,0.7,0.49,0.47,78.06,0.0,0.49,0.24,3.82,78.48,0.02,0.31,0.1
cf,-21.67,90.49,-0.09,2.37,5.6,19.53,97.77,0.08,1.54,2.37,3.52,86.2,0.01,0.97,0.93
crl,49.9,217.15,0.2,4.67,21.79,37.85,216.05,0.15,3.46,12.01,19.64,224.14,0.08,1.68,2.81
schw,-4.52,69.35,-0.02,1.43,2.06,4.46,70.91,0.02,0.91,0.83,15.95,70.96,0.06,0.4,0.16
chtr,-54.54,388.93,-0.22,7.92,62.68,58.96,411.81,0.23,6.07,36.84,-33.63,464.56,-0.13,3.42,11.71
cvx,21.72,164.8,0.09,2.37,5.6,28.0,153.68,0.11,1.57,2.46,24.29,163.4,0.1,1.04,1.08
cmg,-671.63,1562.53,-2.67,25.1,630.22,472.6,1404.74,1.88,21.21,449.9,-184.68,1426.64,-0.73,13.32,177.3
cb,17.8,202.1,0.07,2.51,6.32,-6.0,193.67,-0.02,1.78,3.17,5.2,200.91,0.02,1.03,1.07
chd,4.3,84.37,0.02,0.94,0.89,18.51,89.94,0.07,0.86,0.74,-9.19,89.55,-0.04,0.47,0.22
ci,54.7,287.07,0.22,3.96,15.7,35.54,269.36,0.14,2.28,5.2,13.65,258.84,0.05,1.48,2.2
cinf,-10.95,108.2,-0.04,1.88,3.54,-13.58,109.46,-0.05,1.28,1.64,-8.09,121.88,-0.03,0.6,0.36
ctas,-57.5,425.78,-0.23,5.34,28.47,4.94,396.05,0.02,3.65,13.31,-20.08,374.85,-0.08,2.17,4.71
csco,-0.11,46.26,-0.0,0.56,0.31,0.24,44.08,0.0,0.59,0.35,3.71,47.98,0.01,0.51,0.26
c,2.46,48.01,0.01,0.74,0.55,-2.55,49.57,-0.01,0.48,0.23,7.06,50.58,0.03,0.25,0.06
cfg,-2.21,36.9,-0.01,0.72,0.52,-2.12,36.88,-0.01,0.43,0.18,2.08,36.72,0.01,0.21,0.05
ctxs,7.03,99.1,0.03,1.43,2.04,18.24,101.93,0.07,1.71,2.91,-9.65,103.25,-0.04,1.26,1.58
clx,12.89,146.88,0.05,2.08,4.33,7.99,143.2,0.03,1.75,3.05,3.89,148.87,0.02,1.17,1.36
cme,18.38,186.58,0.07,2.46,6.05,62.23,204.2,0.25,2.39,5.72,-2.5,198.32,-0.01,1.19,1.43
cms,10.92,63.03,0.04,0.85,0.72,-11.58,65.8,-0.05,0.64,0.42,-1.14,67.68,-0.0,0.3,0.09
ko,4.63,61.51,0.02,0.56,0.32,-0.37,62.54,-0.0,0.35,0.12,-2.75,61.52,-0.01,0.23,0.06
ctsh,-16.31,62.95,-0.06,0.93,0.87,-9.89,68.52,-0.04,0.62,0.39,2.2,71.48,0.01,0.39,0.15
cl,-1.42,76.46,-0.01,0.78,0.61,-3.08,78.43,-0.01,0.61,0.37,-2.29,77.14,-0.01,0.35,0.12
cmcsa,2.43,37.1,0.01,0.59,0.35,-7.3,39.79,-0.03,0.38,0.15,-4.68,41.96,-0.02,0.19,0.04
cma,24.74,67.36,0.1,1.5,2.26,-14.64,75.09,-0.06,0.89,0.79,6.98,76.92,0.03,0.43,0.19
cag,0.46,35.72,0.0,0.37,0.14,2.37,33.83,0.01,0.27,0.08,0.95,32.7,0.0,0.17,0.03
cop,-4.23,108.78,-0.02,2.2,4.84,2.35,97.77,0.01,1.39,1.94,20.59,112.29,0.08,0.88,0.78
ed,-4.77,94.47,-0.02,1.16,1.35,1.23,95.7,0.0,0.87,0.76,1.75,96.11,0.01,0.48,0.23
stz,9.82,234.66,0.04,3.09,9.56,15.75,244.67,0.06,2.26,5.09,10.76,244.83,0.04,1.4,1.95
coo,68.28,325.42,0.27,4.8,23.07,-17.45,305.29,-0.07,3.31,10.97,-11.38,328.88,-0.05,2.01,4.02
cprt,-16.05,31.91,-0.06,0.48,0.23,3.45,29.48,0.01,0.31,0.1,-5.79,28.42,-0.02,0.13,0.02
glw,-6.23,33.54,-0.02,0.49,0.24,8.12,34.15,0.03,0.43,0.18,-2.16,35.15,-0.01,0.33,0.11
ctva,-0.48,60.19,-0.0,0.91,0.82,2.59,58.18,0.01,0.65,0.43,-1.74,53.66,-0.01,0.3,0.09
cost,107.0,494.96,0.42,6.87,47.13,39.7,489.69,0.16,4.94,24.38,-6.03,459.97,-0.02,3.32,11.03
cci,-39.34,148.19,-0.16,2.48,6.17,56.27,165.43,0.22,1.83,3.35,4.89,176.24,0.02,1.25,1.56
csx,0.56,30.67,0.0,0.42,0.17,3.39,31.15,0.01,0.26,0.07,3.12,30.38,0.01,0.15,0.02
cmi,-25.61,227.24,-0.1,3.34,11.13,-29.18,207.99,-0.12,2.07,4.27,-11.88,202.62,-0.05,1.28,1.63
cvs,19.48,90.49,0.08,1.09,1.18,7.34,96.04,0.03,0.79,0.62,-4.89,96.96,-0.02,0.52,0.27
dhi,57.55,84.27,0.23,1.47,2.15,15.39,72.7,0.06,0.93,0.87,9.24,69.31,0.04,0.57,0.33
dhr,2.6,260.42,0.01,4.01,16.05,-41.89,268.71,-0.17,2.78,7.74,22.89,253.62,0.09,1.34,1.79
dri,43.97,137.24,0.17,2.01,4.05,1.84,123.9,0.01,1.63,2.66,-16.63,129.63,-0.07,0.98,0.96
dva,-13.51,83.71,-0.05,1.78,3.18,-7.21,88.77,-0.03,1.37,1.88,12.41,89.43,0.05,1.03,1.06
de,-5.87,380.37,-0.02,6.39,40.89,38.0,337.89,0.15,3.61,13.03,-6.68,339.47,-0.03,2.33,5.44
dal,1.02,34.12,0.0,0.71,0.5,9.19,32.22,0.04,0.41,0.17,-11.95,32.19,-0.05,0.27,0.08
xray,-4.99,35.07,-0.02,0.66,0.44,-6.35,35.52,-0.03,0.47,0.22,0.36,37.78,0.0,0.25,0.06
dvn,-15.54,61.62,-0.06,1.52,2.31,7.11,62.57,0.03,0.92,0.86,2.81,57.93,0.01,0.48,0.23
dxcm,30.74,101.08,0.12,2.23,4.97,50.46,89.94,0.2,1.84,3.38,12.89,80.92,0.05,1.19,1.4
fang,-12.23,137.14,-0.05,2.97,8.84,-7.34,129.21,-0.03,2.09,4.37,-9.13,145.12,-0.04,1.1,1.22
dlr,-0.9,110.64,-0.0,2.09,4.35,-37.62,114.72,-0.15,1.54,2.37,5.15,128.48,0.02,0.87,0.75
dfs,30.83,102.25,0.12,1.87,3.49,-9.62,102.39,-0.04,1.3,1.69,12.4,106.08,0.05,0.85,0.72
disca,18.98,29.06,0.08,0.84,0.71,3.61,29.98,0.01,0.29,0.08,-3.82,31.2,-0.02,0.16,0.03
disck,14.7,27.43,0.06,0.79,0.62,-12.22,28.51,-0.05,0.46,0.21,-8.12,31.3,-0.03,0.41,0.17
dish,-9.5,14.54,-0.04,0.47,0.23,-2.76,15.53,-0.01,0.29,0.09,-1.29,17.36,-0.01,0.19,0.04
dg,-30.84,235.12,-0.12,3.1,9.61,8.14,244.44,0.03,2.01,4.05,22.4,242.82,0.09,1.21,1.46
dltr,-41.41,150.62,-0.16,2.46,6.05,19.86,159.37,0.08,2.54,6.43,1.91,151.12,0.01,1.79,3.21
d,-22.62,67.4,-0.09,0.93,0.87,-14.38,79.49,-0.06,0.67,0.44,6.48,77.86,0.03,0.38,0.15
dpz,-52.62,352.08,-0.21,6.25,39.12,-38.03,374.46,-0.15,4.62,21.34,70.61,355.96,0.28,2.56,6.57
dov,4.73,135.88,0.02,1.91,3.66,-1.91,127.61,-0.01,1.32,1.74,-6.68,128.43,-0.03,0.7,0.5
dow,-1.64,52.57,-0.01,0.76,0.58,-16.07,54.82,-0.06,0.47,0.22,-18.2,64.07,-0.07,0.37,0.14
dte,-24.36,118.5,-0.1,1.52,2.32,-28.06,126.64,-0.11,1.16,1.35,-4.74,127.27,-0.02,0.56,0.31
duk,-17.06,101.11,-0.07,1.24,1.53,-19.45,107.77,-0.08,0.82,0.68,9.32,107.23,0.04,0.48,0.23
dre,-0.02,55.3,-0.0,0.89,0.79,9.3,54.63,0.04,0.41,0.17,0.42,51.14,0.0,0.16,0.03
dd,14.99,65.08,0.06,0.86,0.74,-8.6,59.61,-0.03,0.69,0.47,-6.02,63.52,-0.02,0.41,0.17
dxc,-4.78,27.54,-0.02,0.68,0.46,-6.51,30.22,-0.03,0.59,0.35,-3.55,29.8,-0.01,0.28,0.08
emn,1.86,86.53,0.01,1.48,2.2,-19.71,92.25,-0.08,1.23,1.51,8.81,100.13,0.03,0.67,0.45
etn,26.81,152.71,0.11,2.2,4.86,-1.85,138.98,-0.01,1.32,1.75,-11.07,137.12,-0.04,0.83,0.69
ebay,8.77,44.05,0.03,0.78,0.61,3.08,45.83,0.01,0.58,0.33,11.41,51.74,0.05,0.48,0.23
ecl,20.39,157.3,0.08,2.42,5.83,-4.74,161.38,-0.02,1.58,2.48,4.4,158.72,0.02,0.98,0.96
eix,1.64,66.06,0.01,1.0,1.0,-11.09,66.59,-0.04,0.69,0.48,-8.25,66.13,-0.03,0.39,0.15
ew,-19.21,85.49,-0.08,1.4,1.97,-2.71,95.86,-0.01,1.11,1.24,6.24,94.27,0.02,0.59,0.35
ea,-17.71,124.64,-0.07,1.44,2.08,18.83,127.02,0.07,1.46,2.13,-6.67,121.61,-0.03,1.01,1.02
emr,-0.02,86.16,-0.0,1.12,1.26,-7.99,83.82,-0.03,0.75,0.56,-1.45,84.57,-0.01,0.45,0.2
enph,-10.1,241.08,-0.04,8.12,65.98,101.43,244.44,0.4,4.66,21.76,18.19,201.22,0.07,2.63,6.9
etr,17.15,110.26,0.07,1.54,2.36,-16.77,112.74,-0.07,1.13,1.27,2.21,114.18,0.01,0.59,0.35
eog,11.83,121.99,0.05,2.5,6.25,13.75,115.91,0.05,1.75,3.06,11.41,132.82,0.05,1.09,1.19
efx,61.06,195.39,0.24,3.39,11.48,-0.32,188.02,-0.0,2.3,5.3,9.05,188.43,0.04,1.16,1.36
eqix,215.89,666.15,0.86,10.51,110.4,-54.74,638.02,-0.22,7.07,49.92,-87.79,661.19,-0.35,4.53,20.49
eqr,8.83,66.26,0.04,0.95,0.91,-14.84,73.47,-0.06,0.72,0.53,-1.67,73.52,-0.01,0.41,0.16
ess,-27.75,237.42,-0.11,3.6,12.98,61.1,261.97,0.24,2.75,7.58,8.82,270.18,0.04,1.59,2.54
el,42.62,242.72,0.17,4.26,18.15,-28.72,237.45,-0.11,2.99,8.95,27.42,258.22,0.11,1.35,1.82
etsy,54.81,107.13,0.22,3.27,10.71,39.62,92.0,0.16,1.76,3.09,-4.97,77.3,-0.02,0.95,0.91
evrg,-1.43,63.03,-0.01,0.88,0.78,9.51,65.85,0.04,0.64,0.41,-1.21,66.34,-0.0,0.3,0.09
es,-20.58,82.17,-0.08,1.09,1.19,-16.65,85.82,-0.07,0.82,0.68,-6.01,86.89,-0.02,0.46,0.21
re,38.52,291.64,0.15,4.59,21.1,-34.07,286.23,-0.14,2.88,8.3,-0.96,289.59,-0.0,1.87,3.48
exc,-5.2,42.34,-0.02,0.6,0.36,-3.65,45.25,-0.01,0.42,0.18,-4.44,46.43,-0.02,0.24,0.06
expe,-15.07,100.99,-0.06,2.5,6.24,-11.23,102.62,-0.04,1.56,2.44,-29.89,110.79,-0.12,1.04,1.09
expd,-20.35,104.75,-0.08,1.66,2.76,9.68,101.04,0.04,1.09,1.18,-5.1,102.58,-0.02,0.67,0.44
exr,-4.62,166.99,-0.02,2.68,7.18,-17.37,180.38,-0.07,2.16,4.66,-7.4,170.94,-0.03,1.02,1.04
xom,28.22,103.11,0.11,1.65,2.73,-1.64,91.05,-0.01,1.05,1.11,-13.3,96.47,-0.05,0.68,0.47
ffiv,34.88,149.01,0.14,2.39,5.73,-0.13,159.21,-0.0,2.23,4.97,-5.09,159.57,-0.02,1.04,1.07
fb,17.71,307.06,0.07,5.46,29.82,38.37,333.55,0.15,2.27,5.17,-7.72,316.48,-0.03,1.21,1.46
fast,-4.08,50.85,-0.02,0.77,0.59,-9.21,51.96,-0.04,0.55,0.31,-3.37,53.11,-0.01,0.33,0.11
frt,-23.3,101.75,-0.09,1.49,2.21,-20.58,102.08,-0.08,1.06,1.12,-14.88,105.7,-0.06,0.66,0.44
fdx,81.97,201.1,0.33,3.18,10.11,-20.96,217.16,-0.08,2.76,7.65,1.97,204.39,0.01,1.42,2.02
fis,-9.61,76.16,-0.04,1.59,2.53,23.79,85.19,0.09,1.23,1.51,5.54,94.78,0.02,0.59,0.34
fitb,-9.28,33.09,-0.04,0.66,0.43,3.34,34.39,0.01,0.35,0.13,-2.36,34.52,-0.01,0.23,0.05
fe,-4.81,39.76,-0.02,0.54,0.29,-9.05,40.95,-0.04,0.39,0.15,3.7,42.89,0.01,0.23,0.05
frc,-89.42,155.89,-0.35,3.4,11.54,-33.23,161.84,-0.13,2.2,4.86,36.64,176.27,0.15,1.34,1.8
fisv,-20.47,99.86,-0.08,1.64,2.69,-0.38,101.63,-0.0,1.08,1.17,4.85,106.2,0.02,0.61,0.37
flt,14.13,206.16,0.06,3.47,12.04,-15.7,211.82,-0.06,2.57,6.6,-3.57,229.08,-0.01,1.54,2.37
flir,-5.12,46.43,-0.03,0.61,0.37,3.97,37.0,0.02,0.45,0.21,2.96,35.5,0.01,0.2,0.04
fls,-2.81,31.28,-0.01,0.56,0.31,1.65,29.45,0.01,0.37,0.14,0.28,29.87,0.0,0.19,0.04
fmc,-10.57,118.1,-0.04,1.7,2.89,4.31,110.43,0.02,1.3,1.68,10.86,111.06,0.04,0.68,0.46
f,3.41,12.9,0.01,0.25,0.06,1.31,13.06,0.01,0.17,0.03,-2.57,11.96,-0.01,0.09,0.01
ftnt,13.52,56.29,0.05,1.21,1.46,-2.32,51.48,-0.01,0.6,0.37,-0.54,50.97,-0.0,0.29,0.08
ftv,-1.68,63.79,-0.01,0.86,0.74,-9.09,60.87,-0.04,0.64,0.41,-2.28,58.01,-0.01,0.36,0.13
fbhs,-33.16,83.13,-0.13,1.61,2.58,-3.96,100.63,-0.02,1.02,1.03,-1.35,94.16,-0.01,0.43,0.18
foxa,2.45,32.76,0.01,0.51,0.26,2.91,35.08,0.01,0.39,0.15,-3.58,34.62,-0.01,0.28,0.08
fox,1.0,30.41,0.0,0.46,0.21,-8.74,31.6,-0.03,0.37,0.14,0.55,31.0,0.0,0.23,0.05
ben,-4.34,26.31,-0.02,0.47,0.22,-4.43,25.53,-0.02,0.27,0.07,-1.52,25.36,-0.01,0.16,0.03
fcx,7.89,35.78,0.03,0.81,0.65,-6.32,32.1,-0.03,0.47,0.22,-2.67,39.5,-0.01,0.32,0.1
gps,2.8,10.7,0.01,0.34,0.12,-0.34,9.43,-0.0,0.18,0.03,3.3,9.14,0.01,0.1,0.01
grmn,-19.35,95.11,-0.08,1.34,1.79,20.73,99.72,0.08,1.19,1.41,11.37,101.83,0.05,0.67,0.45
it,95.63,303.75,0.38,4.72,22.27,-61.0,270.7,-0.24,3.24,10.49,27.79,248.07,0.11,1.66,2.75
gnrc,-50.72,156.79,-0.2,5.77,33.28,-157.78,195.61,-0.63,4.32,18.65,0.91,248.07,0.0,2.71,7.34
gd,4.15,230.29,0.02,2.7,7.26,-4.35,225.22,-0.02,2.06,4.23,10.83,222.89,0.04,1.14,1.31
ge,-49.67,79.83,-0.2,1.26,1.58,-21.74,72.75,-0.09,0.92,0.86,-1.35,92.53,-0.01,0.4,0.16
gis,9.92,79.24,0.04,0.8,0.63,11.36,73.88,0.05,0.51,0.26,-7.78,69.9,-0.03,0.32,0.1
gm,-4.66,36.44,-0.02,0.71,0.51,-0.79,34.84,-0.0,0.39,0.16,-4.73,34.21,-0.02,0.27,0.07
gpc,21.64,161.43,0.09,2.06,4.23,-29.05,147.73,-0.12,1.29,1.66,-16.62,134.49,-0.07,0.62,0.38
gild,-17.09,74.35,-0.07,0.93,0.86,2.95,62.02,0.01,0.46,0.21,-3.76,60.92,-0.01,0.2,0.04
gl,-11.16,110.38,-0.04,1.39,1.93,-10.44,107.31,-0.04,0.92,0.84,1.39,100.56,0.01,0.38,0.14
gpn,4.76,112.01,0.02,2.22,4.94,3.58,121.66,0.01,1.43,2.05,0.68,120.97,0.0,0.81,0.65
gs,77.23,334.35,0.31,4.57,20.85,17.95,305.14,0.07,3.02,9.15,15.75,320.59,0.06,1.83,3.34
gww,-124.11,576.88,-0.49,8.6,73.98,-70.21,506.96,-0.28,5.15,26.47,-5.11,473.88,-0.02,2.4,5.75
hal,4.1,33.76,0.02,0.83,0.69,10.81,31.84,0.04,0.47,0.22,8.8,38.58,0.03,0.31,0.1
hbi,-2.79,7.64,-0.01,0.21,0.04,-2.12,8.85,-0.01,0.14,0.02,3.28,9.93,0.01,0.11,0.01
hig,7.93,70.07,0.03,0.98,0.96,-6.61,67.91,-0.03,0.63,0.4,2.99,70.13,0.01,0.38,0.14
has,-14.31,67.03,-0.06,1.24,1.53,14.15,76.83,0.06,0.87,0.75,-7.34,82.69,-0.03,0.47,0.22
hca,67.92,228.61,0.27,3.56,12.66,-9.22,199.08,-0.04,2.9,8.39,-21.42,198.33,-0.08,1.36,1.84
peak,9.36,23.39,0.04,0.37,0.14,-3.8,25.07,-0.02,0.27,0.07,-4.73,26.37,-0.02,0.13,0.02
hsic,5.45,77.97,0.02,1.05,1.09,7.46,76.74,0.03,0.76,0.57,-6.75,81.29,-0.03,0.44,0.2
hsy,31.02,232.7,0.12,2.49,6.21,24.43,222.85,0.1,1.64,2.7,20.9,214.56,0.08,0.9,0.81
hes,-19.87,129.06,-0.08,2.7,7.29,-19.34,113.17,-0.08,1.59,2.54,9.72,118.57,0.04,1.03,1.05
hpe,3.47,14.64,0.01,0.23,0.05,3.12,14.34,0.01,0.19,0.04,-1.47,15.48,-0.01,0.15,0.02
hlt,-11.51,133.74,-0.05,2.1,4.4,-21.7,132.16,-0.09,1.74,3.04,-20.07,141.39,-0.08,1.33,1.77
hfc,6.55,33.53,0.03,0.84,0.7,-14.92,34.21,-0.06,0.49,0.24,0.85,35.52,0.0,0.31,0.09
holx,-4.38,74.86,-0.02,0.95,0.91,7.72,72.46,0.03,0.8,0.65,0.63,75.11,0.0,0.53,0.28
hd,85.63,298.83,0.34,4.58,20.98,-31.38,291.42,-0.12,2.88,8.29,6.01,294.81,0.02,2.4,5.74
hon,-3.2,194.58,-0.01,2.4,5.76,-14.53,187.01,-0.06,1.4,1.95,-12.41,191.54,-0.05,1.07,1.15
hrl,8.54,45.32,0.03,0.43,0.19,-1.54,47.51,-0.01,0.31,0.09,-3.9,46.42,-0.02,0.19,0.04
hst,1.06,17.32,0.0,0.34,0.12,2.43,18.29,0.01,0.28,0.08,1.54,19.73,0.01,0.19,0.04
hwm,-10.22,42.7,-0.04,0.58,0.33,2.27,36.68,0.01,0.4,0.16,1.21,33.18,0.0,0.23,0.05
hpq,5.4,29.9,0.02,0.51,0.26,9.24,33.74,0.04,0.34,0.11,-0.17,36.7,-0.0,0.24,0.06
hum,33.61,498.53,0.13,6.57,43.18,-55.09,495.22,-0.22,4.44,19.69,56.71,468.39,0.23,2.5,6.23
hban,-3.27,13.36,-0.01,0.27,0.07,1.6,13.32,0.01,0.14,0.02,1.02,12.42,0.0,0.08,0.01
hii,-10.81,220.58,-0.04,3.01,9.05,45.45,220.15,0.18,2.39,5.69,18.08,208.26,0.07,1.14,1.31
iex,-16.2,213.21,-0.06,2.77,7.69,30.53,198.0,0.12,1.89,3.58,9.61,185.0,0.04,0.92,0.85
idxx,149.34,414.63,0.59,8.34,69.5,-25.45,363.35,-0.1,5.41,29.29,17.98,359.97,0.07,2.6,6.74
info,8.65,115.0,0.03,1.44,2.07,7.58,103.77,0.03,0.85,0.71,0.8,95.53,0.0,0.5,0.25
itw,-31.42,214.56,-0.12,2.78,7.73,-9.33,196.83,-0.04,2.06,4.23,-15.67,196.97,-0.06,1.04,1.08
ilmn,61.86,210.04,0.25,5.78,33.38,-32.45,201.27,-0.13,4.85,23.48,-12.71,190.99,-0.05,1.68,2.82
incy,-8.9,75.1,-0.04,1.01,1.03,3.31,75.84,0.01,0.82,0.67,-4.22,75.35,-0.02,0.55,0.3
ir,10.45,51.5,0.04,0.84,0.7,10.58,46.17,0.04,0.6,0.36,2.48,45.22,0.01,0.31,0.1
intc,-0.35,31.33,-0.0,0.6,0.36,-11.39,38.49,-0.05,0.37,0.14,7.06,40.22,0.03,0.18,0.03
ice,-14.41,101.75,-0.06,1.37,1.87,-5.77,99.79,-0.02,0.86,0.74,-4.84,98.01,-0.02,0.55,0.31
ibm,13.32,133.56,0.05,1.44,2.06,-5.68,135.69,-0.02,0.97,0.94,-5.67,133.28,-0.02,0.72,0.52
ip,-7.16,37.91,-0.03,0.55,0.3,-9.66,42.55,-0.04,0.41,0.17,-4.29,44.89,-0.02,0.26,0.07
ipg,-12.08,32.14,-0.05,0.45,0.21,-7.18,29.59,-0.03,0.36,0.13,5.06,30.43,0.02,0.23,0.05
iff,19.82,104.74,0.08,1.88,3.54,7.81,122.52,0.03,1.45,2.11,-6.84,126.72,-0.03,0.87,0.76
intu,111.84,413.55,0.44,8.84,78.23,-75.56,421.52,-0.3,5.0,25.05,-60.87,393.31,-0.24,3.66,13.38
isrg,96.61,239.38,0.38,3.78,14.28,-13.04,210.22,-0.05,3.18,10.12,13.54,205.22,0.05,2.34,5.48
ivz,-3.4,17.16,-0.01,0.34,0.11,-4.59,18.19,-0.02,0.24,0.06,-3.29,19.12,-0.01,0.17,0.03
ipgp,39.39,101.69,0.16,2.09,4.39,-4.59,94.58,-0.02,1.44,2.09,-1.37,97.54,-0.01,0.81,0.66
iqv,23.44,209.15,0.09,3.79,14.39,4.73,213.77,0.02,2.6,6.75,21.62,208.73,0.09,1.29,1.66
irm,9.29,51.46,0.04,0.87,0.75,5.32,51.33,0.02,0.57,0.32,0.02,54.73,0.0,0.34,0.12
jkhy,-0.74,178.59,-0.0,2.63,6.91,25.28,190.62,0.1,1.72,2.96,14.08,181.47,0.06,0.8,0.63
j,-5.54,119.99,-0.02,1.7,2.87,-13.96,119.96,-0.06,1.31,1.73,7.72,117.58,0.03,0.68,0.46
jbht,25.91,175.16,0.1,3.03,9.2,8.79,171.56,0.03,2.09,4.36,-0.69,167.57,-0.0,1.4,1.97
sjm,-6.22,144.7,-0.02,1.51,2.28,-9.46,133.82,-0.04,1.44,2.09,-10.26,125.93,-0.04,0.91,0.82
jnj,-20.36,168.09,-0.08,1.64,2.69,3.68,175.08,0.01,1.11,1.23,2.36,177.71,0.01,0.69,0.47
jci,-6.68,58.45,-0.03,0.87,0.76,2.18,52.82,0.01,0.67,0.44,-1.22,52.0,-0.0,0.33,0.11
jpm,9.64,126.87,0.04,1.75,3.07,-2.08,118.05,-0.01,0.96,0.93,3.24,123.25,0.01,0.72,0.52
jnpr,7.47,30.06,0.03,0.42,0.17,-0.55,28.46,-0.0,0.29,0.09,-0.34,29.3,-0.0,0.14,0.02
ksu,-16.84,271.03,-0.07,3.26,10.62,-24.33,238.18,-0.1,2.95,8.69,-7.76,211.0,-0.03,1.37,1.88
k,-8.43,70.52,-0.03,0.78,0.61,-0.6,71.64,-0.0,0.61,0.38,0.03,68.74,0.0,0.46,0.22
key,-2.64,16.66,-0.01,0.37,0.13,-2.84,17.65,-0.01,0.19,0.04,-0.5,18.62,-0.0,0.09,0.01
keys,-30.18,161.33,-0.12,2.32,5.38,19.55,148.58,0.08,1.53,2.34,-4.34,140.04,-0.02,1.01,1.02
kmb,17.45,130.76,0.07,1.35,1.83,17.78,132.78,0.07,1.14,1.29,-10.25,132.75,-0.04,0.67,0.44
kim,-2.11,20.64,-0.01,0.33,0.11,-1.15,22.58,-0.0,0.28,0.08,-7.99,23.83,-0.03,0.21,0.05
kmi,-1.66,17.82,-0.01,0.23,0.05,-1.64,17.86,-0.01,0.17,0.03,-3.18,19.15,-0.01,0.1,0.01
klac,230.41,362.24,0.91,7.53,56.64,23.91,346.15,0.09,5.23,27.3,-9.41,338.92,-0.04,3.02,9.14
khc,-2.11,38.32,-0.01,0.43,0.18,3.34,38.79,0.01,0.41,0.16,7.23,42.64,0.03,0.19,0.04
kr,5.3,47.15,0.02,0.74,0.55,-8.58,50.1,-0.03,0.54,0.3,-6.42,53.86,-0.03,0.34,0.12
lb,13.46,54.12,0.07,1.2,1.44,1.41,37.95,0.01,0.63,0.4,2.69,33.12,0.01,0.29,0.08
lhx,21.91,212.86,0.09,3.01,9.05,4.08,232.01,0.02,3.01,9.08,-0.6,232.26,-0.0,1.44,2.06
lh,-21.69,234.06,-0.09,3.48,12.08,5.75,242.53,0.02,2.44,5.97,12.41,241.05,0.05,1.55,2.41
lrcx,-369.71,461.86,-1.47,10.98,120.56,-82.73,463.29,-0.33,7.67,58.81,64.65,483.86,0.26,5.15,26.57
lw,27.33,88.18,0.11,0.99,0.97,17.07,78.37,0.07,0.8,0.64,-9.0,69.94,-0.04,0.44,0.2
lvs,17.62,45.87,0.07,0.91,0.83,-5.74,35.0,-0.02,0.49,0.24,-2.39,33.31,-0.01,0.37,0.14
leg,-9.73,34.84,-0.04,0.52,0.28,1.36,36.77,0.01,0.47,0.22,-0.95,36.6,-0.0,0.26,0.07
ldos,-21.43,97.59,-0.09,1.38,1.9,-15.55,100.43,-0.06,0.87,0.75,4.93,102.1,0.02,0.53,0.28
len,53.19,89.13,0.21,1.57,2.48,12.24,78.16,0.05,1.02,1.05,6.33,75.85,0.03,0.69,0.47
lly,-91.64,341.3,-0.36,4.79,22.9,5.04,317.48,0.02,2.85,8.12,23.05,324.47,0.09,1.53,2.34
lnc,-12.38,38.19,-0.05,1.01,1.02,-10.92,46.04,-0.04,0.98,0.95,1.18,48.41,0.0,0.4,0.16
lin,-134.95,318.35,-0.54,4.15,17.22,14.21,301.73,0.06,2.5,6.26,11.7,309.39,0.05,1.79,3.22
lyv,4.46,79.24,0.02,1.76,3.1,7.36,92.39,0.03,1.63,2.67,-25.03,93.67,-0.1,1.43,2.06
lkq,-16.72,53.67,-0.07,0.77,0.59,13.41,51.34,0.05,0.75,0.57,1.07,50.18,0.0,0.34,0.12
lmt,34.99,450.6,0.14,5.5,30.22,68.32,425.87,0.27,3.92,15.37,6.32,439.06,0.03,2.14,4.59
l,-5.7,57.62,-0.02,0.69,0.48,4.46,58.4,0.02,0.54,0.29,1.56,62.1,0.01,0.34,0.12
low,57.3,198.15,0.23,3.22,10.37,12.72,188.28,0.05,2.2,4.83,11.35,193.93,0.05,1.71,2.94
lumn,1.91,2.68,0.01,0.1,0.01,-3.97,4.42,-0.02,0.09,0.01,-0.27,5.41,-0.0,0.05,0.0
lyb,4.04,88.92,0.02,1.34,1.78,13.16,93.94,0.05,1.0,0.99,-8.13,105.44,-0.03,0.69,0.47
mtb,-7.28,157.18,-0.03,2.74,7.5,6.59,174.37,0.03,1.99,3.96,7.83,164.14,0.03,1.07,1.14
mro,-5.16,25.99,-0.02,0.61,0.37,5.23,24.3,0.02,0.4,0.16,-6.96,27.78,-0.03,0.27,0.07
mpc,23.77,110.49,0.09,2.47,6.09,7.84,93.27,0.03,1.23,1.51,6.44,96.51,0.03,0.75,0.56
mktx,38.78,291.3,0.15,6.89,47.41,-20.26,257.97,-0.08,3.49,12.2,10.63,272.56,0.04,1.9,3.62
mar,19.88,159.37,0.08,2.69,7.26,-31.67,155.63,-0.13,1.86,3.48,-42.45,175.19,-0.17,1.54,2.38
mmc,20.22,164.13,0.08,2.07,4.29,3.97,157.81,0.02,1.44,2.09,11.83,153.78,0.05,0.72,0.51
mlm,67.45,344.72,0.27,5.36,28.69,-4.81,336.77,-0.02,4.36,19.02,14.57,327.25,0.06,2.23,4.99
mas,10.67,50.93,0.04,0.88,0.78,4.68,53.25,0.02,0.59,0.34,-2.64,54.85,-0.01,0.38,0.15
ma,-97.1,345.03,-0.39,4.48,20.04,30.37,347.88,0.12,3.2,10.22,-11.88,340.6,-0.05,2.46,6.03
mkc,0.59,82.1,0.0,0.99,0.97,-20.79,87.12,-0.08,0.9,0.82,8.23,89.5,0.03,0.53,0.28
mxim,10.04,92.8,0.05,1.45,2.1,-24.78,87.39,-0.1,0.84,0.7,3.33,78.29,0.01,0.4,0.16
mcd,57.39,264.15,0.23,2.69,7.26,28.33,247.78,0.11,1.77,3.13,-9.73,248.69,-0.04,1.05,1.1
mck,27.88,357.25,0.11,4.68,21.86,-61.68,335.7,-0.24,3.52,12.4,0.88,321.89,0.0,2.29,5.25
mdt,-0.17,85.63,-0.0,1.1,1.2,-4.19,90.03,-0.02,0.66,0.44,3.7,90.15,0.01,0.4,0.16
mrk,21.83,100.71,0.09,1.12,1.26,8.99,90.7,0.04,0.67,0.45,5.11,87.42,0.02,0.54,0.29
met,4.0,65.77,0.02,1.01,1.02,2.62,63.87,0.01,0.53,0.28,-2.54,65.46,-0.01,0.38,0.14
mtd,333.29,1358.1,1.32,24.24,587.34,15.76,1223.42,0.06,16.44,270.4,-98.56,1212.81,-0.39,6.93,48.08
mgm,6.01,36.67,0.02,0.77,0.6,0.14,31.74,0.0,0.44,0.2,6.93,36.36,0.03,0.39,0.16
mchp,16.74,71.34,0.07,1.41,1.99,10.16,65.25,0.04,0.82,0.67,-4.93,59.65,-0.02,0.42,0.18
mu,32.47,58.4,0.13,1.29,1.66,2.09,62.27,0.01,0.79,0.63,-2.36,70.66,-0.01,0.54,0.3
msft,-91.99,259.89,-0.37,4.06,16.48,30.45,263.2,0.12,2.16,4.65,-3.75,263.98,-0.01,1.26,1.59
maa,8.27,161.72,0.03,2.39,5.69,-18.82,165.87,-0.07,1.8,3.24,0.08,172.07,0.0,0.9,0.81
mhk,5.24,109.04,0.02,2.43,5.88,-4.01,123.72,-0.02,2.25,5.06,-1.85,133.85,-0.01,1.09,1.19
tap,-12.56,53.49,-0.05,0.76,0.58,2.24,54.88,0.01,0.62,0.38,-3.51,54.05,-0.01,0.46,0.21
mdlz,7.38,64.98,0.03,0.65,0.42,2.67,62.22,0.01,0.43,0.19,0.28,61.43,0.0,0.27,0.07
mpwr,-195.05,424.74,-0.77,11.19,125.21,-5.41,408.81,-0.02,8.55,73.04,21.7,410.36,0.09,3.59,12.9
mnst,-11.9,49.12,-0.05,0.57,0.33,-0.57,45.76,-0.0,0.41,0.16,-6.24,46.85,-0.02,0.23,0.06
mco,96.89,289.59,0.38,4.6,21.14,3.94,280.83,0.02,3.73,13.9,-13.74,279.03,-0.05,2.73,7.47
ms,12.66,86.42,0.05,1.2,1.45,10.06,80.2,0.04,0.68,0.47,-2.85,82.23,-0.01,0.47,0.22
mos,-7.16,49.29,-0.03,1.3,1.68,-0.55,51.36,-0.0,0.75,0.56,-9.92,53.13,-0.04,0.5,0.25
msi,50.88,251.03,0.2,3.18,10.08,-20.16,226.38,-0.08,2.23,4.95,6.68,212.46,0.03,1.13,1.27
msci,111.55,478.34,0.44,8.98,80.62,-47.66,440.61,-0.19,5.54,30.69,54.79,412.93,0.22,3.25,10.55
ndaq,12.71,57.96,0.05,0.79,0.62,-17.97,61.7,-0.07,1.07,1.15,11.77,58.43,0.05,0.25,0.06
ntap,-14.21,66.53,-0.06,1.02,1.03,0.25,70.79,0.0,0.86,0.74,-2.96,71.74,-0.01,0.61,0.37
nflx,192.94,274.44,0.77,6.63,43.96,-53.53,198.78,-0.21,2.79,7.79,-23.53,185.5,-0.09,1.58,2.48
nwl,5.29,15.38,0.02,0.35,0.12,-5.67,18.42,-0.02,0.24,0.06,0.27,19.14,0.0,0.14,0.02
nem,-19.73,49.0,-0.08,0.96,0.93,-20.11,50.89,-0.08,0.65,0.42,16.06,54.79,0.06,0.45,0.2
nwsa,-3.6,17.33,-0.01,0.29,0.08,1.67,16.75,0.01,0.2,0.04,0.92,16.71,0.0,0.12,0.02
nws,4.9,17.56,0.02,0.29,0.08,1.49,16.91,0.01,0.2,0.04,-0.95,16.65,-0.0,0.12,0.01
nee,0.77,79.75,0.0,1.08,1.16,-2.84,85.06,-0.01,0.66,0.43,8.24,78.46,0.03,0.4,0.16
nlsn,-0.87,21.98,-0.0,0.49,0.24,-2.72,20.36,-0.01,0.21,0.05,-2.95,21.01,-0.01,0.1,0.01
nke,52.55,112.13,0.21,1.78,3.16,1.73,110.81,0.01,1.03,1.07,3.46,113.65,0.01,0.64,0.41
ni,-4.18,28.03,-0.02,0.4,0.16,5.79,29.32,0.02,0.29,0.08,0.68,29.87,0.0,0.14,0.02
nsc,28.45,231.78,0.11,3.25,10.55,-20.61,233.51,-0.08,2.41,5.79,-2.8,231.09,-0.01,1.3,1.69
ntrs,6.25,91.62,0.02,1.55,2.4,-14.18,96.4,-0.06,1.13,1.29,-7.09,102.28,-0.03,0.7,0.48
noc,28.47,480.66,0.11,7.73,59.77,54.59,475.15,0.22,4.77,22.72,37.71,466.29,0.15,2.79,7.81
nlok,0.3,24.69,0.0,0.5,0.25,-5.43,25.82,-0.02,0.3,0.09,-0.8,25.01,-0.0,0.16,0.03
nclh,-2.13,14.16,-0.01,0.51,0.26,2.92,12.72,0.01,0.26,0.07,2.18,11.76,0.01,0.17,0.03
nov,-0.95,19.26,-0.0,0.48,0.23,0.59,17.51,0.0,0.28,0.08,-1.55,18.84,-0.01,0.19,0.03
nrg,-9.51,37.59,-0.04,0.66,0.44,0.28,40.28,0.0,0.44,0.19,5.95,41.74,0.02,0.28,0.08
nue,-23.84,138.39,-0.09,3.2,10.22,-24.79,125.17,-0.1,1.94,3.77,-36.05,146.54,-0.14,1.71,2.94
nvda,-226.21,187.19,-0.9,4.91,24.14,0.35,169.91,0.0,2.54,6.45,14.66,176.41,0.06,1.35,1.83
nvr,1957.01,4702.9,7.77,75.77,5741.14,-130.97,4221.01,-0.52,59.92,3590.23,-198.54,4146.49,-0.79,30.03,902.05
nxpi,35.52,168.61,0.14,3.44,11.82,13.02,172.33,0.05,2.42,5.85,21.6,180.32,0.09,1.77,3.14
orly,261.66,775.99,1.04,9.81,96.15,96.48,675.28,0.38,6.84,46.79,-19.25,617.84,-0.08,3.54,12.5
oxy,-1.82,64.12,-0.01,1.4,1.97,12.18,61.64,0.05,0.97,0.93,-1.23,58.85,-0.0,0.56,0.31
odfl,112.64,296.1,0.45,5.67,32.14,44.43,268.73,0.18,3.43,11.74,36.6,254.25,0.15,1.88,3.53
omc,-26.93,77.93,-0.11,1.04,1.09,-3.76,68.77,-0.01,0.78,0.6,9.89,69.48,0.04,0.53,0.28
oke,3.72,62.51,0.01,1.0,1.0,-5.16,60.65,-0.02,0.68,0.46,0.26,64.69,0.0,0.46,0.21
orcl,-38.81,80.13,-0.15,1.08,1.17,0.26,73.19,0.0,0.66,0.43,0.79,69.25,0.0,0.56,0.32
otis,14.03,81.61,0.06,0.94,0.87,9.6,74.74,0.04,0.62,0.39,-1.66,66.29,-0.01,0.36,0.13
pcar,-4.52,65.0,-0.02,0.9,0.81,7.49,57.69,0.03,0.52,0.27,1.28,56.31,0.01,0.3,0.09
pkg,-7.97,134.65,-0.03,2.0,4.01,-24.29,136.65,-0.1,1.53,2.33,0.18,148.25,0.0,0.79,0.63
ph,-25.82,295.63,-0.1,4.65,21.62,12.42,266.39,0.05,3.15,9.92,-2.23,261.85,-0.01,1.61,2.6
payx,4.64,117.14,0.02,1.64,2.68,-3.58,122.47,-0.01,1.19,1.42,-5.31,119.79,-0.02,0.63,0.4
payc,67.82,313.56,0.27,7.48,55.95,-87.92,321.34,-0.35,5.28,27.9,25.41,283.38,0.1,2.58,6.67
pypl,-1.63,80.1,-0.01,1.81,3.27,-8.8,82.34,-0.03,1.27,1.6,-10.45,73.17,-0.04,0.64,0.41
penn,-4.96,31.22,-0.02,0.86,0.75,-7.18,32.48,-0.03,0.57,0.33,5.18,31.59,0.02,0.37,0.14
pnr,6.51,48.77,0.03,0.82,0.68,-7.43,45.93,-0.03,0.54,0.29,-1.99,47.61,-0.01,0.27,0.07
pbct,-3.79,18.05,-0.02,0.34,0.11,1.6,17.64,0.01,0.18,0.03,0.94,18.02,0.0,0.1,0.01
pep,-10.39,175.87,-0.04,1.63,2.66,2.29,170.12,0.01,1.0,1.0,8.44,163.79,0.03,0.76,0.57
pki,-20.02,152.8,-0.08,3.14,9.86,-25.44,171.91,-0.1,2.3,5.31,11.87,181.87,0.05,1.29,1.67
prgo,3.62,37.28,0.01,0.59,0.35,9.33,37.14,0.04,0.44,0.2,1.28,37.44,0.01,0.22,0.05
pfe,-0.08,46.12,-0.0,0.57,0.33,3.9,50.92,0.02,0.41,0.17,-2.75,50.34,-0.01,0.23,0.05
pm,17.36,97.32,0.07,1.11,1.24,16.03,99.2,0.06,0.77,0.59,-0.25,103.91,-0.0,0.56,0.32
psx,-0.37,96.79,-0.0,1.98,3.92,-26.55,87.94,-0.11,1.19,1.42,-19.1,97.16,-0.08,0.86,0.74
pnw,1.65,74.35,0.01,0.99,0.98,-9.33,72.37,-0.04,0.8,0.63,-0.87,73.69,-0.0,0.38,0.15
pxd,-75.46,230.62,-0.3,4.66,21.68,-44.08,235.41,-0.17,2.85,8.14,15.17,229.73,0.06,1.59,2.54
pnc,12.38,152.44,0.05,2.71,7.32,1.0,159.63,0.0,1.66,2.77,5.27,157.93,0.02,1.05,1.11
pool,39.68,346.34,0.16,7.67,58.9,41.25,350.8,0.16,5.99,35.84,22.87,374.8,0.09,3.26,10.64
ppg,-8.94,126.43,-0.04,2.0,4.02,7.29,122.14,0.03,1.39,1.94,-0.15,119.85,-0.0,0.87,0.76
ppl,-1.03,28.2,-0.0,0.35,0.12,-0.74,28.44,-0.0,0.23,0.05,-1.23,29.11,-0.0,0.12,0.02
pfg,32.0,78.14,0.13,1.24,1.53,8.03,70.81,0.03,0.8,0.64,-1.76,69.04,-0.01,0.44,0.19
pg,17.42,143.37,0.07,1.45,2.11,7.86,144.16,0.03,1.23,1.5,-16.32,148.56,-0.06,0.71,0.51
pgr,28.88,127.89,0.11,1.98,3.92,8.77,117.73,0.03,1.19,1.42,-10.38,114.14,-0.04,0.59,0.35
pld,4.81,119.92,0.02,1.92,3.68,-12.24,122.64,-0.05,1.41,1.98,15.23,120.0,0.06,0.82,0.68
pru,0.54,95.86,0.0,1.43,2.04,-11.75,100.58,-0.05,1.04,1.08,-5.6,104.83,-0.02,0.77,0.59
ptc,47.56,120.02,0.19,1.85,3.44,7.88,112.07,0.03,1.55,2.41,9.91,110.53,0.04,0.78,0.61
peg,4.72,61.76,0.02,0.83,0.69,-11.17,64.48,-0.04,0.6,0.36,3.44,65.1,0.01,0.28,0.08
psa,5.45,303.9,0.02,4.72,22.29,36.31,316.67,0.14,3.12,9.73,-27.99,315.65,-0.11,1.78,3.18
phm,30.86,47.96,0.12,0.85,0.72,8.79,41.9,0.03,0.58,0.34,2.24,41.45,0.01,0.39,0.15
pvh,23.5,69.01,0.09,1.61,2.6,-9.02,65.93,-0.04,1.21,1.47,-1.77,68.65,-0.01,0.74,0.55
qrvo,-33.2,96.33,-0.13,2.16,4.68,-32.17,106.81,-0.13,1.53,2.33,-12.22,113.72,-0.05,1.12,1.25
pwr,13.53,144.93,0.05,2.4,5.78,10.4,131.37,0.04,1.79,3.2,7.73,121.99,0.03,1.0,1.0
qcom,27.71,125.15,0.11,2.53,6.42,11.55,138.69,0.05,1.56,2.44,1.37,136.19,0.01,0.85,0.72
dgx,-1.62,138.98,-0.01,1.75,3.07,-12.62,135.03,-0.05,1.37,1.88,-4.33,137.48,-0.02,0.86,0.74
rl,32.38,104.4,0.13,2.04,4.15,12.3,96.13,0.05,1.43,2.03,15.86,97.0,0.06,0.93,0.86
rjf,8.59,102.59,0.03,1.78,3.16,10.5,98.85,0.04,1.16,1.34,2.15,92.27,0.01,0.61,0.38
rtx,1.09,93.7,0.0,1.1,1.21,-17.86,93.27,-0.07,0.8,0.63,-7.29,85.16,-0.03,0.48,0.23
o,-3.51,65.04,-0.01,0.77,0.59,-11.91,69.11,-0.05,0.43,0.19,2.26,73.0,0.01,0.24,0.06
reg,-0.84,61.62,-0.0,0.88,0.78,-8.45,60.99,-0.03,0.7,0.49,0.5,62.66,0.0,0.47,0.22
regn,-100.31,707.36,-0.4,10.24,104.9,9.0,641.66,0.04,7.55,56.95,-35.04,677.44,-0.14,4.16,17.31
rf,2.74,20.82,0.01,0.47,0.22,0.11,20.37,0.0,0.24,0.06,0.76,20.84,0.0,0.16,0.03
rsg,3.9,134.26,0.02,1.54,2.37,4.07,135.63,0.02,1.17,1.38,4.03,129.57,0.02,0.56,0.31
rmd,-18.11,220.47,-0.07,3.22,10.37,33.29,222.47,0.13,2.06,4.23,33.71,210.11,0.13,1.06,1.11
rhi,-11.97,77.67,-0.05,1.39,1.94,-4.92,79.81,-0.02,1.1,1.21,1.72,83.07,0.01,0.62,0.38
rok,71.11,252.94,0.28,3.91,15.26,37.58,222.2,0.15,2.63,6.93,-2.24,204.24,-0.01,1.28,1.65
rol,5.41,37.17,0.02,0.51,0.26,-5.12,35.8,-0.02,0.46,0.21,2.81,34.52,0.01,0.17,0.03
rop,23.41,420.34,0.09,5.32,28.35,-0.28,402.14,-0.0,3.86,14.89,-12.22,406.67,-0.05,1.95,3.82
rost,-33.02,97.77,-0.13,1.68,2.82,-8.6,82.48,-0.03,1.76,3.1,7.2,78.86,0.03,1.52,2.31
rcl,22.01,54.25,0.09,1.65,2.71,-8.5,37.9,-0.03,0.8,0.65,-22.94,43.29,-0.09,0.52,0.27
spgi,-151.0,345.65,-0.6,5.13,26.37,19.94,346.29,0.08,4.31,18.54,48.41,336.5,0.19,2.82,7.93
crm,102.85,167.28,0.41,3.27,10.72,-15.07,177.98,-0.06,2.09,4.38,-15.42,171.81,-0.06,1.49,2.21
sbac,-36.85,290.51,-0.15,5.22,27.23,-54.58,313.51,-0.22,4.15,17.22,14.92,323.65,0.06,2.43,5.93
slb,9.94,46.12,0.04,1.06,1.12,-14.26,36.92,-0.06,0.53,0.28,-8.56,44.9,-0.03,0.33,0.11
stx,26.09,64.33,0.1,1.34,1.8,6.09,78.79,0.02,1.25,1.56,-1.12,82.71,-0.0,0.75,0.57
see,-8.37,51.31,-0.03,0.87,0.76,-6.29,54.41,-0.02,0.68,0.47,5.38,59.77,0.02,0.34,0.12
sre,-12.18,78.08,-0.05,1.03,1.06,9.7,79.67,0.04,0.72,0.51,-7.81,76.93,-0.03,0.38,0.14
now,193.7,435.12,0.77,9.93,98.63,56.54,463.78,0.22,6.81,46.33,-111.32,464.31,-0.44,4.44,19.67
shw,41.18,233.47,0.16,3.99,15.94,65.71,237.88,0.26,3.96,15.71,-4.64,246.82,-0.02,1.79,3.2
spg,6.3,109.78,0.02,1.71,2.93,23.49,106.78,0.09,1.12,1.25,-18.62,128.95,-0.07,0.71,0.51
swks,32.06,101.27,0.13,2.02,4.07,15.58,104.34,0.06,1.43,2.03,-14.86,120.36,-0.06,0.93,0.86
sna,-26.49,229.44,-0.11,2.94,8.67,11.55,213.62,0.05,2.13,4.52,11.54,210.9,0.05,1.16,1.36
so,-1.63,70.62,-0.01,0.91,0.83,5.82,74.36,0.02,0.54,0.29,-3.38,72.24,-0.01,0.31,0.1
luv,4.81,35.66,0.02,0.68,0.46,6.41,38.63,0.03,0.43,0.18,9.5,38.47,0.04,0.3,0.09
swk,-3.28,88.32,-0.01,1.91,3.65,36.7,85.12,0.15,1.23,1.51,11.62,105.09,0.05,1.1,1.21
sbux,-44.08,93.9,-0.17,1.32,1.76,12.63,77.83,0.05,0.69,0.47,8.44,74.4,0.03,0.4,0.16
stt,19.86,73.86,0.08,1.32,1.74,0.64,67.89,0.0,0.8,0.64,-2.1,67.31,-0.01,0.48,0.23
ste,5.03,193.94,0.02,3.3,10.87,-32.57,201.65,-0.13,2.45,6.0,-2.3,215.34,-0.01,1.28,1.65
syk,74.42,239.54,0.3,3.46,12.0,-4.84,212.7,-0.02,2.16,4.66,-27.42,218.43,-0.11,1.31,1.72
sivb,-417.68,511.62,-1.66,14.86,220.86,-124.97,634.03,-0.5,12.0,144.09,47.16,706.24,0.19,7.3,53.32
syf,10.31,32.56,0.04,0.74,0.54,-0.98,33.33,-0.0,0.52,0.28,0.18,35.61,0.0,0.34,0.11
snps,126.23,338.43,0.5,5.58,31.12,65.78,331.11,0.26,3.99,15.91,-62.55,308.15,-0.25,2.4,5.78
syy,7.75,79.83,0.03,1.1,1.22,-0.28,84.46,-0.0,0.82,0.67,8.7,83.75,0.03,0.64,0.4
tmus,14.95,142.06,0.06,1.68,2.82,23.64,137.28,0.09,1.12,1.25,-4.9,130.18,-0.02,0.68,0.46
trow,11.29,114.99,0.04,2.33,5.43,-7.02,116.96,-0.03,1.48,2.18,-1.77,116.6,-0.01,0.79,0.62
ttwo,53.87,117.16,0.21,2.27,5.15,-3.72,123.95,-0.01,1.83,3.35,0.54,118.56,0.0,1.16,1.35
tpr,13.08,36.89,0.05,0.69,0.48,-6.8,32.66,-0.03,0.52,0.27,-3.48,31.53,-0.01,0.38,0.15
tgt,62.63,159.11,0.25,2.98,8.85,-5.52,155.82,-0.02,1.77,3.14,-4.92,144.81,-0.02,0.84,0.7
tel,15.37,123.18,0.06,1.69,2.86,-7.61,121.95,-0.03,1.37,1.87,4.39,122.21,0.02,0.74,0.54
tdy,39.27,399.71,0.16,5.46,29.83,15.25,377.12,0.06,4.1,16.77,-11.75,383.95,-0.05,2.33,5.41
tfx,17.52,241.39,0.07,4.22,17.85,42.58,239.42,0.17,2.7,7.27,26.83,267.39,0.11,1.58,2.49
ter,-42.36,93.93,-0.17,2.03,4.1,-12.66,96.67,-0.05,1.56,2.44,2.79,105.41,0.01,1.06,1.12
tsla,28.79,211.33,0.11,6.85,46.93,-69.0,247.86,-0.27,4.29,18.41,29.17,235.78,0.12,2.36,5.57
txn,19.68,169.26,0.08,2.64,6.98,13.02,166.62,0.05,1.48,2.2,-27.22,165.04,-0.11,0.92,0.84
txt,-4.76,66.89,-0.02,0.96,0.93,4.94,63.43,0.02,0.75,0.56,-1.11,62.85,-0.0,0.4,0.16
tmo,81.77,549.88,0.32,7.9,62.34,72.28,553.81,0.29,5.59,31.26,17.98,543.43,0.07,3.25,10.57
tjx,19.91,71.19,0.08,0.96,0.92,-10.02,61.36,-0.04,0.71,0.5,-4.83,59.99,-0.02,0.62,0.38
tsco,16.92,212.98,0.07,3.46,11.99,4.45,193.71,0.02,2.57,6.59,-21.63,191.15,-0.09,1.44,2.07
tt,26.31,179.87,0.1,2.43,5.9,12.9,169.61,0.05,1.55,2.41,2.38,149.9,0.01,0.99,0.99
tdg,-265.26,643.57,-1.05,9.72,94.52,59.16,580.24,0.23,7.17,51.43,-8.53,568.89,-0.03,4.52,20.44
trv,-3.46,174.67,-0.01,2.22,4.94,-6.85,167.72,-0.03,1.38,1.9,3.91,173.77,0.02,0.82,0.66
tfc,14.7,39.04,0.06,0.83,0.69,1.37,44.54,0.01,0.47,0.22,3.07,45.23,0.01,0.28,0.08
twtr,-22.56,46.33,-0.09,1.19,1.41,-9.04,62.94,-0.04,0.76,0.58,1.92,63.89,0.01,0.26,0.07
tyl,94.91,345.64,0.38,6.97,48.54,-38.0,356.18,-0.15,4.94,24.39,14.54,338.08,0.06,2.51,6.32
tsn,-15.46,69.06,-0.06,0.85,0.72,-16.57,83.15,-0.07,0.72,0.52,5.89,86.77,0.02,0.48,0.23
udr,-4.5,42.49,-0.02,0.63,0.4,12.79,44.58,0.05,0.52,0.27,-2.44,45.95,-0.01,0.29,0.08
ulta,114.22,452.93,0.45,6.39,40.77,-25.97,393.46,-0.1,5.6,31.31,10.44,389.3,0.04,3.68,13.53
usb,16.59,43.44,0.07,0.79,0.62,-0.52,46.03,-0.0,0.36,0.13,-2.42,46.76,-0.01,0.21,0.04
uaa,1.94,9.21,0.01,0.24,0.06,-2.21,9.07,-0.01,0.14,0.02,-2.29,9.22,-0.01,0.09,0.01
ua,1.23,8.21,0.0,0.21,0.04,0.76,8.13,0.0,0.11,0.01,-2.16,8.86,-0.01,0.09,0.01
unp,-4.11,208.85,-0.02,2.97,8.81,-14.68,223.19,-0.06,1.99,3.95,13.0,223.47,0.05,1.38,1.92
ual,-8.4,42.05,-0.03,1.07,1.15,-7.65,38.12,-0.03,0.56,0.31,8.66,39.33,0.03,0.39,0.15
unh,81.21,508.2,0.32,6.61,43.75,-55.31,509.03,-0.22,4.31,18.57,-9.8,488.09,-0.04,2.51,6.3
ups,87.04,181.19,0.35,2.53,6.4,-32.25,182.6,-0.13,1.56,2.43,-31.46,180.88,-0.12,1.26,1.6
uri,-137.58,338.74,-0.55,6.95,48.27,18.4,290.38,0.07,4.38,19.17,18.05,292.6,0.07,2.84,8.06
uhs,22.15,121.43,0.09,2.05,4.19,19.83,105.53,0.08,1.57,2.48,-6.16,113.21,-0.02,0.9,0.82
unm,2.09,39.64,0.01,0.66,0.44,12.49,34.69,0.05,0.48,0.23,-6.95,34.85,-0.03,0.29,0.08
vlo,-12.31,122.91,-0.05,2.95,8.68,-19.58,114.43,-0.08,1.8,3.25,-16.02,126.35,-0.06,1.15,1.32
vtr,-6.35,47.13,-0.03,0.79,0.62,13.64,53.77,0.05,0.6,0.36,3.3,56.17,0.01,0.37,0.14
vrsn,-86.1,194.39,-0.34,2.77,7.68,12.79,178.22,0.05,2.0,3.98,-4.45,168.19,-0.02,0.96,0.93
vrsk,41.71,182.55,0.17,2.34,5.49,3.66,179.76,0.01,1.62,2.63,17.48,170.68,0.07,0.76,0.58
vz,6.09,41.36,0.02,0.49,0.24,-7.46,47.83,-0.03,0.31,0.1,-1.31,50.57,-0.01,0.18,0.03
vrtx,-68.13,299.26,-0.27,4.83,23.28,1.28,274.64,0.01,3.13,9.77,9.5,260.26,0.04,1.68,2.81
vfc,-14.61,33.15,-0.06,0.81,0.66,-11.72,31.65,-0.05,0.5,0.25,-11.99,36.79,-0.05,0.29,0.09
viac,12.32,37.64,0.07,0.78,0.6,-1.75,41.51,-0.01,0.46,0.21,-0.64,42.77,-0.0,0.27,0.08
vtrs,-0.8,10.17,-0.0,0.14,0.02,0.43,11.39,0.0,0.11,0.01,0.94,11.09,0.0,0.05,0.0
v,-74.72,211.15,-0.3,2.64,6.99,15.68,203.51,0.06,1.84,3.38,-7.82,218.95,-0.03,0.86,0.74
vnt,-12.89,27.98,-0.05,0.36,0.13,-7.16,23.19,-0.03,0.26,0.07,-1.83,19.68,-0.01,0.11,0.01
vno,-12.22,23.32,-0.05,0.56,0.31,-6.78,24.31,-0.03,0.39,0.15,3.08,29.31,0.01,0.2,0.04
vmc,32.28,169.82,0.13,2.5,6.26,16.96,162.29,0.07,1.96,3.84,6.07,159.31,0.02,1.07,1.14
wrb,6.17,67.12,0.02,0.94,0.87,5.08,66.78,0.02,0.66,0.43,-0.81,68.65,-0.0,0.32,0.1
wab,4.77,94.94,0.02,1.32,1.74,-2.35,88.82,-0.01,0.96,0.91,-4.04,89.15,-0.02,0.59,0.35
wmt,23.4,138.52,0.09,1.53,2.35,-19.82,126.19,-0.08,1.47,2.18,33.81,138.94,0.13,0.92,0.84
wba,-14.88,36.92,-0.06,0.56,0.31,7.0,38.79,0.03,0.34,0.12,4.01,39.1,0.02,0.25,0.06
dis,11.08,100.81,0.04,1.76,3.1,-3.89,102.72,-0.02,1.04,1.07,19.33,98.1,0.08,0.56,0.32
wm,-0.94,159.83,-0.0,1.77,3.14,12.52,157.88,0.05,1.28,1.63,-3.72,159.26,-0.01,0.77,0.6
wat,-10.72,316.6,-0.04,5.5,30.29,-10.45,314.48,-0.04,3.9,15.22,30.63,325.7,0.12,1.9,3.62
wec,11.31,96.22,0.04,1.3,1.68,-18.5,100.21,-0.07,0.97,0.94,6.02,100.41,0.02,0.5,0.25
wfc,5.91,42.78,0.02,0.72,0.52,2.22,41.72,0.01,0.46,0.21,2.76,43.38,0.01,0.3,0.09
well,-4.73,73.72,-0.02,1.12,1.25,-21.22,83.71,-0.08,0.79,0.62,9.33,86.1,0.04,0.51,0.26
wst,85.88,291.41,0.34,5.41,29.24,-29.23,292.65,-0.12,4.47,19.96,12.51,300.2,0.05,1.75,3.06
wdc,-2.8,40.22,-0.01,0.94,0.89,-3.1,52.6,-0.01,0.8,0.65,0.98,48.39,0.0,0.35,0.13
wu,2.93,14.12,0.01,0.22,0.05,-2.83,15.28,-0.01,0.16,0.03,1.02,16.41,0.0,0.1,0.01
wrk,-5.28,35.89,-0.02,0.62,0.39,18.53,41.44,0.07,0.56,0.32,-1.2,43.63,-0.0,0.3,0.09
wy,3.01,32.36,0.01,0.51,0.26,-7.4,35.67,-0.03,0.34,0.12,-3.65,37.32,-0.01,0.23,0.06
whr,2.33,148.22,0.01,2.91,8.49,-25.49,159.71,-0.1,1.88,3.52,-3.15,163.36,-0.01,1.14,1.29
wmb,5.98,31.95,0.02,0.46,0.22,-4.59,33.13,-0.02,0.33,0.11,3.74,35.63,0.01,0.18,0.03
wltw,16.54,233.3,0.07,3.28,10.77,23.25,235.79,0.09,2.37,5.61,-5.58,221.37,-0.02,1.32,1.75
wynn,-27.61,81.84,-0.11,1.78,3.18,1.46,60.66,0.01,0.96,0.93,-2.24,63.67,-0.01,0.7,0.49
xel,-6.61,69.29,-0.03,0.93,0.87,-19.16,71.05,-0.08,0.67,0.45,-4.09,71.19,-0.02,0.39,0.15
xlnx,28.88,158.2,0.12,4.43,19.61,-20.43,128.27,-0.08,1.73,2.98,-20.71,129.51,-0.08,0.98,0.97
xyl,-12.69,98.33,-0.05,1.39,1.94,26.27,88.62,0.1,0.91,0.83,5.71,79.82,0.02,0.43,0.19
yum,-13.73,123.15,-0.05,1.42,2.02,14.62,116.14,0.06,1.0,1.0,9.71,114.27,0.04,0.52,0.27
zbra,-80.08,291.95,-0.32,6.58,43.24,-39.34,307.23,-0.16,4.51,20.38,-24.97,318.16,-0.1,2.3,5.31
zbh,4.59,119.13,0.02,1.55,2.4,9.49,110.49,0.04,1.15,1.33,-3.69,111.69,-0.01,0.67,0.45
zion,-5.33,47.43,-0.02,1.13,1.28,-6.55,51.45,-0.03,0.75,0.56,6.22,56.14,0.02,0.27,0.07
zts,34.27,162.67,0.14,2.41,5.82,-30.41,165.13,-0.12,1.59,2.52,-12.76,166.49,-0.05,0.87,0.76
