,date,open,high,low,close,volume
0,2021-08-23 20:00:00,3.0437,3.0605,3.0112,3.0211,38865.64
1,2021-08-24 20:00:00,3.0213,3.0957,2.9199,3.0903,639928.6100000782
2,2021-08-25 20:00:00,3.0899,3.6121,2.9632,3.5268,5707177.559999701
3,2021-08-26 20:00:00,3.5317,4.3981,3.167,4.17,8469475.469999278
4,2021-08-27 20:00:00,4.1621,5.2249,4.1305,4.5978,8617597.38999702
5,2021-08-28 20:00:00,4.6049,4.6152,4.2268,4.2702,2430622.740000179
6,2021-08-29 20:00:00,4.2702,10.998,4.0499,7.09,20622022.219997644
7,2021-08-30 20:00:00,7.0771,7.4983,5.383,5.5277,17671513.06999659
8,2021-08-31 20:00:00,5.5312,6.647,5.3616,5.8054,12227675.619994592
9,2021-09-01 20:00:00,5.8044,5.978,5.5352,5.6147,4847994.270000206
10,2021-09-02 20:00:00,5.6146,5.6969,5.2809,5.3098,3614163.6400002535
11,2021-09-03 20:00:00,5.3099,5.62,5.1201,5.1275,2858465.0400002263
12,2021-09-04 20:00:00,5.1229,6.69,5.0625,5.4645,9619869.529998483
13,2021-09-05 20:00:00,5.4701,5.56,5.1002,5.1555,6811075.799999518
14,2021-09-06 20:00:00,5.1557,5.1797,3.8086,4.1361,10183557.919999128
15,2021-09-07 20:00:00,4.2973,4.3087,4.294,4.2972,4525.350000000001
16,2021-09-08 20:00:00,4.2423,5.3489,4.0925,5.0084,12173864.499994185
17,2021-09-09 20:00:00,5.0097,5.71,4.7,5.0358,11114597.609997729
18,2021-09-10 20:00:00,5.0362,5.4724,4.8457,5.0318,5789566.879999226
19,2021-09-11 20:00:00,5.0304,5.3354,4.8574,4.9551,2476090.3900002358
20,2021-09-12 20:00:00,4.9512,5.3497,4.2415,5.1921,7407483.039998711
21,2021-09-13 20:00:00,5.1921,5.6608,4.984,5.0288,5504402.589999719
22,2021-09-14 20:00:00,5.0315,5.4439,4.8471,5.0428,2954665.4000002933
23,2021-09-15 20:00:00,5.0462,5.4991,4.9194,5.3576,5946427.289999099
24,2021-09-16 20:00:00,5.3577,5.358,4.9979,5.1115,3044452.530000288
25,2021-09-17 20:00:00,5.1115,5.5537,5.0118,5.2397,3127169.730000282
26,2021-09-18 20:00:00,5.2371,6.2209,5.1092,5.9421,9948954.099996002
27,2021-09-19 20:00:00,5.9418,6.5464,5.1413,5.902,17526842.37999348
28,2021-09-20 20:00:00,5.899,7.5209,5.4923,6.2245,16898335.109992616
29,2021-09-21 20:00:00,6.2363,6.8595,5.68,6.5508,9327216.239997042
30,2021-09-22 20:00:00,6.5466,7.8799,6.2564,7.132,9714022.00999579
31,2021-09-23 20:00:00,7.132,8.2696,6.2061,7.6083,16536629.979994312
32,2021-09-24 20:00:00,7.6091,7.7935,6.75,6.827,6986381.639998386
33,2021-09-25 20:00:00,6.8286,6.8342,5.75,6.262,7625268.109997461
34,2021-09-26 20:00:00,6.256,7.0,6.1,6.1317,4137856.050000326
35,2021-09-27 20:00:00,6.1277,6.2686,5.8002,5.8188,3585052.3100002115
36,2021-09-28 20:00:00,5.8153,6.1704,5.5051,5.6863,3326517.3400002858
37,2021-09-29 20:00:00,5.6879,5.8773,5.5736,5.6471,2776750.9200001946
38,2021-09-30 20:00:00,5.6468,6.3204,5.6059,6.1503,3368501.2600005902
39,2021-10-01 20:00:00,6.1553,6.6281,6.0207,6.292,2980926.060000271
40,2021-10-02 20:00:00,6.2909,6.6438,6.0819,6.312,3138854.880000293
41,2021-10-03 20:00:00,6.322,6.3424,5.94,6.0028,3058161.9300003806
42,2021-10-04 20:00:00,6.0077,6.184,5.71,5.9236,2850599.1000003074
43,2021-10-05 20:00:00,5.9234,5.9955,5.5121,5.7393,2810203.5000015693
44,2021-10-06 20:00:00,5.7373,6.0373,5.6031,5.9043,2282759.7700009863
45,2021-10-07 20:00:00,5.9034,6.0704,5.78,5.877,1911624.7300001632
46,2021-10-08 20:00:00,5.8813,6.3288,5.8062,5.9371,2416828.270000279
47,2021-10-09 20:00:00,5.9438,5.9813,5.63,5.6567,1117058.4100000036
48,2021-10-10 20:00:00,5.6537,5.8545,5.4116,5.5789,1695767.8800000865
49,2021-10-11 20:00:00,5.5789,5.686,5.1049,5.5688,1884148.6800001212
50,2021-10-12 20:00:00,5.5681,5.8446,5.3,5.6746,2203809.1199999694
51,2021-10-13 20:00:00,5.6763,6.2383,5.621,5.9154,2132290.569999986
52,2021-10-14 20:00:00,5.9155,5.9708,5.6044,5.8744,1771744.579999982
53,2021-10-15 20:00:00,5.8745,6.1113,5.7837,5.8748,1002994.970000014
54,2021-10-16 20:00:00,5.8761,6.6058,5.8188,6.1435,3269351.189999971
55,2021-10-17 20:00:00,6.142,6.4868,5.9114,6.1428,1578262.1799999846
56,2021-10-18 20:00:00,6.1399,6.2602,6.0123,6.0893,990619.7999999904
57,2021-10-19 20:00:00,6.0859,6.8427,6.0264,6.5494,1749558.1299999403
58,2021-10-20 20:00:00,6.55,7.0529,6.45,6.9756,2314358.4399999534
59,2021-10-21 20:00:00,6.9809,6.9916,6.4065,6.636,960479.8399999916
60,2021-10-22 20:00:00,6.637,6.7474,6.3961,6.5022,666195.2300000074
61,2021-10-23 20:00:00,6.5008,6.8697,6.4591,6.6924,1062865.4499999888
62,2021-10-24 20:00:00,6.6904,7.4123,6.6694,7.2333,2324172.269999598
63,2021-10-25 20:00:00,7.2337,7.8883,7.06,7.2551,3445915.129999985
64,2021-10-26 20:00:00,7.2567,7.3494,6.0638,6.2249,2551453.799999929
65,2021-10-27 20:00:00,6.2255,6.6901,6.1536,6.4375,1722531.769999992
66,2021-10-28 20:00:00,6.433,6.8495,6.3898,6.7791,1561283.4300000083
67,2021-10-29 20:00:00,6.7828,6.8326,6.2022,6.2867,1077459.5800000045
68,2021-10-30 20:00:00,6.2862,6.4063,6.0269,6.2413,1243109.7300000088
69,2021-10-31 20:00:00,6.2388,6.5387,6.1822,6.2899,1220282.5100000084
70,2021-11-01 20:00:00,6.2854,6.45,6.201,6.287,936300.9199999972
71,2021-11-02 20:00:00,6.2868,6.6248,6.2267,6.4624,1440630.8099999845
72,2021-11-03 20:00:00,6.4631,6.7458,6.25,6.3473,1254221.460000009
73,2021-11-04 20:00:00,6.3481,6.4485,6.2521,6.2901,790846.8599999986
74,2021-11-05 20:00:00,6.2884,6.5,6.0806,6.3398,767517.6900000023
75,2021-11-06 20:00:00,6.3322,6.4546,6.2084,6.3391,444967.409999996
76,2021-11-07 19:00:00,6.3415,6.4915,6.2252,6.4365,727176.6800000118
77,2021-11-08 19:00:00,6.4335,6.7713,6.3722,6.6201,1348071.1100000502
78,2021-11-09 19:00:00,6.6196,6.7293,5.5,6.1142,1808402.51999991
79,2021-11-10 19:00:00,6.108,6.2344,6.0006,6.0724,772842.0400000043
80,2021-11-11 19:00:00,6.071,6.142,5.7154,5.8836,932015.460000041
81,2021-11-12 19:00:00,5.8818,5.9225,5.7472,5.8396,510890.61999999767
82,2021-11-13 19:00:00,5.8377,5.9363,5.7112,5.8169,486544.6399999999
83,2021-11-14 19:00:00,5.8249,5.8794,5.5548,5.6283,839736.0800000007
84,2021-11-15 19:00:00,5.6283,5.6283,4.9438,5.1689,1874431.139999934
85,2021-11-16 19:00:00,5.1659,5.2448,4.9769,5.1415,743654.2200000021
86,2021-11-17 19:00:00,5.1461,5.4702,4.8198,4.9985,2074689.059999999
87,2021-11-18 19:00:00,4.9977,5.4542,4.9724,5.2826,1085287.6600000192
88,2021-11-19 19:00:00,5.2815,5.4884,5.1909,5.4056,665974.7600000016
89,2021-11-20 19:00:00,5.4061,6.2389,5.3793,5.7958,2080975.839999906
90,2021-11-21 19:00:00,5.7984,6.2098,5.4589,5.4589,2154173.119999833
91,2021-11-22 19:00:00,5.458,5.5644,5.2193,5.4061,1446986.5600000147
92,2021-11-23 19:00:00,5.41,5.4124,5.0455,5.2329,984864.7300000072
93,2021-11-24 19:00:00,5.2307,5.4681,5.1954,5.28,721962.050000009
94,2021-11-25 19:00:00,5.2816,5.6805,4.661,4.7145,3357080.930000006
95,2021-11-26 19:00:00,4.7147,5.0471,4.6931,4.8488,739675.2600000028
96,2021-11-27 19:00:00,4.8384,4.89,4.5026,4.8849,1149700.820000016
97,2021-11-28 19:00:00,4.8888,5.1043,4.843,5.0313,882453.2200000262
98,2021-11-29 19:00:00,5.0326,5.2727,4.879,5.1591,1440507.3699999456
99,2021-11-30 19:00:00,5.1588,5.2645,4.8676,4.9187,645619.9000000001
100,2021-12-01 19:00:00,4.9145,5.112,4.7509,4.9181,944432.6200000162
101,2021-12-02 19:00:00,4.9161,5.1167,4.5663,4.7337,1369028.3999999606
102,2021-12-03 19:00:00,4.7267,4.7434,3.2158,4.0635,2900943.7399998424
103,2021-12-04 19:00:00,4.06,4.2238,3.6101,3.7438,1340345.9799999364
104,2021-12-05 19:00:00,3.7404,3.7971,3.3883,3.7448,2003483.519999876
105,2021-12-06 19:00:00,3.7438,3.8915,3.6002,3.6491,1051261.15999999
106,2021-12-07 19:00:00,3.6563,4.7645,3.4918,4.263,2651529.709999956
107,2021-12-08 19:00:00,4.2664,4.4434,3.7379,3.7399,2355439.089999992
108,2021-12-09 19:00:00,3.74,4.07,3.5732,3.59,1212324.9299999971
109,2021-12-10 19:00:00,3.58,3.84,3.528,3.75,692258.8300000004
110,2021-12-11 19:00:00,3.75,4.04,3.7,3.85,786445.8600000021
111,2021-12-12 19:00:00,3.84,3.93,3.3981,3.47,1081284.200000011
112,2021-12-13 19:00:00,3.47,3.52,3.28,3.43,849579.610000005
113,2021-12-14 19:00:00,3.43,3.58,3.22,3.46,1222878.6700000053
114,2021-12-15 19:00:00,3.48,4.02,3.42,3.86,1693615.6199999838
115,2021-12-16 19:00:00,3.86,4.07,3.63,3.81,1638560.5299999907
116,2021-12-17 19:00:00,3.82,4.24,3.77,4.02,1077588.5699999933
117,2021-12-18 19:00:00,4.02,4.25,3.97,4.09,1132764.579999996
118,2021-12-19 19:00:00,4.08,4.41,3.84,4.06,1853725.6699999708
119,2021-12-20 19:00:00,4.06,4.41,4.04,4.25,929486.4799999977
120,2021-12-21 19:00:00,4.25,4.88,4.22,4.73,2154294.109999992
121,2021-12-22 19:00:00,4.74,5.19,4.61,4.84,2619580.169999983
122,2021-12-23 19:00:00,4.84,5.11,4.69,4.98,893641.1000000039
123,2021-12-24 19:00:00,4.98,5.07,4.81,4.89,495225.12000000017
124,2021-12-25 19:00:00,4.9,5.18,4.69,5.12,993114.4799999942
125,2021-12-26 19:00:00,5.12,5.33,5.02,5.05,1175384.8799999931
126,2021-12-27 19:00:00,5.05,5.06,4.54,4.59,655880.6000000023
127,2021-12-28 19:00:00,4.59,4.77,4.38,4.49,392067.2799999992
128,2021-12-29 19:00:00,4.48,4.94,4.36,4.77,692318.2299999994
129,2021-12-30 19:00:00,4.77,5.25,4.67,4.87,858645.580000007
130,2021-12-31 19:00:00,4.87,5.25,4.87,5.12,743720.4700000011
131,2022-01-01 19:00:00,5.14,5.39,5.04,5.08,1123448.0099999951
132,2022-01-02 19:00:00,5.08,5.12,4.82,5.0,827168.5700000038
133,2022-01-03 19:00:00,5.01,5.75,4.98,5.28,2974638.5599999586
134,2022-01-04 19:00:00,5.27,6.04,4.77,5.08,3806890.7900000303
135,2022-01-05 19:00:00,5.09,5.25,4.82,4.93,1755048.859999973
136,2022-01-06 19:00:00,4.92,4.95,4.38,4.64,2325539.589999993
137,2022-01-07 19:00:00,4.65,4.95,4.39,4.52,1054407.300000019
138,2022-01-08 19:00:00,4.52,4.79,4.45,4.67,643261.000000001
139,2022-01-09 19:00:00,4.65,4.77,4.15,4.4,1368301.399999978
140,2022-01-10 19:00:00,4.43,4.58,4.21,4.53,380278.7999999976
141,2022-01-11 19:00:00,4.54,5.11,4.44,4.97,790095.2700000098
142,2022-01-12 19:00:00,4.97,5.36,4.87,4.97,1003342.3100000228
143,2022-01-13 19:00:00,4.98,5.21,4.79,5.04,805210.9800000045
144,2022-01-14 19:00:00,5.05,5.17,4.92,5.02,265709.6800000017
145,2022-01-15 19:00:00,5.01,5.07,4.83,4.99,326100.609999999
146,2022-01-16 19:00:00,4.98,5.02,4.48,4.55,546585.1599999904
147,2022-01-17 19:00:00,4.57,4.65,4.27,4.44,462056.3899999951
148,2022-01-18 19:00:00,4.42,4.5,4.13,4.13,496144.519999994
149,2022-01-19 19:00:00,4.13,4.45,4.02,4.03,511529.799999996
150,2022-01-20 19:00:00,4.04,4.16,3.45,3.61,1642648.2599999926
151,2022-01-21 19:00:00,3.6,3.78,3.02,3.2,1446720.179999942
152,2022-01-22 19:00:00,3.21,3.55,3.12,3.34,539686.0499999858
153,2022-01-23 19:00:00,3.33,3.33,2.89,3.08,1255492.490000017
154,2022-01-24 19:00:00,3.08,3.22,2.93,3.08,1172559.6600000104
155,2022-01-25 19:00:00,3.09,3.33,2.99,3.06,2102045.469999954
156,2022-01-26 19:00:00,3.05,3.17,2.96,3.07,1060673.0400000105
157,2022-01-27 19:00:00,3.07,3.16,3.01,3.15,1802263.6899999492
158,2022-01-28 19:00:00,3.15,3.21,3.07,3.15,1222715.8399999978
159,2022-01-29 19:00:00,3.14,3.2,2.97,3.02,1471872.1599999948
160,2022-01-30 19:00:00,3.03,3.18,2.91,3.17,1939208.069999964
161,2022-01-31 19:00:00,3.16,3.32,3.15,3.22,902272.5700000076
162,2022-02-01 19:00:00,3.22,3.24,2.99,3.02,786413.9700000013
163,2022-02-02 19:00:00,3.03,3.06,2.91,3.04,868510.5900000016
164,2022-02-03 19:00:00,3.05,3.25,2.99,3.24,851276.6500000076
165,2022-02-04 19:00:00,3.25,3.4,3.17,3.23,1299102.8199999975
166,2022-02-05 19:00:00,3.24,3.43,3.24,3.36,575502.1099999954
167,2022-02-06 19:00:00,3.37,3.58,3.3,3.52,841306.1900000005
168,2022-02-07 19:00:00,3.52,3.65,3.2,3.32,1355432.8499999922
169,2022-02-08 19:00:00,3.32,3.52,3.22,3.44,826448.5200000022
170,2022-02-09 19:00:00,3.46,3.47,3.11,3.13,975979.0800000116
171,2022-02-10 19:00:00,3.14,3.28,2.97,3.07,884548.100000011
172,2022-02-11 19:00:00,3.07,3.12,2.94,3.05,595312.3899999937
173,2022-02-12 19:00:00,3.05,3.08,2.9,2.93,444936.9099999956
174,2022-02-13 19:00:00,2.93,2.99,2.81,2.9,599077.2399999945
175,2022-02-14 19:00:00,2.91,3.19,2.9,3.17,626961.0300000008
176,2022-02-15 19:00:00,3.16,3.18,2.94,3.01,883286.2600000123
177,2022-02-16 19:00:00,3.01,3.06,2.79,2.84,838110.9800000066
178,2022-02-17 19:00:00,2.83,2.91,2.7,2.74,619898.7499999997
179,2022-02-18 19:00:00,2.74,2.8,2.62,2.71,488609.229999996
180,2022-02-19 19:00:00,2.72,2.73,2.49,2.56,622919.9300000016
181,2022-02-20 19:00:00,2.57,2.71,2.3876,2.41,1011618.7100000104
182,2022-02-21 19:00:00,2.4,2.55,2.34,2.53,578254.8999999966
183,2022-02-22 19:00:00,2.53,2.62,2.37,2.38,564745.2899999936
184,2022-02-23 19:00:00,2.37,2.41,2.06,2.28,1537211.9499999771
185,2022-02-24 19:00:00,2.28,2.44,2.24,2.41,483885.5399999926
186,2022-02-25 19:00:00,2.4,2.5,2.36,2.42,535975.849999992
187,2022-02-26 19:00:00,2.42,2.52,2.29,2.37,446503.5699999967
188,2022-02-27 19:00:00,2.36,2.66,2.33,2.66,436735.1699999973
189,2022-02-28 19:00:00,2.64,2.75,2.55,2.67,515890.4799999925
190,2022-03-01 19:00:00,2.67,2.74,2.52,2.59,801664.9700000045
191,2022-03-02 19:00:00,2.59,2.67,2.5,2.56,330924.14000000025
192,2022-03-03 19:00:00,2.55,2.85,2.43,2.66,1674221.2999999917
193,2022-03-04 19:00:00,2.67,2.9,2.52,2.86,699777.7999999983
194,2022-03-05 19:00:00,2.85,2.88,2.53,2.56,403626.4899999937
195,2022-03-06 19:00:00,2.56,2.83,2.51,2.79,668992.0700000002
196,2022-03-07 19:00:00,2.79,3.0,2.69,2.73,963989.3700000152
197,2022-03-08 19:00:00,2.73,2.94,2.72,2.88,651942.9299999997
198,2022-03-09 19:00:00,2.88,2.96,2.64,2.7,601674.6900000017
199,2022-03-10 19:00:00,2.69,2.73,2.53,2.58,386115.0499999977
200,2022-03-11 19:00:00,2.58,2.64,2.53,2.55,238381.63000000056
201,2022-03-12 19:00:00,2.56,2.66,2.5,2.53,424476.1999999992
202,2022-03-13 20:00:00,2.54,2.54,2.41,2.49,525486.669999999
203,2022-03-14 20:00:00,2.48,2.51,2.36,2.41,566562.8999999987
204,2022-03-15 20:00:00,2.4,2.58,2.39,2.57,741175.3399999961
205,2022-03-16 20:00:00,2.57,3.89,2.53,2.92,8657552.130000165
206,2022-03-17 20:00:00,2.93,3.15,2.81,3.09,1752228.2199999955
207,2022-03-18 20:00:00,3.08,3.15,3.0,3.05,789623.3600000028
208,2022-03-19 20:00:00,3.05,3.05,2.86,2.87,517074.2899999988
209,2022-03-20 20:00:00,2.87,3.0,2.77,2.88,431429.6999999973
210,2022-03-21 20:00:00,2.89,2.98,2.85,2.92,712533.7099999983
211,2022-03-22 20:00:00,2.92,3.21,2.92,3.14,1031066.6800000092
212,2022-03-23 20:00:00,3.14,3.17,3.0,3.12,547920.0899999975
213,2022-03-24 20:00:00,3.12,3.23,3.0,3.09,636149.1099999932
214,2022-03-25 20:00:00,3.09,3.21,3.08,3.13,414942.7599999964
215,2022-03-26 20:00:00,3.13,3.33,3.08,3.31,599679.2600000015
216,2022-03-27 20:00:00,3.31,3.51,3.18,3.24,1111164.4700000037
217,2022-03-28 20:00:00,3.23,3.81,3.22,3.46,1442021.0199999602
218,2022-03-29 20:00:00,3.46,3.54,3.31,3.44,768126.2499999991
219,2022-03-30 20:00:00,3.45,3.55,3.23,3.31,648269.9200000003
220,2022-03-31 20:00:00,3.32,3.46,3.18,3.42,1202827.6899999855
221,2022-04-01 20:00:00,3.41,3.56,3.35,3.46,610165.130000006
222,2022-04-02 20:00:00,3.47,3.9,3.45,3.83,1352766.9900000112
223,2022-04-03 20:00:00,3.81,4.9,3.66,4.88,3630263.050000045
224,2022-04-04 20:00:00,4.89,5.22,4.22,4.26,3631968.940000021
225,2022-04-05 20:00:00,4.25,4.57,3.72,3.74,1897885.8799999808
226,2022-04-06 20:00:00,3.75,3.95,3.61,3.85,744926.160000002
227,2022-04-07 20:00:00,3.86,4.02,3.46,3.49,973730.2700000072
228,2022-04-08 20:00:00,3.5,3.56,3.37,3.53,459450.7099999964
229,2022-04-09 20:00:00,3.53,3.76,3.42,3.42,742621.6700000019
230,2022-04-10 20:00:00,3.43,3.46,3.06,3.12,744317.09
231,2022-04-11 20:00:00,3.13,3.29,3.04,3.2,591344.2799999975
232,2022-04-12 20:00:00,3.2,3.28,3.09,3.26,750576.4900000158
233,2022-04-13 20:00:00,3.26,3.38,3.08,3.13,511213.61000000295
234,2022-04-14 20:00:00,3.13,3.17,3.02,3.15,441336.5600000008
235,2022-04-15 20:00:00,3.13,3.28,3.09,3.17,574375.2899999974
236,2022-04-16 20:00:00,3.17,3.2,3.0,3.02,537687.659999998
237,2022-04-17 20:00:00,3.02,3.11,2.87,3.1,616668.0500000027
238,2022-04-18 20:00:00,3.1,3.22,3.09,3.2,291604.29999999906
239,2022-04-19 20:00:00,3.2,3.36,3.13,3.28,573134.1299999991
240,2022-04-20 20:00:00,3.28,3.34,2.99,3.07,623730.6799999976
241,2022-04-21 20:00:00,3.07,3.13,2.99,3.02,392441.9699999988
242,2022-04-22 20:00:00,3.02,3.05,2.94,2.95,303917.309999998
243,2022-04-23 20:00:00,2.94,3.01,2.86,2.88,386448.5800000007
244,2022-04-24 20:00:00,2.89,2.97,2.71,2.92,715106.0400000004
245,2022-04-25 20:00:00,2.92,3.03,2.64,2.7,548243.9299999977
246,2022-04-26 20:00:00,2.71,2.82,2.67,2.79,495693.159999994
247,2022-04-27 20:00:00,2.8,2.86,2.73,2.79,313008.5099999994
248,2022-04-28 20:00:00,2.8,2.83,2.52,2.6,603704.1200000007
249,2022-04-29 20:00:00,2.61,2.66,2.27,2.36,915387.740000004
250,2022-04-30 20:00:00,2.35,2.49,2.28,2.47,503706.4699999939
251,2022-05-01 20:00:00,2.47,2.54,2.36,2.44,531420.1599999958
252,2022-05-02 20:00:00,2.44,2.46,2.33,2.37,729760.4100000019
253,2022-05-03 20:00:00,2.37,2.65,2.36,2.64,800662.4500000033
254,2022-05-04 20:00:00,2.64,2.7,2.27,2.35,701875.4600000062
255,2022-05-05 20:00:00,2.35,2.42,2.21,2.37,521278.02999999735
256,2022-05-06 20:00:00,2.36,2.4,2.18,2.24,572109.8499999953
257,2022-05-07 20:00:00,2.25,2.36,2.12,2.3,673364.8999999979
258,2022-05-08 20:00:00,2.3,2.36,1.87,1.89,1308305.94999999
259,2022-05-09 20:00:00,1.89,2.16,1.84,1.99,1326743.6099999952
260,2022-05-10 20:00:00,1.98,2.19,1.34,1.58,3894267.440000047
261,2022-05-11 20:00:00,1.58,1.75,1.15,1.53,3056333.1900000307
262,2022-05-12 20:00:00,1.53,1.75,1.49,1.56,1091637.2699999998
263,2022-05-13 20:00:00,1.57,1.63,1.4,1.57,1972527.379999992
264,2022-05-14 20:00:00,1.57,1.61,1.47,1.6,1599851.7299999832
265,2022-05-15 20:00:00,1.6,1.6,1.38,1.41,1868937.669999985
266,2022-05-16 20:00:00,1.4,1.5,1.36,1.45,1819788.09999999
267,2022-05-17 20:00:00,1.45,1.48,1.24,1.26,1907593.9799999893
268,2022-05-18 20:00:00,1.26,1.39,1.2,1.38,2680626.5199999795
269,2022-05-19 20:00:00,1.37,1.4,1.22,1.28,1783946.1599999932
270,2022-05-20 20:00:00,1.28,1.33,1.25,1.32,1397434.0599999968
271,2022-05-21 20:00:00,1.32,1.38,1.27,1.36,1394118.929999991
272,2022-05-22 20:00:00,1.35,1.42,1.24,1.26,1838149.6099999945
273,2022-05-23 20:00:00,1.27,1.46,1.23,1.35,3738011.419999996
274,2022-05-24 20:00:00,1.35,1.46,1.3,1.4,2751933.279999991
275,2022-05-25 20:00:00,1.39,1.59,1.37,1.43,3484312.1100000218
276,2022-05-26 20:00:00,1.44,1.52,1.27,1.3,2934639.309999983
277,2022-05-27 20:00:00,1.3,1.34,1.27,1.32,1110178.469999996
278,2022-05-28 20:00:00,1.32,1.35,1.26,1.34,800280.6999999993
279,2022-05-29 20:00:00,1.34,1.46,1.32,1.44,1371575.2999999996
280,2022-05-30 20:00:00,1.45,1.53,1.41,1.46,2309048.469999995
281,2022-05-31 20:00:00,1.46,1.49,1.3,1.33,1400118.3799999957
282,2022-06-01 20:00:00,1.33,1.367,1.28,1.357,1038663.019999996
283,2022-06-02 20:00:00,1.358,1.36,1.256,1.279,984484.820000004
284,2022-06-03 20:00:00,1.281,1.292,1.232,1.277,876645.3700000028
285,2022-06-04 20:00:00,1.281,1.311,1.243,1.288,479854.9700000007
286,2022-06-05 20:00:00,1.286,1.363,1.283,1.334,883058.5499999989
287,2022-06-06 20:00:00,1.329,1.329,1.236,1.271,944113.1200000003
288,2022-06-07 20:00:00,1.273,1.304,1.24,1.254,812148.6899999956
289,2022-06-08 20:00:00,1.253,1.307,1.243,1.256,936508.2499999912
290,2022-06-09 20:00:00,1.256,1.262,1.09,1.123,2609413.34
291,2022-06-10 20:00:00,1.125,1.157,0.962,1.014,4068614.9200000023
292,2022-06-11 20:00:00,1.014,1.064,0.898,0.967,4709585.819999991
293,2022-06-12 20:00:00,0.971,0.98,0.848,0.939,7049758.460000001
294,2022-06-13 20:00:00,0.937,0.952,0.874,0.917,2691565.719999974
295,2022-06-14 20:00:00,0.919,0.949,0.808,0.946,2802903.679999978
296,2022-06-15 20:00:00,0.946,0.958,0.819,0.839,1387161.0399999926
297,2022-06-16 20:00:00,0.837,0.881,0.828,0.859,800142.5900000007
298,2022-06-17 20:00:00,0.86,0.876,0.73,0.795,1879543.7500000007
299,2022-06-18 20:00:00,0.799,0.849,0.75,0.841,1335980.5199999996
300,2022-06-19 20:00:00,0.842,0.931,0.795,0.918,2021108.190000004
301,2022-06-20 20:00:00,0.916,0.98,0.899,0.909,1601047.6900000025
302,2022-06-21 20:00:00,0.907,0.916,0.85,0.863,1139992.290000002
303,2022-06-22 20:00:00,0.862,0.912,0.862,0.909,1059588.6599999955
304,2022-06-23 20:00:00,0.911,0.973,0.908,0.951,1106943.6099999992
305,2022-06-24 20:00:00,0.953,1.012,0.925,1.0,2022120.969999996
306,2022-06-25 20:00:00,0.996,1.049,0.911,0.915,1943221.529999992
307,2022-06-26 20:00:00,0.915,0.98,0.915,0.936,702271.9900000028
308,2022-06-27 20:00:00,0.937,0.954,0.876,0.885,614999.0099999997
309,2022-06-28 20:00:00,0.884,0.904,0.852,0.885,771818.5399999998
310,2022-06-29 20:00:00,0.884,0.886,0.813,0.861,962856.0999999996
311,2022-06-30 20:00:00,0.861,0.885,0.822,0.853,1197218.5099999977
312,2022-07-01 20:00:00,0.854,0.884,0.835,0.867,337112.4599999999
313,2022-07-02 20:00:00,0.866,0.879,0.846,0.869,270284.5200000001
314,2022-07-03 20:00:00,0.867,0.911,0.844,0.907,338802.99000000017
315,2022-07-04 20:00:00,0.908,0.948,0.885,0.909,896960.870000002
316,2022-07-05 20:00:00,0.908,0.926,0.892,0.915,755584.7599999943
317,2022-07-06 20:00:00,0.914,0.968,0.912,0.96,683964.2600000028
318,2022-07-07 20:00:00,0.962,0.985,0.92,0.935,570907.249999999
319,2022-07-08 20:00:00,0.934,0.979,0.928,0.954,674713.5800000018
320,2022-07-09 20:00:00,0.954,0.955,0.901,0.909,592431.5000000012
321,2022-07-10 20:00:00,0.909,0.909,0.825,0.832,619696.8400000024
322,2022-07-11 20:00:00,0.832,0.852,0.805,0.806,517587.8999999995
323,2022-07-12 20:00:00,0.807,0.841,0.771,0.841,1208711.3599999992
324,2022-07-13 20:00:00,0.841,0.889,0.817,0.882,969085.5000000016
325,2022-07-14 20:00:00,0.885,0.915,0.87,0.909,688384.1799999991
326,2022-07-15 20:00:00,0.905,0.934,0.879,0.927,507786.3099999987
327,2022-07-16 20:00:00,0.927,0.949,0.905,0.907,804310.5099999988
328,2022-07-17 20:00:00,0.907,0.999,0.907,0.994,1115446.6300000013
329,2022-07-18 20:00:00,0.993,1.049,0.976,1.023,1615737.1799999936
330,2022-07-19 20:00:00,1.024,1.052,0.939,0.953,834448.9300000011
331,2022-07-20 20:00:00,0.952,0.975,0.916,0.969,430813.5599999973
332,2022-07-21 20:00:00,0.969,1.015,0.946,0.955,668299.8100000004
333,2022-07-22 20:00:00,0.953,0.995,0.917,0.946,528065.7999999985
334,2022-07-23 20:00:00,0.948,0.97,0.937,0.945,372405.759999997
335,2022-07-24 20:00:00,0.945,0.952,0.852,0.853,648993.900000003
336,2022-07-25 20:00:00,0.853,0.856,0.815,0.849,963329.1699999996
337,2022-07-26 20:00:00,0.85,0.923,0.833,0.923,749704.0700000019
338,2022-07-27 20:00:00,0.923,0.999,0.906,0.979,1222836.450000004
339,2022-07-28 20:00:00,0.982,1.033,0.95,0.984,1944224.2300000065
340,2022-07-29 20:00:00,0.984,1.113,0.977,1.05,2232389.55000001
341,2022-07-30 20:00:00,1.05,1.087,1.016,1.027,1831262.9200000104
342,2022-07-31 20:00:00,1.025,1.14,1.021,1.079,1782830.6600000155
343,2022-08-01 20:00:00,1.08,1.094,0.98,1.006,1026974.3299999988
344,2022-08-02 20:00:00,1.007,1.044,0.976,1.001,491515.2999999995
345,2022-08-03 20:00:00,1.0,1.04,0.994,1.03,765686.3600000009
346,2022-08-04 20:00:00,1.03,1.107,1.027,1.102,934803.9899999964
347,2022-08-05 20:00:00,1.101,1.111,1.068,1.071,1503652.0299999963
348,2022-08-06 20:00:00,1.073,1.138,1.052,1.083,680026.699999999
349,2022-08-07 20:00:00,1.081,1.175,1.081,1.127,1044317.9000000012
350,2022-08-08 20:00:00,1.125,1.18,1.059,1.084,1571428.9600000165
351,2022-08-09 20:00:00,1.081,1.136,1.048,1.136,968309.8800000058
352,2022-08-10 20:00:00,1.136,1.16,1.119,1.126,531606.9899999996
353,2022-08-11 20:00:00,1.128,1.149,1.098,1.147,491358.2799999998
354,2022-08-12 20:00:00,1.148,1.185,1.136,1.146,694935.2300000006
355,2022-08-13 20:00:00,1.146,1.166,1.083,1.096,545999.9299999992
356,2022-08-14 20:00:00,1.097,1.132,1.053,1.07,421746.9699999995
357,2022-08-15 20:00:00,1.071,1.08,1.046,1.054,585694.0399999996
358,2022-08-16 20:00:00,1.051,1.084,0.985,0.997,742278.8499999996
359,2022-08-17 20:00:00,0.997,1.017,0.933,0.95,498203.36
360,2022-08-18 20:00:00,0.95,0.951,0.848,0.867,1444964.2099999937
361,2022-08-19 20:00:00,0.872,0.923,0.866,0.899,1019154.4299999976
362,2022-08-20 20:00:00,0.901,0.945,0.897,0.93,755691.3499999997
363,2022-08-21 20:00:00,0.928,0.928,0.86,0.896,934547.8400000012
364,2022-08-22 20:00:00,0.897,0.913,0.865,0.906,523831.3500000003
365,2022-08-23 20:00:00,0.906,0.923,0.881,0.899,789866.4699999982
366,2022-08-24 20:00:00,0.9,0.921,0.891,0.904,361894.47
367,2022-08-25 20:00:00,0.905,0.905,0.8,0.809,874896.390000004
368,2022-08-26 20:00:00,0.811,0.827,0.801,0.817,427053.3099999996
369,2022-08-27 20:00:00,0.817,0.827,0.781,0.782,383923.5599999993
370,2022-08-28 20:00:00,0.784,0.829,0.77,0.825,738151.3399999976
371,2022-08-29 20:00:00,0.825,0.838,0.784,0.798,518713.07
372,2022-08-30 20:00:00,0.799,0.84,0.799,0.828,397887.1500000006
373,2022-08-31 20:00:00,0.825,0.855,0.813,0.853,543787.7800000014
374,2022-09-01 20:00:00,0.854,0.868,0.827,0.834,615929.3399999997
375,2022-09-02 20:00:00,0.834,0.837,0.817,0.824,220251.84999999983
376,2022-09-03 20:00:00,0.827,0.839,0.816,0.839,216324.41999999987
377,2022-09-04 20:00:00,0.84,0.848,0.803,0.837,554010.4999999998
378,2022-09-05 20:00:00,0.84,0.875,0.774,0.774,1140279.9900000037
379,2022-09-06 20:00:00,0.776,0.827,0.758,0.809,601018.959999992
380,2022-09-07 20:00:00,0.813,0.84,0.791,0.836,657113.6299999955
381,2022-09-08 20:00:00,0.836,0.899,0.835,0.891,679334.9799999986
382,2022-09-09 20:00:00,0.888,0.923,0.875,0.888,1102073.809999997
383,2022-09-10 20:00:00,0.89,0.898,0.864,0.884,543499.3000000005
384,2022-09-11 20:00:00,0.883,0.914,0.868,0.886,793303.5100000013
385,2022-09-12 20:00:00,0.886,0.888,0.789,0.79,863355.9699999992
386,2022-09-13 20:00:00,0.791,0.809,0.784,0.805,601832.2100000001
387,2022-09-14 20:00:00,0.803,0.808,0.768,0.78,758638.4799999996
388,2022-09-15 20:00:00,0.781,0.802,0.769,0.801,1013157.229999998
389,2022-09-16 20:00:00,0.799,0.819,0.793,0.814,394304.82
390,2022-09-17 20:00:00,0.813,0.816,0.758,0.765,750723.8599999992
391,2022-09-18 20:00:00,0.764,0.776,0.727,0.77,841055.7399999991
392,2022-09-19 20:00:00,0.77,0.781,0.742,0.747,812835.730000001
393,2022-09-20 20:00:00,0.746,0.79,0.72,0.734,1148118.580000001
394,2022-09-21 20:00:00,0.731,0.811,0.728,0.8,523649.40000000026
395,2022-09-22 20:00:00,0.8,0.825,0.777,0.822,551712.1400000007
396,2022-09-23 20:00:00,0.823,0.835,0.812,0.814,259081.2399999996
397,2022-09-24 20:00:00,0.813,0.815,0.769,0.779,331318.5699999995
398,2022-09-25 20:00:00,0.779,0.786,0.752,0.775,356111.3200000006
399,2022-09-26 20:00:00,0.775,0.811,0.771,0.794,800620.1999999984
400,2022-09-27 20:00:00,0.789,0.794,0.754,0.783,281834.73999999976
401,2022-09-28 20:00:00,0.783,0.811,0.778,0.811,323416.6199999998
402,2022-09-29 20:00:00,0.812,0.829,0.791,0.796,528448.8200000003
403,2022-09-30 20:00:00,0.795,0.806,0.781,0.787,176924.39999999988
404,2022-10-01 20:00:00,0.786,0.793,0.755,0.757,420572.4200000008
405,2022-10-02 20:00:00,0.758,0.78,0.748,0.773,736913.2200000023
406,2022-10-03 20:00:00,0.772,0.796,0.763,0.796,573597.8299999996
407,2022-10-04 20:00:00,0.797,0.799,0.756,0.776,587163.39
408,2022-10-05 20:00:00,0.777,0.794,0.764,0.766,873510.3400000001
409,2022-10-06 20:00:00,0.764,0.792,0.756,0.779,321286.41000000015
410,2022-10-07 20:00:00,0.778,0.786,0.765,0.771,124151.02999999998
411,2022-10-08 20:00:00,0.77,0.779,0.766,0.775,155552.49999999997
412,2022-10-09 20:00:00,0.775,0.79,0.759,0.765,404092.8399999997
413,2022-10-10 20:00:00,0.764,0.764,0.73,0.74,789129.0299999994
414,2022-10-11 20:00:00,0.741,0.755,0.738,0.746,150455.4599999999
415,2022-10-12 20:00:00,0.749,0.75,0.667,0.739,1384922.069999996
416,2022-10-13 20:00:00,0.74,0.783,0.737,0.759,411182.8900000011
417,2022-10-14 20:00:00,0.76,0.761,0.73,0.736,174009.21000000014
418,2022-10-15 20:00:00,0.737,0.756,0.734,0.749,134580.19
419,2022-10-16 20:00:00,0.749,0.76,0.738,0.756,213867.14999999997
420,2022-10-17 20:00:00,0.755,0.774,0.715,0.743,644109.1799999999
421,2022-10-18 20:00:00,0.744,0.747,0.685,0.691,372515.5299999999
422,2022-10-19 20:00:00,0.691,0.705,0.673,0.682,425572.4199999996
423,2022-10-20 20:00:00,0.68,0.718,0.663,0.715,339522.7400000008
424,2022-10-21 20:00:00,0.717,0.737,0.707,0.732,285459.5600000002
425,2022-10-22 20:00:00,0.732,0.733,0.703,0.725,494831.2599999996
426,2022-10-23 20:00:00,0.724,0.73,0.694,0.701,468313.0300000009
427,2022-10-24 20:00:00,0.7,0.732,0.696,0.719,333138.2099999998
428,2022-10-25 20:00:00,0.719,0.734,0.709,0.73,600244.8799999998
429,2022-10-26 20:00:00,0.73,0.74,0.708,0.711,643669.9399999991
430,2022-10-27 20:00:00,0.712,0.719,0.691,0.712,298942.55999999953
431,2022-10-28 20:00:00,0.712,0.731,0.705,0.717,530402.5299999998
432,2022-10-29 20:00:00,0.716,0.732,0.702,0.712,751747.0499999983
433,2022-10-30 20:00:00,0.711,0.757,0.702,0.749,1003791.4400000048
434,2022-10-31 20:00:00,0.748,0.765,0.717,0.723,774547.2899999969
435,2022-11-01 20:00:00,0.723,0.726,0.688,0.709,745107.2800000084
436,2022-11-02 20:00:00,0.708,0.739,0.705,0.713,721339.6500000006
437,2022-11-03 20:00:00,0.713,0.769,0.709,0.765,1086859.9400000025
438,2022-11-04 20:00:00,0.765,0.783,0.742,0.758,1029123.0100000064
439,2022-11-05 20:00:00,0.758,0.763,0.724,0.727,560570.0899999992
440,2022-11-06 19:00:00,0.726,0.778,0.723,0.738,974772.7999999915
441,2022-11-07 19:00:00,0.738,0.746,0.469,0.577,3976603.090000013
442,2022-11-08 19:00:00,0.577,0.582,0.419,0.432,2458954.919999984
443,2022-11-09 19:00:00,0.431,0.526,0.423,0.517,1550150.9100000025
444,2022-11-10 19:00:00,0.516,0.521,0.457,0.489,879163.819999997
445,2022-11-11 19:00:00,0.49,0.491,0.445,0.448,522781.89
446,2022-11-12 19:00:00,0.448,0.462,0.422,0.425,634224.0599999997
447,2022-11-13 19:00:00,0.427,0.441,0.4,0.418,971251.81
448,2022-11-14 19:00:00,0.418,0.449,0.413,0.438,887618.7900000002
449,2022-11-15 19:00:00,0.436,0.444,0.409,0.432,991850.0600000008
450,2022-11-16 19:00:00,0.434,0.455,0.426,0.447,1706558.969999945
451,2022-11-17 19:00:00,0.447,0.485,0.443,0.466,2725402.95000011
452,2022-11-18 19:00:00,0.466,0.472,0.452,0.468,1364859.2099999206
453,2022-11-19 19:00:00,0.468,0.485,0.43,0.432,584475.6299999498
454,2022-11-20 19:00:00,0.432,0.477,0.414,0.445,2668147.6200000765
455,2022-11-21 19:00:00,0.445,0.538,0.443,0.514,4352864.380000116
456,2022-11-22 19:00:00,0.515,0.531,0.495,0.525,2732740.4900000966
457,2022-11-23 19:00:00,0.525,0.541,0.496,0.504,1022694.4200000004
458,2022-11-24 19:00:00,0.506,0.524,0.487,0.517,1484411.6000000047
459,2022-11-25 19:00:00,0.517,0.534,0.505,0.523,1613678.8200000045
460,2022-11-26 19:00:00,0.523,0.72,0.522,0.712,6431397.3500000425
461,2022-11-27 19:00:00,0.712,0.912,0.6,0.616,5975406.480000004
462,2022-11-28 19:00:00,0.617,0.649,0.601,0.614,1937005.6500000025
463,2022-11-29 19:00:00,0.616,0.631,0.576,0.611,1755660.8999999957
464,2022-11-30 19:00:00,0.612,0.612,0.568,0.589,1079734.289999999
465,2022-12-01 19:00:00,0.589,0.601,0.565,0.6,892845.3499999967
466,2022-12-02 19:00:00,0.601,0.606,0.58,0.583,239873.66000000012
467,2022-12-03 19:00:00,0.583,0.741,0.578,0.697,4591238.09000004
468,2022-12-04 19:00:00,0.699,0.731,0.647,0.647,1470091.179999989
469,2022-12-05 19:00:00,0.648,0.674,0.624,0.634,888545.9099999955
470,2022-12-06 19:00:00,0.633,0.637,0.583,0.592,968368.3500000028
471,2022-12-07 19:00:00,0.592,0.612,0.576,0.604,931142.6000000006
472,2022-12-08 19:00:00,0.606,0.606,0.587,0.604,385172.8399999996
473,2022-12-09 19:00:00,0.602,0.646,0.596,0.6,1214877.390000002
474,2022-12-10 19:00:00,0.599,0.601,0.573,0.575,688785.7099999988
475,2022-12-11 19:00:00,0.576,0.602,0.55,0.56,1076290.4599999993
476,2022-12-12 19:00:00,0.563,0.568,0.524,0.56,879034.0600000025
477,2022-12-13 19:00:00,0.56,0.562,0.531,0.547,829507.6099999979
478,2022-12-14 19:00:00,0.547,0.623,0.529,0.568,3755403.150000372
479,2022-12-15 19:00:00,0.569,0.613,0.53,0.54,2698845.590000163
480,2022-12-16 19:00:00,0.541,0.542,0.499,0.527,1630466.4099999268
481,2022-12-17 19:00:00,0.528,0.535,0.516,0.529,1277051.469999936
482,2022-12-18 19:00:00,0.531,0.544,0.484,0.498,1770282.9399998817
483,2022-12-19 19:00:00,0.498,0.517,0.495,0.513,1073522.5000000494
484,2022-12-20 19:00:00,0.513,0.526,0.492,0.502,704556.3100000423
485,2022-12-21 19:00:00,0.502,0.504,0.477,0.494,503653.88000000274
486,2022-12-22 19:00:00,0.493,0.497,0.484,0.488,474587.4199999996
487,2022-12-23 19:00:00,0.488,0.491,0.483,0.488,173383.96999999994
488,2022-12-24 19:00:00,0.489,0.546,0.489,0.501,1228658.0599999984
489,2022-12-25 19:00:00,0.5,0.5,0.48,0.491,517324.8400000103
490,2022-12-26 19:00:00,0.491,0.497,0.469,0.485,747843.3599999672
491,2022-12-27 19:00:00,0.485,0.493,0.45,0.457,714419.2899999788
492,2022-12-28 19:00:00,0.457,0.484,0.45,0.471,735142.8399999908
493,2022-12-29 19:00:00,0.47,0.485,0.454,0.479,804599.7699999994
494,2022-12-30 19:00:00,0.479,0.479,0.467,0.473,706061.1700000009
495,2022-12-31 19:00:00,0.473,0.483,0.464,0.48,345895.2000000008
496,2023-01-01 19:00:00,0.48,0.498,0.47,0.491,295587.4600000001
497,2023-01-02 19:00:00,0.492,0.51,0.487,0.51,347071.08999999985
498,2023-01-03 19:00:00,0.508,0.519,0.496,0.507,522507.830000002
499,2023-01-04 19:00:00,0.507,0.511,0.49,0.492,689963.5600000008
500,2023-01-05 19:00:00,0.492,0.518,0.475,0.517,627937.2599999994
501,2023-01-06 19:00:00,0.517,0.53,0.504,0.51,409718.1000000002
502,2023-01-07 19:00:00,0.511,0.525,0.502,0.523,283525.37999999936
503,2023-01-08 19:00:00,0.523,0.562,0.519,0.54,748308.8399999988
504,2023-01-09 19:00:00,0.541,0.563,0.527,0.559,654646.6000000003
505,2023-01-10 19:00:00,0.559,0.573,0.532,0.569,680009.7200000004
506,2023-01-11 19:00:00,0.57,0.582,0.547,0.578,904229.7799999992
507,2023-01-12 19:00:00,0.578,0.609,0.571,0.603,486625.3699999998
508,2023-01-13 19:00:00,0.604,0.667,0.592,0.631,1394396.4600000046
509,2023-01-14 19:00:00,0.63,0.651,0.611,0.632,923466.9200000004
510,2023-01-15 19:00:00,0.632,0.774,0.632,0.723,3507816.5699999733
511,2023-01-16 19:00:00,0.722,0.723,0.679,0.681,560985.060000001
512,2023-01-17 19:00:00,0.683,0.705,0.612,0.626,851659.7099999987
513,2023-01-18 19:00:00,0.626,0.637,0.608,0.635,330460.8799999998
514,2023-01-19 19:00:00,0.635,0.688,0.619,0.685,713605.0599999995
515,2023-01-20 19:00:00,0.685,0.756,0.677,0.686,1140742.3
516,2023-01-21 19:00:00,0.684,0.711,0.665,0.685,550804.7600000004
517,2023-01-22 19:00:00,0.685,0.827,0.685,0.749,2884336.0400000145
518,2023-01-23 19:00:00,0.747,0.766,0.679,0.691,1062254.3299999945
519,2023-01-24 19:00:00,0.69,0.739,0.66,0.728,868649.8099999992
520,2023-01-25 19:00:00,0.73,0.818,0.73,0.796,2385208.539999981
521,2023-01-26 19:00:00,0.797,0.815,0.757,0.804,1061562.139999997
522,2023-01-27 19:00:00,0.801,0.812,0.758,0.775,560730.9799999977
523,2023-01-28 19:00:00,0.776,0.79,0.764,0.787,599366.5599999998
524,2023-01-29 19:00:00,0.789,0.798,0.693,0.706,1131535.5599999984
525,2023-01-30 19:00:00,0.707,0.743,0.696,0.732,601853.8099999988
526,2023-01-31 19:00:00,0.733,0.77,0.682,0.759,825420.6599999996
527,2023-02-01 19:00:00,0.76,0.782,0.737,0.746,976915.6399999995
528,2023-02-02 19:00:00,0.747,0.796,0.745,0.792,574093.289999999
529,2023-02-03 19:00:00,0.795,0.815,0.765,0.805,733102.5499999983
530,2023-02-04 19:00:00,0.805,0.825,0.744,0.764,1206062.360000003
531,2023-02-05 19:00:00,0.764,0.84,0.764,0.793,1403747.5300000042
532,2023-02-06 19:00:00,0.789,0.821,0.764,0.817,1047329.060000001
533,2023-02-07 19:00:00,0.818,0.849,0.782,0.838,1285744.9900000023
534,2023-02-08 19:00:00,0.838,0.842,0.701,0.723,1543291.5100000014
535,2023-02-09 19:00:00,0.723,0.731,0.7,0.713,798228.6100000012
536,2023-02-10 19:00:00,0.711,0.789,0.706,0.788,562442.9000000007
537,2023-02-11 19:00:00,0.785,0.89,0.76,0.795,2716817.439999987
538,2023-02-12 19:00:00,0.794,0.805,0.711,0.744,1230852.2199999988
539,2023-02-13 19:00:00,0.743,0.763,0.712,0.758,865604.8500000015
540,2023-02-14 19:00:00,0.76,0.829,0.739,0.816,1141673.0599999991
541,2023-02-15 19:00:00,0.817,0.834,0.751,0.755,1263395.6300000006
542,2023-02-16 19:00:00,0.756,0.842,0.752,0.832,1224342.16
543,2023-02-17 19:00:00,0.833,0.862,0.826,0.836,704015.4000000003
544,2023-02-18 19:00:00,0.837,0.86,0.806,0.839,935190.1800000007
545,2023-02-19 19:00:00,0.839,0.921,0.836,0.908,1664122.47
546,2023-02-20 19:00:00,0.908,0.908,0.828,0.853,786112.5600000026
547,2023-02-21 19:00:00,0.854,0.856,0.782,0.829,958499.9199999978
548,2023-02-22 19:00:00,0.831,0.837,0.794,0.804,338522.2499999995
549,2023-02-23 19:00:00,0.803,0.818,0.757,0.78,448933.66999999934
550,2023-02-24 19:00:00,0.781,0.804,0.754,0.785,521027.7199999997
551,2023-02-25 19:00:00,0.784,0.803,0.773,0.799,208391.97000000023
552,2023-02-26 19:00:00,0.8,0.8,0.758,0.773,349177.4399999992
553,2023-02-27 19:00:00,0.774,0.781,0.743,0.746,542288.2900000006
554,2023-02-28 19:00:00,0.748,0.785,0.742,0.78,395139.7200000011
555,2023-03-01 19:00:00,0.78,0.781,0.731,0.75,732110.7899999985
556,2023-03-02 19:00:00,0.75,0.75,0.654,0.693,773401.5099999985
557,2023-03-03 19:00:00,0.693,0.697,0.662,0.671,88895.32999999997
558,2023-03-04 19:00:00,0.674,0.713,0.673,0.689,531393.2300000021
559,2023-03-05 19:00:00,0.688,0.688,0.66,0.672,465502.4799999996
560,2023-03-06 19:00:00,0.673,0.677,0.626,0.641,470716.1199999996
561,2023-03-07 19:00:00,0.641,0.645,0.583,0.593,754920.3400000008
562,2023-03-08 19:00:00,0.595,0.617,0.543,0.555,763252.0700000016
563,2023-03-09 19:00:00,0.558,0.581,0.521,0.577,654009.4800000001
564,2023-03-10 19:00:00,0.578,0.591,0.516,0.541,1414987.2500000028
565,2023-03-11 19:00:00,0.539,0.586,0.51,0.58,799530.4000000004
566,2023-03-12 20:00:00,0.579,0.615,0.548,0.611,1280711.1500000018
567,2023-03-13 20:00:00,0.611,0.658,0.591,0.64,888004.0500000037
568,2023-03-14 20:00:00,0.641,0.663,0.573,0.592,1209931.2300000018
569,2023-03-15 20:00:00,0.591,0.62,0.583,0.611,964576.94
570,2023-03-16 20:00:00,0.61,0.662,0.605,0.662,590968.5600000023
571,2023-03-17 20:00:00,0.662,0.67,0.626,0.634,794489.4600000025
572,2023-03-18 20:00:00,0.635,0.688,0.624,0.671,509155.5099999979
573,2023-03-19 20:00:00,0.674,0.681,0.623,0.631,976738.1599999984
574,2023-03-20 20:00:00,0.632,0.64,0.599,0.639,428251.0099999991
575,2023-03-21 20:00:00,0.636,0.639,0.589,0.604,731231.0400000002
576,2023-03-22 20:00:00,0.607,0.645,0.597,0.627,984958.4700000013
577,2023-03-23 20:00:00,0.629,0.63,0.594,0.608,833276.9900000002
578,2023-03-24 20:00:00,0.609,0.613,0.583,0.593,218538.89
579,2023-03-25 20:00:00,0.594,0.614,0.588,0.606,198306.7200000001
580,2023-03-26 20:00:00,0.608,0.608,0.556,0.569,572142.2499999994
581,2023-03-27 20:00:00,0.569,0.613,0.558,0.598,593234.0900000003
582,2023-03-28 20:00:00,0.599,0.745,0.596,0.722,3128669.119999985
583,2023-03-29 20:00:00,0.724,0.762,0.646,0.653,988629.080000003
584,2023-03-30 20:00:00,0.652,0.723,0.636,0.687,894458.8299999922
585,2023-03-31 20:00:00,0.685,0.701,0.651,0.67,411647.1900000004
586,2023-04-01 20:00:00,0.67,0.67,0.625,0.638,406799.4699999997
587,2023-04-02 20:00:00,0.639,0.661,0.614,0.652,859498.7300000015
588,2023-04-03 20:00:00,0.654,0.733,0.641,0.729,1429302.019999996
589,2023-04-04 20:00:00,0.731,0.756,0.687,0.7,1105439.030000002
590,2023-04-05 20:00:00,0.699,0.7,0.667,0.679,276390.42000000033
591,2023-04-06 20:00:00,0.678,0.678,0.654,0.662,182935.62999999995
592,2023-04-07 20:00:00,0.663,0.692,0.655,0.67,253256.51000000027
593,2023-04-08 20:00:00,0.67,0.709,0.669,0.699,594340.8600000006
594,2023-04-09 20:00:00,0.7,0.7,0.669,0.696,185924.98000000045
595,2023-04-10 20:00:00,0.695,0.695,0.677,0.686,315319.8100000003
596,2023-04-11 20:00:00,0.684,0.686,0.651,0.672,395212.2900000003
597,2023-04-12 20:00:00,0.672,0.703,0.662,0.695,227120.51999999984
598,2023-04-13 20:00:00,0.693,0.709,0.681,0.701,414399.2700000014
599,2023-04-14 20:00:00,0.7,0.725,0.691,0.72,416164.240000001
600,2023-04-15 20:00:00,0.72,0.732,0.705,0.727,218076.23999999976
601,2023-04-16 20:00:00,0.726,0.742,0.694,0.704,343688.4100000005
602,2023-04-17 20:00:00,0.705,0.721,0.689,0.718,527038.0599999988
603,2023-04-18 20:00:00,0.718,0.738,0.631,0.645,812620.03
604,2023-04-19 20:00:00,0.645,0.652,0.615,0.627,354239.9899999996
605,2023-04-20 20:00:00,0.626,0.652,0.596,0.602,331809.04000000044
606,2023-04-21 20:00:00,0.602,0.621,0.594,0.619,209234.8
607,2023-04-22 20:00:00,0.619,0.619,0.589,0.605,143759.22999999995
608,2023-04-23 20:00:00,0.61,0.615,0.592,0.605,161744.71999999974
609,2023-04-24 20:00:00,0.604,0.616,0.585,0.613,181401.74999999988
610,2023-04-25 20:00:00,0.61,0.634,0.566,0.595,382552.2600000007
611,2023-04-26 20:00:00,0.595,0.624,0.595,0.613,211557.73999999976
612,2023-04-27 20:00:00,0.616,0.618,0.595,0.609,101843.74000000008
613,2023-04-28 20:00:00,0.611,0.619,0.604,0.612,160413.51999999987
614,2023-04-29 20:00:00,0.612,0.613,0.592,0.595,58877.86000000002
615,2023-04-30 20:00:00,0.595,0.598,0.567,0.574,133704.2899999998
616,2023-05-01 20:00:00,0.573,0.587,0.567,0.582,146993.15000000017
617,2023-05-02 20:00:00,0.581,0.59,0.559,0.587,156945.81
618,2023-05-03 20:00:00,0.589,0.589,0.572,0.581,115420.21999999996
619,2023-05-04 20:00:00,0.582,0.593,0.575,0.585,350137.1500000004
620,2023-05-05 20:00:00,0.585,0.591,0.557,0.562,146339.2999999999
621,2023-05-06 20:00:00,0.564,0.565,0.549,0.549,199819.59999999995
622,2023-05-07 20:00:00,0.549,0.555,0.486,0.509,412371.9900000004
623,2023-05-08 20:00:00,0.509,0.519,0.503,0.517,206852.18000000008
624,2023-05-09 20:00:00,0.517,0.539,0.5,0.533,213670.08000000013
625,2023-05-10 20:00:00,0.53,0.53,0.502,0.517,132979.92
626,2023-05-11 20:00:00,0.514,0.521,0.496,0.52,98494.42000000009
627,2023-05-12 20:00:00,0.521,0.526,0.512,0.522,150760.5800000001
628,2023-05-13 20:00:00,0.523,0.531,0.514,0.528,68331.76
629,2023-05-14 20:00:00,0.527,0.537,0.519,0.531,179418.6899999999
630,2023-05-15 20:00:00,0.531,0.576,0.524,0.556,309943.6400000006
631,2023-05-16 20:00:00,0.554,0.559,0.532,0.549,125185.89
632,2023-05-17 20:00:00,0.546,0.554,0.525,0.531,146678.02000000005
633,2023-05-18 20:00:00,0.531,0.538,0.524,0.532,80047.49000000008
634,2023-05-19 20:00:00,0.533,0.537,0.526,0.533,82704.16000000005
635,2023-05-20 20:00:00,0.536,0.537,0.511,0.515,124342.08000000002
636,2023-05-21 20:00:00,0.517,0.521,0.506,0.516,213663.77999999988
637,2023-05-22 20:00:00,0.518,0.529,0.51,0.525,223045.57000000012
638,2023-05-23 20:00:00,0.525,0.525,0.498,0.501,134196.28000000006
639,2023-05-24 20:00:00,0.501,0.505,0.486,0.503,101868.34
640,2023-05-25 20:00:00,0.503,0.52,0.499,0.514,227891.56
641,2023-05-26 20:00:00,0.514,0.533,0.509,0.532,231592.9399999999
642,2023-05-27 20:00:00,0.532,0.543,0.525,0.538,131042.83000000005
643,2023-05-28 20:00:00,0.539,0.54,0.517,0.521,71828.66000000003
644,2023-05-29 20:00:00,0.52,0.526,0.513,0.515,172151.28000000006
645,2023-05-30 20:00:00,0.515,0.517,0.494,0.502,143124.49000000002
646,2023-05-31 20:00:00,0.502,0.528,0.494,0.526,230148.4200000002
647,2023-06-01 20:00:00,0.526,0.545,0.522,0.542,779887.3199999991
648,2023-06-02 20:00:00,0.543,0.568,0.537,0.549,326023.39
649,2023-06-03 20:00:00,0.551,0.561,0.542,0.543,178496.86999999965
650,2023-06-04 20:00:00,0.543,0.545,0.473,0.481,396320.8399999994
651,2023-06-05 20:00:00,0.48,0.497,0.465,0.491,342129.6200000003
652,2023-06-06 20:00:00,0.489,0.491,0.455,0.459,200128.83000000016
653,2023-06-07 20:00:00,0.459,0.481,0.451,0.469,354117.05000000016
654,2023-06-08 20:00:00,0.467,0.482,0.459,0.48,272987.2500000002
655,2023-06-09 20:00:00,0.48,0.48,0.349,0.406,925031.8300000004
656,2023-06-10 20:00:00,0.405,0.42,0.404,0.411,513622.9600000002
657,2023-06-11 20:00:00,0.41,0.425,0.397,0.415,203332.34000000023
658,2023-06-12 20:00:00,0.417,0.424,0.405,0.411,358250.28000000044
659,2023-06-13 20:00:00,0.411,0.419,0.387,0.398,299196.96
660,2023-06-14 20:00:00,0.395,0.402,0.383,0.399,236279.76000000004
661,2023-06-15 20:00:00,0.398,0.409,0.387,0.406,135167.89000000007
662,2023-06-16 20:00:00,0.406,0.418,0.402,0.404,135022.69999999995
663,2023-06-17 20:00:00,0.404,0.404,0.389,0.394,90991.44999999995
664,2023-06-18 20:00:00,0.392,0.4,0.388,0.397,156182.36000000013
665,2023-06-19 20:00:00,0.397,0.422,0.395,0.42,338050.00999999983
666,2023-06-20 20:00:00,0.42,0.454,0.417,0.446,480459.3399999998
667,2023-06-21 20:00:00,0.445,0.463,0.438,0.439,213484.4900000001
668,2023-06-22 20:00:00,0.439,0.472,0.436,0.466,319420.26999999967
669,2023-06-23 20:00:00,0.466,0.488,0.458,0.483,236716.12999999995
670,2023-06-24 20:00:00,0.485,0.553,0.481,0.504,1050025.770000001
671,2023-06-25 20:00:00,0.502,0.504,0.459,0.469,552829.3900000007
672,2023-06-26 20:00:00,0.469,0.478,0.453,0.463,574190.4600000014
673,2023-06-27 20:00:00,0.463,0.463,0.418,0.429,312737.53999999986
674,2023-06-28 20:00:00,0.43,0.443,0.421,0.431,388192.96000000025
675,2023-06-29 20:00:00,0.429,0.457,0.408,0.454,425909.0200000015
676,2023-06-30 20:00:00,0.454,0.488,0.443,0.482,607215.3100000018
677,2023-07-01 20:00:00,0.482,0.563,0.47,0.542,1795234.8799999943
678,2023-07-02 20:00:00,0.543,0.671,0.525,0.616,2885001.779999972
679,2023-07-03 20:00:00,0.617,0.626,0.559,0.56,801669.779999998
680,2023-07-04 20:00:00,0.56,0.561,0.512,0.522,625738.8299999995
681,2023-07-05 20:00:00,0.521,0.536,0.489,0.496,1096744.9999999977
682,2023-07-06 20:00:00,0.496,0.525,0.488,0.505,433981.7500000008
683,2023-07-07 20:00:00,0.506,0.519,0.485,0.495,627669.4400000013
684,2023-07-08 20:00:00,0.496,0.525,0.486,0.497,651854.4100000001
685,2023-07-09 20:00:00,0.495,0.507,0.478,0.496,219774.16000000035
686,2023-07-10 20:00:00,0.495,0.501,0.478,0.492,155384.54999999993
687,2023-07-11 20:00:00,0.49,0.504,0.482,0.489,197175.9999999998
688,2023-07-12 20:00:00,0.49,0.524,0.471,0.522,574768.569999999
689,2023-07-13 20:00:00,0.52,0.533,0.482,0.509,583122.3100000026
690,2023-07-14 20:00:00,0.507,0.518,0.497,0.504,95194.32999999994
691,2023-07-15 20:00:00,0.505,0.547,0.495,0.514,352230.13999999984
692,2023-07-16 20:00:00,0.512,0.61,0.503,0.586,1657001.5699999912
693,2023-07-17 20:00:00,0.588,0.615,0.513,0.519,593824.0299999997
694,2023-07-18 20:00:00,0.517,0.527,0.495,0.499,443261.5099999986
695,2023-07-19 20:00:00,0.499,0.526,0.497,0.508,283093.4200000006
696,2023-07-20 20:00:00,0.507,0.508,0.492,0.497,363630.1899999993
697,2023-07-21 20:00:00,0.498,0.504,0.485,0.489,142252.54000000012
698,2023-07-22 20:00:00,0.489,0.502,0.487,0.5,136302.47
699,2023-07-23 20:00:00,0.499,0.5,0.458,0.474,402768.7499999992
700,2023-07-24 20:00:00,0.474,0.479,0.47,0.472,127594.38000000008
701,2023-07-25 20:00:00,0.475,0.492,0.464,0.488,342483.3200000002
702,2023-07-26 20:00:00,0.489,0.493,0.479,0.486,148528.23000000004
703,2023-07-27 20:00:00,0.486,0.494,0.477,0.49,159592.09
704,2023-07-28 20:00:00,0.49,0.508,0.488,0.502,78421.37999999992
705,2023-07-29 20:00:00,0.504,0.506,0.481,0.494,229293.51999999976
706,2023-07-30 20:00:00,0.494,0.535,0.492,0.521,1149925.7300000004
707,2023-07-31 20:00:00,0.521,0.521,0.485,0.498,465931.0999999999
708,2023-08-01 20:00:00,0.499,0.526,0.466,0.487,932518.5400000004
709,2023-08-02 20:00:00,0.487,0.559,0.485,0.506,1884065.2699999989
710,2023-08-03 20:00:00,0.505,0.506,0.482,0.49,549937.2599999994
711,2023-08-04 20:00:00,0.486,0.491,0.48,0.49,404938.06000000006
712,2023-08-05 20:00:00,0.488,0.513,0.488,0.503,283524.7300000004
713,2023-08-06 20:00:00,0.504,0.505,0.48,0.496,366510.6700000003
714,2023-08-07 20:00:00,0.497,0.51,0.489,0.503,201900.74000000008
715,2023-08-08 20:00:00,0.504,0.515,0.497,0.506,275547.99000000046
716,2023-08-09 20:00:00,0.504,0.511,0.493,0.511,203883.3300000004
717,2023-08-10 20:00:00,0.509,0.526,0.504,0.524,618353.6700000005
718,2023-08-11 20:00:00,0.525,0.533,0.518,0.523,108919.80999999995
719,2023-08-12 20:00:00,0.523,0.523,0.501,0.502,101990.24999999994
720,2023-08-13 20:00:00,0.502,0.507,0.491,0.501,310144.3500000001
721,2023-08-14 20:00:00,0.501,0.501,0.425,0.47,365800.5999999997
722,2023-08-15 20:00:00,0.47,0.471,0.44,0.453,273146.79000000027
723,2023-08-16 20:00:00,0.45,0.464,0.372,0.417,560730.6500000011
724,2023-08-17 20:00:00,0.415,0.425,0.412,0.421,552157.56
725,2023-08-18 20:00:00,0.421,0.429,0.418,0.429,144943.44000000006
726,2023-08-19 20:00:00,0.428,0.44,0.422,0.43,180206.95999999985
727,2023-08-20 20:00:00,0.427,0.434,0.411,0.424,126461.24000000008
728,2023-08-21 20:00:00,0.424,0.428,0.407,0.425,216410.78000000003
729,2023-08-22 20:00:00,0.424,0.432,0.413,0.428,286610.3800000005
730,2023-08-23 20:00:00,0.43,0.432,0.42,0.426,221467.31999999983
731,2023-08-24 20:00:00,0.425,0.428,0.415,0.428,334514.1399999994
732,2023-08-25 20:00:00,0.426,0.432,0.421,0.422,63384.76000000001
733,2023-08-26 20:00:00,0.422,0.428,0.419,0.425,163912.43000000002
734,2023-08-27 20:00:00,0.426,0.427,0.414,0.423,249270.1699999999
735,2023-08-28 20:00:00,0.423,0.453,0.414,0.445,205234.52999999988
736,2023-08-29 20:00:00,0.446,0.458,0.439,0.455,163045.57999999987
737,2023-08-30 20:00:00,0.456,0.466,0.432,0.437,199692.98
738,2023-08-31 20:00:00,0.438,0.447,0.41,0.412,217971.51999999987
739,2023-09-01 20:00:00,0.412,0.43,0.408,0.426,326048.67999999964
740,2023-09-02 20:00:00,0.426,0.428,0.413,0.421,282040.30000000016
741,2023-09-03 20:00:00,0.421,0.436,0.419,0.427,140717.21999999997
742,2023-09-04 20:00:00,0.428,0.436,0.418,0.433,120040.86999999998
743,2023-09-05 20:00:00,0.435,0.438,0.416,0.426,136493.8499999999
744,2023-09-06 20:00:00,0.424,0.436,0.42,0.432,88874.28999999998
745,2023-09-07 20:00:00,0.434,0.44,0.42,0.426,311554.8899999999
746,2023-09-08 20:00:00,0.426,0.444,0.426,0.435,140529.69999999987
747,2023-09-09 20:00:00,0.435,0.435,0.407,0.413,135800.9800000002
748,2023-09-10 20:00:00,0.411,0.414,0.389,0.402,236087.58999999965
749,2023-09-11 20:00:00,0.403,0.433,0.401,0.415,286146.98
750,2023-09-12 20:00:00,0.414,0.438,0.413,0.421,362890.5600000001
751,2023-09-13 20:00:00,0.421,0.431,0.419,0.426,154911.7699999998
752,2023-09-14 20:00:00,0.426,0.432,0.419,0.429,529535.87
753,2023-09-15 20:00:00,0.431,0.452,0.43,0.45,581343.1099999999
754,2023-09-16 20:00:00,0.451,0.451,0.415,0.421,158274.03000000006
755,2023-09-17 20:00:00,0.422,0.455,0.416,0.441,296155.73000000004
756,2023-09-18 20:00:00,0.441,0.466,0.438,0.456,178767.54999999978
757,2023-09-19 20:00:00,0.457,0.463,0.446,0.456,164512.65999999986
758,2023-09-20 20:00:00,0.456,0.474,0.437,0.441,197197.39000000004
759,2023-09-21 20:00:00,0.441,0.453,0.437,0.45,157629.59000000003
760,2023-09-22 20:00:00,0.449,0.458,0.447,0.457,67333.25999999992
761,2023-09-23 20:00:00,0.457,0.481,0.441,0.442,322338.5900000002
762,2023-09-24 20:00:00,0.441,0.483,0.437,0.464,292726.46999999986
763,2023-09-25 20:00:00,0.462,0.485,0.441,0.45,493307.0200000009
764,2023-09-26 20:00:00,0.452,0.452,0.438,0.445,102399.53
765,2023-09-27 20:00:00,0.448,0.454,0.44,0.449,130652.6699999996
766,2023-09-28 20:00:00,0.452,0.452,0.442,0.45,166839.55000000045
767,2023-09-29 20:00:00,0.449,0.457,0.447,0.45,111983.29
768,2023-09-30 20:00:00,0.451,0.471,0.449,0.463,246130.73000000036
769,2023-10-01 20:00:00,0.464,0.466,0.44,0.446,232532.6399999999
770,2023-10-02 20:00:00,0.446,0.452,0.434,0.434,360687.3900000001
771,2023-10-03 20:00:00,0.436,0.437,0.418,0.433,254386.5599999996
772,2023-10-04 20:00:00,0.433,0.44,0.425,0.43,535186.7800000003
773,2023-10-05 20:00:00,0.43,0.446,0.429,0.442,98489.00999999994
774,2023-10-06 20:00:00,0.444,0.445,0.437,0.443,125526.8300000001
775,2023-10-07 20:00:00,0.444,0.444,0.431,0.435,65386.34
776,2023-10-08 20:00:00,0.436,0.437,0.41,0.42,195475.31000000003
777,2023-10-09 20:00:00,0.42,0.425,0.412,0.417,130315.78000000006
778,2023-10-10 20:00:00,0.418,0.418,0.406,0.413,171169.9499999999
779,2023-10-11 20:00:00,0.411,0.416,0.401,0.414,90748.88000000003
780,2023-10-12 20:00:00,0.416,0.419,0.409,0.413,83944.01999999992
781,2023-10-13 20:00:00,0.414,0.42,0.412,0.417,152464.34999999998
782,2023-10-14 20:00:00,0.419,0.425,0.415,0.421,110253.93000000008
783,2023-10-15 20:00:00,0.422,0.436,0.42,0.423,172475.36000000022
784,2023-10-16 20:00:00,0.422,0.425,0.407,0.414,116433.8599999999
785,2023-10-17 20:00:00,0.414,0.417,0.407,0.41,82768.36000000002
786,2023-10-18 20:00:00,0.41,0.413,0.403,0.408,106234.96000000004
787,2023-10-19 20:00:00,0.408,0.424,0.406,0.42,163461.51000000024
788,2023-10-20 20:00:00,0.42,0.435,0.42,0.431,267119.2199999999
789,2023-10-21 20:00:00,0.433,0.436,0.422,0.433,175481.74
790,2023-10-22 20:00:00,0.433,0.465,0.43,0.455,575252.7099999995
791,2023-10-23 20:00:00,0.455,0.494,0.455,0.474,668616.3400000011
792,2023-10-24 20:00:00,0.475,0.483,0.463,0.478,523103.6900000004
793,2023-10-25 20:00:00,0.479,0.492,0.461,0.477,171618.82000000004
794,2023-10-26 20:00:00,0.477,0.477,0.453,0.459,220975.67
795,2023-10-27 20:00:00,0.459,0.473,0.459,0.468,138069.30000000005
796,2023-10-28 20:00:00,0.467,0.482,0.461,0.478,154630.48999999996
797,2023-10-29 20:00:00,0.479,0.514,0.476,0.509,535159.0299999992
798,2023-10-30 20:00:00,0.507,0.512,0.466,0.485,236812.7
799,2023-10-31 20:00:00,0.483,0.546,0.473,0.541,462771.56
800,2023-11-01 20:00:00,0.54,0.62,0.528,0.561,2644112.5599999987
801,2023-11-02 20:00:00,0.56,0.609,0.53,0.597,814666.5000000007
802,2023-11-03 20:00:00,0.596,0.633,0.578,0.597,428439.48000000033
803,2023-11-04 20:00:00,0.594,0.635,0.558,0.575,916243.229999998
804,2023-11-05 19:00:00,0.571,0.596,0.53,0.558,966946.8099999956
805,2023-11-06 19:00:00,0.555,0.555,0.519,0.539,481097.65
806,2023-11-07 19:00:00,0.538,0.557,0.531,0.551,428986.2400000001
807,2023-11-08 19:00:00,0.549,0.572,0.5,0.54,1075366.0300000005
808,2023-11-09 19:00:00,0.54,0.555,0.521,0.551,364637.15000000026
809,2023-11-10 19:00:00,0.55,0.569,0.53,0.558,420316.62000000046
810,2023-11-11 19:00:00,0.559,0.591,0.537,0.579,604626.1299999987
811,2023-11-12 19:00:00,0.578,0.584,0.53,0.545,1007894.7499999986
812,2023-11-13 19:00:00,0.545,0.552,0.508,0.537,464091.8300000005
813,2023-11-14 19:00:00,0.539,0.569,0.533,0.563,441876.34
814,2023-11-15 19:00:00,0.562,0.58,0.533,0.541,393472.3099999994
815,2023-11-16 19:00:00,0.539,0.555,0.521,0.549,228283.2300000001
816,2023-11-17 19:00:00,0.549,0.55,0.52,0.541,144345.02999999994
817,2023-11-18 19:00:00,0.54,0.552,0.526,0.551,150082.76999999996
818,2023-11-19 19:00:00,0.55,0.56,0.531,0.537,170410.5499999999
819,2023-11-20 19:00:00,0.537,0.54,0.479,0.483,492750.9000000002
820,2023-11-21 19:00:00,0.481,0.52,0.481,0.516,195419.82000000012
821,2023-11-22 19:00:00,0.518,0.527,0.512,0.52,68700.59
822,2023-11-23 19:00:00,0.522,0.543,0.521,0.534,138271.18000000014
823,2023-11-24 19:00:00,0.533,0.57,0.533,0.557,289542.5799999999
824,2023-11-25 19:00:00,0.556,0.557,0.526,0.54,215188.4
825,2023-11-26 19:00:00,0.537,0.543,0.505,0.518,221960.9700000001
826,2023-11-27 19:00:00,0.518,0.537,0.503,0.529,275224.74000000005
827,2023-11-28 19:00:00,0.528,0.538,0.516,0.535,709256.3300000005
828,2023-11-29 19:00:00,0.533,0.548,0.528,0.534,307709.2799999999
829,2023-11-30 19:00:00,0.532,0.555,0.528,0.548,385461.7699999998
830,2023-12-01 19:00:00,0.548,0.564,0.547,0.562,411537.6700000001
831,2023-12-02 19:00:00,0.562,0.566,0.539,0.553,531750.75
832,2023-12-03 19:00:00,0.555,0.582,0.529,0.582,726910.0600000003
833,2023-12-04 19:00:00,0.582,0.594,0.568,0.587,718173.8199999997
834,2023-12-05 19:00:00,0.587,0.593,0.554,0.571,475946.2200000007
835,2023-12-06 19:00:00,0.573,0.6,0.56,0.598,479465.7899999996
836,2023-12-07 19:00:00,0.597,0.661,0.589,0.616,1291348.7699999963
837,2023-12-08 19:00:00,0.616,0.635,0.604,0.607,571189.7899999997
838,2023-12-09 19:00:00,0.609,0.63,0.601,0.615,414947.0599999999
839,2023-12-10 19:00:00,0.615,0.616,0.54,0.558,1104676.4199999997
840,2023-12-11 19:00:00,0.559,0.572,0.542,0.56,562276.53
841,2023-12-12 19:00:00,0.557,0.567,0.527,0.565,570207.7399999996
842,2023-12-13 19:00:00,0.565,0.6,0.563,0.599,1086080.0999999996
843,2023-12-14 19:00:00,0.598,0.598,0.562,0.566,541724.5299999999
844,2023-12-15 19:00:00,0.566,0.601,0.557,0.599,505007.5699999993
845,2023-12-16 19:00:00,0.6,0.671,0.585,0.647,2151922.88
846,2023-12-17 19:00:00,0.646,0.686,0.569,0.631,2312625.279999993
847,2023-12-18 19:00:00,0.631,0.635,0.597,0.606,569465.7800000001
848,2023-12-19 19:00:00,0.605,0.639,0.6,0.622,749938.8500000011
849,2023-12-20 19:00:00,0.622,0.642,0.609,0.634,524897.8999999996
850,2023-12-21 19:00:00,0.635,0.713,0.623,0.699,1674482.1599999988
851,2023-12-22 19:00:00,0.701,0.733,0.655,0.718,1725949.4800000004
852,2023-12-23 19:00:00,0.717,0.77,0.703,0.704,1757823.909999994
853,2023-12-24 19:00:00,0.703,0.744,0.691,0.72,978029.1399999995
854,2023-12-25 19:00:00,0.72,0.786,0.687,0.754,1690604.5699999998
855,2023-12-26 19:00:00,0.753,0.88,0.71,0.837,3469967.659999993
856,2023-12-27 19:00:00,0.833,0.87,0.777,0.866,2572886.3700000034
857,2023-12-28 19:00:00,0.866,0.889,0.806,0.822,1596103.5099999944
858,2023-12-29 19:00:00,0.822,0.828,0.777,0.79,788880.5999999988
859,2023-12-30 19:00:00,0.791,0.798,0.75,0.772,548675.8100000003
860,2023-12-31 19:00:00,0.773,0.826,0.749,0.804,1252004.0999999947
861,2024-01-01 19:00:00,0.801,0.89,0.775,0.81,1621742.539999999
862,2024-01-02 19:00:00,0.812,0.907,0.656,0.808,2832745.150000007
863,2024-01-03 19:00:00,0.808,0.81,0.735,0.759,1175446.899999998
864,2024-01-04 19:00:00,0.761,0.763,0.678,0.707,835579.0300000004
865,2024-01-05 19:00:00,0.71,0.71,0.645,0.687,636370.7199999992
866,2024-01-06 19:00:00,0.689,0.78,0.656,0.663,1358137.719999994
867,2024-01-07 19:00:00,0.666,0.762,0.627,0.754,1680183.200000004
868,2024-01-08 19:00:00,0.754,0.76,0.665,0.694,764008.5200000008
869,2024-01-09 19:00:00,0.696,0.749,0.664,0.733,769624.3299999983
870,2024-01-10 19:00:00,0.735,0.789,0.718,0.746,966599.9699999994
871,2024-01-11 19:00:00,0.748,0.828,0.739,0.773,2154516.450000003
872,2024-01-12 19:00:00,0.773,0.816,0.732,0.814,691277.3699999987
873,2024-01-13 19:00:00,0.815,0.816,0.75,0.752,607977.8899999995
874,2024-01-14 19:00:00,0.752,0.776,0.743,0.756,253320.3199999999
875,2024-01-15 19:00:00,0.759,0.773,0.734,0.754,423184.3999999995
876,2024-01-16 19:00:00,0.755,0.757,0.714,0.727,423437.7799999999
877,2024-01-17 19:00:00,0.728,0.736,0.676,0.687,384019.68
878,2024-01-18 19:00:00,0.689,0.692,0.638,0.688,591998.7099999994
879,2024-01-19 19:00:00,0.689,0.692,0.672,0.688,564241.9900000001
880,2024-01-20 19:00:00,0.687,0.708,0.678,0.682,313900.5299999995
881,2024-01-21 19:00:00,0.683,0.694,0.635,0.642,493753.7699999986
882,2024-01-22 19:00:00,0.642,0.657,0.59,0.624,667479.9300000005
883,2024-01-23 19:00:00,0.625,0.634,0.611,0.631,246216.71000000008
884,2024-01-24 19:00:00,0.632,0.673,0.624,0.64,473283.44999999984
885,2024-01-25 19:00:00,0.642,0.676,0.627,0.659,603829.0199999997
886,2024-01-26 19:00:00,0.66,0.675,0.648,0.671,216189.2400000001
887,2024-01-27 19:00:00,0.675,0.72,0.65,0.654,965915.0300000012
888,2024-01-28 19:00:00,0.655,0.676,0.639,0.675,512077.2400000004
889,2024-01-29 19:00:00,0.675,0.693,0.66,0.666,355444.92
890,2024-01-30 19:00:00,0.665,0.683,0.645,0.659,454658.1799999997
891,2024-01-31 19:00:00,0.66,0.665,0.638,0.655,228120.3899999995
892,2024-02-01 19:00:00,0.656,0.687,0.655,0.676,318387.2099999996
893,2024-02-02 19:00:00,0.679,0.688,0.656,0.664,166444.17999999996
894,2024-02-03 19:00:00,0.664,0.682,0.653,0.661,173891.97000000006
895,2024-02-04 19:00:00,0.662,0.69,0.65,0.683,578773.8499999999
896,2024-02-05 19:00:00,0.683,0.704,0.673,0.695,560707.520000001
897,2024-02-06 19:00:00,0.698,0.729,0.689,0.719,675122.9800000016
898,2024-02-07 19:00:00,0.72,0.725,0.701,0.717,199700.03
899,2024-02-08 19:00:00,0.718,0.741,0.712,0.729,420187.3899999995
900,2024-02-09 19:00:00,0.731,0.736,0.707,0.716,231266.3399999997
901,2024-02-10 19:00:00,0.717,0.73,0.7,0.7,378082.0899999997
902,2024-02-11 19:00:00,0.703,0.746,0.696,0.742,809482.8499999979
903,2024-02-12 19:00:00,0.743,0.752,0.717,0.743,799798.8099999994
904,2024-02-13 19:00:00,0.741,0.773,0.733,0.751,871738.189999998
905,2024-02-14 19:00:00,0.751,0.773,0.742,0.762,890466.0399999997
906,2024-02-15 19:00:00,0.762,0.779,0.733,0.765,762808.2699999991
907,2024-02-16 19:00:00,0.764,0.769,0.714,0.739,273118.42
908,2024-02-17 19:00:00,0.741,0.769,0.729,0.765,468755.6699999996
909,2024-02-18 19:00:00,0.765,0.8,0.759,0.783,609767.1400000012
910,2024-02-19 19:00:00,0.78,0.785,0.725,0.76,666730.1599999986
911,2024-02-20 19:00:00,0.761,0.761,0.704,0.736,510321.4800000002
912,2024-02-21 19:00:00,0.737,0.82,0.716,0.808,1359552.0099999993
913,2024-02-22 19:00:00,0.804,0.873,0.764,0.776,2855122.6299999896
914,2024-02-23 19:00:00,0.78,0.88,0.772,0.839,1828010.5899999952
915,2024-02-24 19:00:00,0.835,0.965,0.828,0.931,3649707.0300000007
916,2024-02-25 19:00:00,0.931,0.99,0.885,0.959,3701970.109999999
917,2024-02-26 19:00:00,0.957,0.972,0.907,0.958,3384981.090000009
918,2024-02-27 19:00:00,0.956,1.014,0.834,0.944,3433290.820000002
919,2024-02-28 19:00:00,0.944,1.15,0.927,1.067,5225065.060000007
920,2024-02-29 19:00:00,1.072,1.2,1.072,1.2,3858966.100000008
921,2024-03-01 19:00:00,1.199,1.226,1.104,1.224,3022267.7699999907
922,2024-03-02 19:00:00,1.224,1.25,1.002,1.15,2511314.3300000066
923,2024-03-03 19:00:00,1.153,1.159,1.01,1.073,5224930.749999982
924,2024-03-04 19:00:00,1.074,1.117,0.841,0.995,4444253.579999989
