,open,high,low,close,volume,vwap,timestamp,transactions,otc
0,57.59,58.02,57.32,57.54,1445401.0,57.7014,1550552400000,13939,
1,57.51,57.93,57.08,57.77,1383982.0,57.6506,1550638800000,13039,
2,57.7,57.7,57.01,57.23,1572618.0,57.2668,1550725200000,15518,
3,57.31,57.76,57.01,57.73,1622874.0,57.5072,1550811600000,15708,
4,58.0,58.07,56.96,56.99,1658937.0,57.2882,1551070800000,14715,
5,56.75,57.17,56.49,57.0,1822477.0,56.9057,1551157200000,14361,
6,56.75,57.39,56.6,56.99,1800099.0,57.0105,1551243600000,13813,
7,54.72,56.29,54.22,55.95,3220404.0,55.8303,1551330000000,26015,
8,56.42,56.47,55.53,55.95,3031096.0,55.9727,1551416400000,23110,
9,56.25,56.33,55.09,55.37,2700962.0,55.5247,1551675600000,21028,
10,55.33,55.85,54.88,55.73,1664015.0,55.5002,1551762000000,16024,
11,55.87,56.21,55.28,55.44,3000811.0,55.7399,1551848400000,24545,
12,55.36,55.62,54.61,55.4,2878800.0,55.1759,1551934800000,25986,
13,55.01,55.68,54.6001,55.45,2572828.0,55.2921,1552021200000,24003,
14,55.51,56.47,55.49,56.26,3701487.0,56.1389,1552276800000,24243,
15,56.31,57.05,55.95,56.89,2687651.0,56.7637,1552363200000,24027,
16,56.95,57.81,56.815,57.56,2629476.0,57.567,1552449600000,22094,
17,57.63,57.63,57.06,57.14,2622594.0,57.1966,1552536000000,11568,
18,57.2,57.9298,57.02,57.91,3000595.0,57.7207,1552622400000,12711,
19,57.78,58.0,57.285,57.67,1207438.0,57.6123,1552881600000,11171,
20,57.95,58.12,57.195,57.58,1759892.0,57.6118,1552968000000,15412,
21,57.6,58.18,57.05,57.6,1778336.0,57.5911,1553054400000,14973,
22,57.05,58.5,57.05,58.28,1366339.0,58.2016,1553140800000,9214,
23,58.08,58.34,56.91,56.96,1318474.0,57.2647,1553227200000,13825,
24,57.04,57.17,56.22,56.69,1212478.0,56.6031,1553486400000,11684,
25,56.92,57.39,56.53,56.71,1361720.0,56.854,1553572800000,12804,
26,56.65,56.96,56.11,56.62,999638.0,56.5806,1553659200000,10983,
27,56.7,57.0,56.15,56.54,1378447.0,56.5131,1553745600000,11414,
28,56.87,57.35,56.67,57.21,1440238.0,57.1117,1553832000000,10759,
29,57.67,57.75,56.66,57.52,1771131.0,57.2915,1554091200000,17298,
30,57.48,57.62,56.68,56.93,1158052.0,56.9579,1554177600000,9660,
31,57.26,57.49,56.79,57.12,1678307.0,57.1026,1554264000000,11786,
32,57.21,57.54,56.71,57.05,858379.0,57.0308,1554350400000,8425,
33,57.03,57.51,57.0,57.32,993066.0,57.3103,1554436800000,7814,
34,57.41,57.58,56.52,57.09,1397971.0,57.0226,1554696000000,13523,
35,63.38,66.0263,61.89,62.97,15884505.0,63.6287,1554782400000,106445,
36,63.6,63.77,61.67,63.71,5189746.0,63.0919,1554868800000,38265,
37,63.57,63.76,61.98,62.2,3310975.0,62.7017,1554955200000,29485,
38,62.39,62.84,62.2,62.8,2585974.0,62.6267,1555041600000,25048,
39,62.72,63.6,62.48,63.46,3062285.0,63.2815,1555300800000,23654,
40,63.78,63.97,62.64,63.05,2196849.0,63.0162,1555387200000,20043,
41,63.12,63.43,62.23,62.4,3012512.0,62.5882,1555473600000,25031,
42,62.8,63.005,61.86,62.71,2577452.0,62.5847,1555560000000,21774,
43,62.44,63.0,62.24,62.67,2046475.0,62.6187,1555905600000,15719,
44,62.93,64.11,62.8592,63.83,3850117.0,63.7881,1555992000000,25572,
45,63.82,64.395,63.78,64.15,2747120.0,64.1564,1556078400000,18698,
46,63.68,64.96,63.16,64.6,2906740.0,64.4874,1556164800000,27750,
47,64.5,65.47,62.78,65.08,4821043.0,64.5149,1556251200000,39646,
48,65.0,66.27,64.84,65.88,2780820.0,65.8865,1556510400000,21907,
49,65.54,66.56,65.31,66.45,2563824.0,66.1176,1556596800000,19595,
50,66.65,67.11,66.1331,66.7,2553710.0,66.7278,1556683200000,23231,
51,66.77,68.17,66.43,68.01,3010228.0,67.7649,1556769600000,25648,
52,68.45,69.34,68.13,68.47,2167893.0,68.7439,1556856000000,20448,
53,67.34,68.75,67.12,68.65,2242404.0,68.3482,1557115200000,16355,
54,67.92,68.36,67.41,67.75,2382525.0,67.7806,1557201600000,24458,
55,67.76,68.37,67.43,68.02,1641818.0,68.0316,1557288000000,17180,
56,67.59,68.6884,67.24,68.59,2070738.0,68.0743,1557374400000,21051,
57,68.23,69.28,67.61,68.94,2279113.0,68.553,1557460800000,25477,
58,67.88,68.34,67.055,67.16,2704346.0,67.4852,1557720000000,28943,
59,67.44,68.32,67.28,67.83,2363219.0,67.8825,1557806400000,27085,
60,67.34,69.07,67.09,68.63,2832420.0,68.5828,1557892800000,27816,
61,68.7,69.65,68.63,68.91,2155064.0,69.1679,1557979200000,23086,
62,68.39,69.62,68.33,68.48,2257242.0,68.7804,1558065600000,23412,
63,67.91,69.74,67.87,69.55,3262031.0,69.355,1558324800000,31794,
64,69.85,70.76,69.72,70.15,3619017.0,70.3168,1558411200000,30047,
65,69.9,70.45,69.56,70.13,2324712.0,70.1013,1558497600000,19673,
66,69.74,70.45,69.41,69.94,3222791.0,69.8498,1558584000000,27965,
67,70.13,70.9,70.0,70.59,3105220.0,70.5615,1558670400000,23936,
68,70.63,71.0,70.04,70.16,4102202.0,70.322,1559016000000,23967,
69,70.03,70.25,69.05,69.43,2721472.0,69.4679,1559102400000,29591,
70,69.62,70.7,69.5,70.32,2032755.0,70.3211,1559188800000,18610,
71,69.94,70.36,69.3467,69.97,1987678.0,69.9557,1559275200000,19968,
72,70.0,70.41,68.75,69.08,3552667.0,69.3881,1559534400000,37986,
73,69.8,70.91,69.64,70.88,3444176.0,70.5303,1559620800000,31296,
74,71.0,71.79,70.52,71.51,3005754.0,71.3822,1559707200000,25898,
75,71.54,72.5,71.48,72.25,2546715.0,72.1393,1559793600000,19830,
76,72.75,73.24,72.45,72.74,1848272.0,72.8656,1559880000000,17500,
77,72.85,73.14,72.23,72.7,1677463.0,72.7064,1560139200000,18760,
78,72.85,73.23,71.24,71.67,3120799.0,71.7917,1560225600000,26040,
79,71.73,72.42,71.69,72.26,2026214.0,72.1829,1560312000000,17729,
80,72.46,72.69,72.15,72.48,1912730.0,72.4112,1560398400000,17552,
81,72.54,72.95,72.2,72.23,1682573.0,72.4661,1560484800000,16581,
82,72.15,72.33,71.42,71.48,1806086.0,71.6495,1560744000000,16505,
83,72.0,72.14,70.52,70.67,2810257.0,70.8473,1560830400000,26210,
84,70.78,71.31,70.555,71.0,3217719.0,71.001,1560916800000,27067,
85,71.69,72.0,71.0,71.75,3061262.0,71.4976,1561003200000,22513,
86,71.9,72.4,71.435,72.09,3295663.0,72.0723,1561089600000,20450,
87,72.11,72.7,71.565,72.65,1344964.0,72.4543,1561348800000,14575,
88,72.84,72.95,71.0,71.25,2268439.0,71.5742,1561435200000,18797,
89,71.35,71.78,70.67,71.04,1604484.0,71.005,1561521600000,19117,
90,71.08,72.01,70.81,71.79,1805575.0,71.5709,1561608000000,14839,
91,71.85,73.355,71.84,73.3,6527747.0,73.1432,1561694400000,27611,
92,73.61,74.42,73.5,74.27,2455050.0,74.1766,1561953600000,25931,
93,74.52,75.075,74.15,74.95,2525953.0,74.6586,1562040000000,23027,
94,75.0,76.0,74.12,74.53,1526801.0,74.6704,1562126400000,14350,
95,74.21,74.5,73.54,74.5,1238298.0,74.1352,1562299200000,12823,
96,74.24,74.73,73.85,74.56,1670517.0,74.4689,1562558400000,13889,
97,74.32,75.03,74.2,74.99,1574144.0,74.8374,1562644800000,14062,
98,75.14,75.73,75.0,75.68,1657852.0,75.5121,1562731200000,18147,
99,75.85,76.2,75.48,76.15,1408713.0,75.9555,1562817600000,14903,
100,76.31,76.47,75.51,76.12,1406737.0,75.8957,1562904000000,16747,
101,76.19,76.27,75.72,75.83,1281372.0,75.9378,1563163200000,13570,
102,76.03,76.14,74.14,74.48,3062733.0,74.6015,1563249600000,27835,
103,74.39,74.7894,74.07,74.43,2111467.0,74.4383,1563336000000,21751,
104,74.51,74.58,73.78,74.0,2419660.0,74.1453,1563422400000,21975,
105,74.47,74.47,72.6435,72.83,2228939.0,73.1681,1563508800000,22108,
106,72.96,73.065,71.905,72.0,3288145.0,72.4042,1563768000000,27410,
107,71.98,72.12,71.06,72.08,2243577.0,71.8276,1563854400000,23624,
108,71.62,72.4,71.15,72.21,2739353.0,71.8646,1563940800000,25310,
109,71.49,73.33,70.52,72.92,4066589.0,72.5179,1564027200000,41365,
110,72.78,73.51,71.96,73.11,2691962.0,73.0191,1564113600000,22432,
111,73.0,73.82,72.53,73.67,1542932.0,73.5033,1564372800000,13554,
112,73.4,73.98,73.2,73.59,1652575.0,73.5729,1564459200000,16751,
113,73.59,73.78,71.03,71.65,2479287.0,72.157,1564545600000,23425,
114,71.75,72.78,71.57,71.93,3232962.0,72.2178,1564632000000,32960,
115,71.99,72.0,70.5901,70.97,2207378.0,71.0763,1564718400000,23682,
116,70.2,70.91,69.47,69.67,2784631.0,70.0008,1564977600000,25644,
117,69.81,70.64,69.36,70.5,1824591.0,70.1876,1565064000000,22821,
118,69.88,70.35,69.1,70.09,2402821.0,69.845,1565150400000,25592,
119,70.22,71.63,70.08,71.49,1943204.0,71.2015,1565236800000,19811,
120,71.48,71.785,70.88,71.41,1515531.0,71.3689,1565323200000,18645,
121,71.23,71.48,70.09,70.24,1775103.0,70.5533,1565582400000,19210,
122,70.33,71.74,70.02,70.88,1714679.0,70.9574,1565668800000,17728,
123,70.18,70.46,69.31,69.42,2270066.0,69.5799,1565755200000,16164,
124,69.45,69.965,69.22,69.25,2296444.0,69.5009,1565841600000,23237,
125,69.94,70.97,69.53,70.65,1979453.0,70.6312,1565928000000,18185,
126,71.28,72.22,70.92,71.83,1883754.0,71.9028,1566187200000,19110,
127,71.9,71.98,71.3,71.38,1685706.0,71.5772,1566273600000,16821,
128,71.97,72.075,71.61,71.78,1331059.0,71.8134,1566360000000,16206,
129,72.84,72.86,71.37,71.68,1361094.0,71.8107,1566446400000,16391,
130,71.25,71.48,67.57,67.93,3778421.0,68.9144,1566532800000,38966,
131,68.24,68.86,67.98,68.52,1835352.0,68.445,1566792000000,20850,
132,68.86,69.3,67.96,68.19,2069677.0,68.3012,1566878400000,23854,
133,67.91,69.08,67.895,68.58,1309902.0,68.6025,1566964800000,17375,
134,69.08,69.4,68.64,69.0,1142325.0,69.0698,1567051200000,13833,
135,69.55,69.8593,68.425,68.91,1965249.0,68.8475,1567137600000,15586,
136,68.3,68.76,66.84,67.39,2275657.0,67.433,1567483200000,27977,
137,67.95,68.26,66.71,67.28,1403000.0,67.1702,1567569600000,17264,
138,67.92,68.21,67.38,67.85,1467367.0,67.7701,1567656000000,16906,
139,67.91,67.955,67.2195,67.36,1857163.0,67.5629,1567742400000,18703,
140,67.59,67.75,66.05,66.5,2859075.0,66.6021,1568001600000,29104,
141,66.23,67.36,65.86,67.35,2248525.0,66.8985,1568088000000,22584,
142,67.19,68.39,66.6675,68.33,1431958.0,67.9739,1568174400000,17781,
143,68.55,69.2,67.96,68.01,1651354.0,68.5706,1568260800000,16239,
144,68.25,68.75,67.64,67.85,1274350.0,68.1466,1568347200000,15439,
145,67.45,68.12,67.2508,67.76,1003627.0,67.7635,1568606400000,11352,
146,67.72,68.32,67.66,68.14,1184706.0,68.0499,1568692800000,12246,
147,68.19,68.484,66.91,67.57,1288632.0,67.6086,1568779200000,14107,
148,67.68,68.51,67.48,67.68,1211680.0,67.8969,1568865600000,13377,
149,67.45,68.63,67.41,68.44,3982370.0,68.2155,1568952000000,20343,
150,68.21,68.77,67.71,68.58,1209256.0,68.5352,1569211200000,12980,
151,68.75,69.0,67.82,68.33,1685749.0,68.3201,1569297600000,18628,
152,67.95,68.49,67.74,68.23,1262799.0,68.1871,1569384000000,14323,
153,68.46,68.97,67.49,68.36,1366430.0,68.2863,1569470400000,14704,
154,68.52,69.03,67.77,68.37,1753729.0,68.2883,1569556800000,18360,
155,68.37,68.83,68.02,68.17,3206893.0,68.4192,1569816000000,21213,
156,68.37,69.04,67.165,67.46,1947584.0,67.8647,1569902400000,21195,
157,67.16,67.19,65.72,66.54,2105801.0,66.3244,1569988800000,22021,
158,66.36,66.87,65.52,66.14,1856973.0,65.9896,1570075200000,20241,
159,66.32,66.95,66.15,66.82,1105922.0,66.6612,1570161600000,13266,
160,66.6,66.81,65.86,66.31,1266662.0,66.3906,1570420800000,16322,
161,65.69,66.24,65.02,65.1,2419601.0,65.2916,1570507200000,24240,
162,65.38,65.935,65.1,65.71,1425968.0,65.6253,1570593600000,16786,
163,65.46,67.0,65.44,66.84,2880253.0,66.551,1570680000000,30560,
164,67.27,68.28,67.025,67.58,2042273.0,67.7202,1570766400000,21850,
165,67.53,67.985,67.04,67.74,1556787.0,67.6954,1571025600000,15594,
166,67.98,68.37,67.69,68.09,1270478.0,68.1424,1571112000000,17152,
167,68.0,68.44,67.72,68.16,1801032.0,68.1442,1571198400000,16685,
168,68.22,68.32,67.422,68.11,1727884.0,68.0711,1571284800000,14113,
169,68.31,68.49,67.71,67.76,1619278.0,67.9361,1571371200000,17009,
170,67.92,68.4,67.73,68.16,1493575.0,68.0765,1571630400000,14137,
171,67.94,68.375,67.38,67.47,1597676.0,67.8196,1571716800000,18446,
172,67.44,67.68,66.77,67.57,2191878.0,67.2941,1571803200000,20736,
173,67.82,68.12,67.21,67.48,2470401.0,67.5289,1571889600000,22636,
174,67.5,68.49,65.61,66.43,2988980.0,66.5919,1571976000000,27906,
175,66.56,67.355,66.42,67.0,2646251.0,66.9512,1572235200000,25051,
176,66.69,67.73,66.68,67.36,2518923.0,67.2955,1572321600000,20625,
177,67.57,68.24,67.28,68.1,2259328.0,67.8724,1572408000000,19812,
178,67.86,68.13,66.68,67.12,2056505.0,67.14,1572494400000,21242,
179,67.39,67.98,67.26,67.53,1980303.0,67.6373,1572580800000,19279,
180,67.75,68.06,67.37,67.46,1802749.0,67.6589,1572843600000,19990,
181,67.62,67.76,67.12,67.21,1825874.0,67.3786,1572930000000,19989,
182,67.3,67.72,66.84,66.97,2061046.0,67.1372,1573016400000,19442,
183,67.2,67.6943,66.76,66.83,1320411.0,67.1384,1573102800000,16033,
184,66.63,67.34,66.26,67.31,1536431.0,66.9287,1573189200000,16212,
185,66.95,67.26,66.135,66.26,1527151.0,66.4771,1573448400000,15061,
186,66.54,67.28,66.26,67.01,2133963.0,67.0035,1573534800000,19493,
187,66.84,67.355,66.475,66.86,1556686.0,66.8896,1573621200000,17032,
188,66.97,67.51,66.96,67.05,2320816.0,67.1187,1573707600000,20595,
189,67.26,68.7804,67.09,68.4,6148715.0,68.0821,1573794000000,33979,
190,68.44,68.865,67.41,67.61,3198211.0,67.725,1574053200000,28120,
191,67.87,68.34,67.67,68.14,2942441.0,68.1189,1574139600000,26008,
192,67.84,68.24,67.1,67.67,1808836.0,67.6275,1574226000000,18360,
193,67.73,68.74,67.45,68.47,1966692.0,68.3101,1574312400000,22076,
194,69.0,69.92,68.73,69.44,1961914.0,69.2855,1574398800000,23141,
195,69.64,70.84,69.59,70.68,2479110.0,70.4757,1574658000000,25650,
196,71.09,71.88,70.6,71.84,2293943.0,71.5679,1574744400000,19546,
197,70.13,72.15,69.73,72.11,1491135.0,71.7773,1574830800000,15935,
198,71.99,72.14,71.15,71.59,1118953.0,71.6973,1575003600000,8273,
199,71.59,71.69,70.53,70.92,1271604.0,70.9067,1575262800000,16776,
200,70.49,71.13,70.19,71.07,1749857.0,70.8535,1575349200000,15278,
201,71.18,71.2,70.46,70.6,1668530.0,70.6586,1575435600000,18702,
202,70.91,71.0,70.41,70.77,1299671.0,70.7885,1575522000000,15833,
203,71.25,71.55,70.95,71.29,1237533.0,71.3331,1575608400000,12819,
204,70.94,71.72,70.88,71.44,1818439.0,71.4684,1575867600000,17247,
205,71.45,71.83,71.11,71.71,1292150.0,71.6698,1575954000000,13873,
206,71.56,71.79,71.06,71.5,1583353.0,71.4418,1576040400000,14556,
207,71.63,72.07,71.26,71.82,1893894.0,71.7971,1576126800000,19233,
208,71.9,72.67,71.53,72.23,1618574.0,72.2404,1576213200000,18165,
209,72.46,72.85,72.25,72.67,2376590.0,72.6576,1576472400000,17285,
210,72.75,72.75,71.59,71.61,2441962.0,71.8276,1576558800000,21972,
211,71.74,72.39,71.5238,72.16,1932165.0,72.1505,1576645200000,18280,
212,72.07,72.13,71.44,71.96,1266750.0,71.7957,1576731600000,13917,
213,72.02,73.3,71.58,73.26,4636441.0,72.9441,1576818000000,24276,
214,73.34,74.1,73.225,73.44,1009482.0,73.4608,1577077200000,11123,
215,73.41,73.42,73.04,73.29,281853.0,73.2734,1577163600000,3859,
216,73.27,73.42,72.71,73.02,653639.0,72.9877,1577336400000,7542,
217,73.28,73.525,72.87,73.28,726980.0,73.2547,1577422800000,7497,
218,73.28,73.44,72.95,73.11,1278343.0,73.1893,1577682000000,13611,
219,72.93,73.51,72.6,73.39,1110830.0,73.1799,1577768400000,11774,
220,73.45,73.69,72.81,73.62,2393503.0,73.3967,1577941200000,20326,
221,72.82,73.88,72.81,73.83,1451600.0,73.5791,1578027600000,16842,
222,73.36,74.05,73.2,73.99,1617090.0,73.877,1578286800000,13144,
223,73.76,73.76,72.98,73.02,957113.0,73.2531,1578373200000,13191,
224,73.24,73.83,73.04,73.445,1920948.0,73.4957,1578459600000,17363,
225,73.8,74.3,73.0,73.76,1624862.0,73.9222,1578546000000,14318,
226,74.01,74.09,73.275,73.48,1214593.0,73.6093,1578632400000,12512,
227,73.48,73.89,72.76,73.07,2012234.0,73.1198,1578891600000,16233,
228,72.97,74.24,72.75,74.21,1546983.0,73.8503,1578978000000,15453,
229,73.69,75.19,72.85,74.69,1542282.0,74.6659,1579064400000,14792,
230,74.8,75.81,74.34,75.58,1519761.0,75.5299,1579150800000,13324,
231,75.87,75.94,75.28,75.86,1285274.0,75.7864,1579237200000,11501,
232,75.46,75.97,75.31,75.81,1349001.0,75.726,1579582800000,13387,
233,75.96,76.32,75.47,75.52,1368578.0,75.7872,1579669200000,15634,
234,75.37,75.76,74.54,75.68,1371741.0,75.4567,1579755600000,11436,
235,75.6,75.6,74.14,74.46,957441.0,74.6083,1579842000000,13144,
236,73.38,74.27,73.16,73.41,1311105.0,73.6412,1580101200000,14961,
237,73.77,74.22,73.35,73.5,1678695.0,73.6371,1580187600000,19338,
238,73.6,73.6,72.24,72.28,1788006.0,72.7637,1580274000000,18829,
239,71.91,72.8175,71.36,72.78,1270634.0,72.2227,1580360400000,15070,
240,72.7,73.07,71.46,71.83,1414467.0,71.9832,1580446800000,16565,
241,72.24,73.31,72.05,73.17,2504586.0,72.9091,1580706000000,21067,
242,74.03,74.96,73.71,74.22,2209038.0,74.4116,1580792400000,21458,
243,76.99,80.9,75.75,78.595,6326573.0,79.0502,1580878800000,51955,
244,78.79,79.93,78.54,78.95,2311738.0,79.1025,1580965200000,23317,
245,78.79,79.49,78.52,78.93,1137107.0,78.9572,1581051600000,13860,
246,78.47,79.67,78.1,79.62,1686204.0,79.3527,1581310800000,17374,
247,80.0,80.55,79.2,80.23,3098988.0,80.0081,1581397200000,26491,
248,80.515,80.515,76.36,76.68,2907231.0,77.3878,1581483600000,30244,
249,76.12,76.92,75.97,76.49,2038296.0,76.5887,1581570000000,18150,
250,76.34,77.26,76.19,77.07,3081393.0,76.9843,1581656400000,19813,
251,77.12,77.8,76.67,76.78,1910011.0,76.9719,1582002000000,18235,
252,76.94,77.27,76.34,76.76,1880240.0,76.7924,1582088400000,16387,
253,76.79,77.02,75.76,76.71,1555973.0,76.4721,1582174800000,19843,
254,76.47,76.76,75.71,76.07,1992209.0,76.0423,1582261200000,20685,
255,74.41,75.82,73.37,73.38,2780137.0,73.8672,1582520400000,32436,
256,73.92,73.99,72.19,72.41,3071348.0,72.9728,1582606800000,35637,
257,72.9,74.075,72.18,72.41,2981590.0,72.9201,1582693200000,31703,
258,71.52,72.6,69.83,69.89,3146174.0,71.0429,1582779600000,36124,
259,68.04,69.34,67.53,69.27,5167164.0,68.7365,1582866000000,54100,
260,69.51,72.59,69.22,72.55,3180106.0,71.5661,1583125200000,37346,
261,72.67,73.96,70.33,71.1,3217451.0,71.7554,1583211600000,38674,
262,72.36,73.55,71.81,73.49,2404507.0,72.838,1583298000000,29747,
263,71.56,73.53,71.04,72.57,2442263.0,72.314,1583384400000,26170,
264,70.45,73.72,70.26,73.36,3283864.0,72.5019,1583470800000,43183,
265,69.52,71.81,69.441,70.26,4415581.0,70.6553,1583726400000,51923,
266,71.43,71.86,66.75,69.14,3588010.0,68.6891,1583812800000,42312,
267,67.47,69.01,66.595,68.35,3955151.0,68.0432,1583899200000,47088,
268,65.01,68.09,64.535,64.68,4706983.0,65.7587,1583985600000,56828,
269,66.71,67.51,60.68,64.43,6424411.0,62.8823,1584072000000,75725,
270,59.92,61.71,58.11,60.53,5019166.0,60.0534,1584331200000,56953,
271,60.98,64.308,57.98,62.37,4572148.0,61.7373,1584417600000,57042,
272,59.94,61.76,54.54,59.87,3462685.0,58.6397,1584504000000,38840,
273,59.72,62.55,58.065,59.49,3370893.0,59.8679,1584590400000,36739,
274,59.92,60.9327,56.08,56.55,5137669.0,57.4861,1584676800000,47370,
275,55.98,56.845,53.08,54.7,3695354.0,54.8835,1584936000000,40638,
276,57.15,59.74,56.11,58.42,4148336.0,58.2086,1585022400000,43467,
277,58.42,59.93,56.76,58.04,3125047.0,58.3396,1585108800000,34864,
278,57.82,61.79,57.82,61.04,3454317.0,60.5551,1585195200000,33007,
279,58.89,62.06,58.11,60.01,2771051.0,60.567,1585281600000,30615,
280,61.27,64.49,60.9,64.24,2909523.0,63.569,1585540800000,28105,
281,64.97,64.97,62.64,62.99,2837493.0,63.4311,1585627200000,30609,
282,60.89,61.96,59.85,60.71,2199737.0,60.6763,1585713600000,25661,
283,60.3,63.25,59.605,61.96,1624393.0,61.8118,1585800000000,17909,
284,61.36,62.525,61.14,62.27,2223376.0,62.0488,1585886400000,19111,
285,63.38,64.26,62.0,63.96,2520330.0,63.4847,1586145600000,25093,
286,64.9,65.99,63.9,64.26,2277467.0,64.7921,1586232000000,27882,
287,63.95,66.77,63.3,66.41,2201160.0,65.767,1586318400000,24368,
288,67.41,68.83,67.07,68.38,2314409.0,68.1991,1586404800000,26543,
289,67.88,68.11,64.28,65.72,2004230.0,65.565,1586750400000,22571,
290,66.61,69.39,66.53,68.95,2416126.0,68.5961,1586836800000,23198,
291,66.68,69.29,66.68,68.21,2412676.0,68.5198,1586923200000,28784,
292,68.64,69.09,67.33,68.64,2004786.0,68.3353,1587009600000,23600,
293,70.27,70.27,68.71,70.01,2524779.0,69.6962,1587096000000,25596,
294,68.82,71.76,68.76,70.25,2086594.0,70.5046,1587355200000,19081,
295,69.07,70.05,67.75,68.59,2497111.0,68.5731,1587441600000,26390,
296,70.16,71.38,69.6,70.78,2329092.0,70.8228,1587528000000,23276,
297,71.33,71.78,70.52,71.15,1759862.0,71.2338,1587614400000,20526,
298,71.83,72.93,70.89,72.75,1632475.0,72.196,1587700800000,18200,
299,73.3,74.415,72.47,73.3,1470292.0,73.2309,1587960000000,17231,
300,73.98,74.88,70.53,71.76,3120720.0,72.3383,1588046400000,31473,
301,72.1,72.97,68.95,71.01,3581402.0,70.3314,1588132800000,36773,
302,70.25,70.93,69.03,69.39,2115711.0,69.4885,1588219200000,23784,
303,67.81,68.155,66.15,66.71,2079771.0,67.0244,1588305600000,26434,
304,66.32,67.12,65.55,67.06,2219045.0,66.6718,1588564800000,25573,
305,67.2,69.47,67.2,68.47,2373088.0,68.7835,1588651200000,26347,
306,68.75,69.055,66.83,66.89,1962958.0,67.3406,1588737600000,18557,
307,67.51,67.635,66.67,66.99,1993037.0,67.0824,1588824000000,21047,
308,68.37,68.93,67.37,68.75,1675070.0,68.1828,1588910400000,20344,
309,68.46,69.515,68.1402,68.44,1606528.0,68.4893,1589169600000,17799,
310,68.28,68.48,66.22,66.22,2673695.0,66.8799,1589256000000,29097,
311,66.04,66.3831,64.43,64.95,1600427.0,65.1575,1589342400000,21501,
312,64.36,65.73,63.11,65.59,2258920.0,64.6804,1589428800000,23787,
313,65.6726,65.9904,64.47,65.11,4334667.0,65.2017,1589515200000,25947,
314,66.38,68.62,66.31,68.38,2209864.0,68.1251,1589774400000,24690,
315,68.5,68.78,67.77,67.78,1449920.0,68.1901,1589860800000,18655,
316,68.02,68.49,67.51,67.79,1129448.0,68.0922,1589947200000,15518,
317,67.97,68.25,67.05,67.12,1266829.0,67.3656,1590033600000,15784,
318,67.14,67.42,66.59,67.28,945891.0,67.1417,1590120000000,12579,
319,68.98,68.98,67.29,67.39,1614392.0,67.8219,1590465600000,20011,
320,67.35,68.53,66.74,68.31,1659439.0,67.6722,1590552000000,18076,
321,68.98,71.65,68.18,70.87,2432420.0,70.9564,1590638400000,22029,
322,70.92,72.98,69.97,72.9,3779822.0,72.1184,1590724800000,27662,
323,72.43,73.04,71.97,72.59,1994261.0,72.6025,1590984000000,22680,
324,72.5,73.25,72.0,73.16,2848104.0,72.802,1591070400000,21766,
325,73.74,73.94,72.72,73.51,1710692.0,73.4053,1591156800000,18810,
326,72.21,73.3,70.655,71.37,2080081.0,71.5097,1591243200000,26804,
327,71.72,73.99,71.06,73.01,2293230.0,73.0983,1591329600000,23370,
328,72.79,74.04,72.41,73.85,1359316.0,73.5508,1591588800000,16051,
329,73.73,73.84,71.63,71.88,1374742.0,72.1187,1591675200000,17772,
330,72.12,72.13,70.65,71.87,1878440.0,71.6488,1591761600000,20451,
331,71.49,71.49,67.16,67.4,2404471.0,68.1711,1591848000000,29675,
332,67.57,68.69,66.13,66.96,1677227.0,67.1291,1591934400000,23607,
333,65.9,68.01,65.14,67.89,2645526.0,67.0123,1592193600000,26380,
334,68.71,70.62,68.6,69.44,2646601.0,69.5475,1592280000000,33344,
335,69.86,70.48,69.41,69.61,1885818.0,69.9136,1592366400000,21844,
336,69.46,69.96,68.81,69.72,2066445.0,69.569,1592452800000,17072,
337,70.63,73.18,69.53,73.18,7307337.0,72.1961,1592539200000,39318,
338,72.27,72.545,70.93,71.2,2596224.0,71.6096,1592798400000,30680,
339,71.48,72.21,70.56,71.05,1733014.0,71.3636,1592884800000,21085,
340,70.43,70.65,68.28,68.65,1859032.0,68.9014,1592971200000,22594,
341,68.6,68.86,67.82,68.36,1998722.0,68.3074,1593057600000,21185,
342,68.52,68.88,65.78,66.54,3496887.0,66.8119,1593144000000,28242,
343,67.23,68.45,66.75,67.94,1509249.0,67.8838,1593403200000,18745,
344,68.06,68.96,67.37,68.55,2009851.0,68.2415,1593489600000,23823,
345,68.68,69.81,68.6277,69.49,2089908.0,69.3771,1593576000000,24747,
346,70.01,70.59,69.75,69.91,1943942.0,70.0933,1593662400000,17377,
347,70.92,71.22,69.92,70.93,2743632.0,70.9501,1594008000000,18339,
348,69.8,70.73,69.42,70.07,2282608.0,70.0164,1594094400000,20948,
349,70.5,70.5,69.13,69.97,1637169.0,69.8135,1594180800000,16320,
350,69.76,69.905,68.575,69.63,1564376.0,69.4683,1594267200000,20014,
351,69.39,70.09,69.36,69.93,978397.0,69.8105,1594353600000,13040,
352,70.15,70.81,69.39,69.45,1810824.0,69.8715,1594612800000,19098,
353,69.22,69.87,68.69,69.73,1346504.0,69.3158,1594699200000,17331,
354,70.42,72.22,70.42,71.81,1831843.0,71.6846,1594785600000,20915,
355,71.5,71.82,71.0,71.7,1264189.0,71.5505,1594872000000,16302,
356,71.57,71.9225,70.84,71.26,2352300.0,71.4401,1594958400000,20611,
357,71.35,71.71,70.92,71.42,1491182.0,71.4054,1595217600000,17000,
358,71.8,72.11,71.04,71.41,1799348.0,71.4739,1595304000000,20339,
359,71.67,72.48,71.17,72.06,1292472.0,71.9406,1595390400000,16614,
360,72.0,72.94,71.76,72.13,1672147.0,72.2761,1595476800000,20906,
361,72.3,72.48,71.33,71.79,1513643.0,71.82,1595563200000,22157,
362,71.53,72.73,71.0,72.45,1240833.0,72.3452,1595822400000,14143,
363,72.16,72.66,70.975,71.14,2032044.0,71.6322,1595908800000,25737,
364,71.81,73.8,71.4,73.41,2210834.0,73.1139,1595995200000,23662,
365,70.92,72.75,69.31,71.26,2380120.0,70.9592,1596081600000,27962,
366,71.04,71.58,68.87,69.45,2033812.0,69.6191,1596168000000,21643,
367,69.23,69.66,68.57,68.82,1902827.0,69.0499,1596427200000,21958,
368,68.51,69.45,68.23,68.91,1536231.0,68.9661,1596513600000,20272,
369,69.47,69.59,68.49,69.31,1257344.0,69.0995,1596600000000,15661,
370,69.29,70.12,69.29,69.95,1411108.0,69.8456,1596686400000,18367,
371,69.52,70.05,69.24,70.04,1861942.0,69.6271,1596772800000,20759,
372,70.0,71.99,69.92,71.98,2300434.0,71.3625,1597032000000,24855,
373,72.17,72.93,72.02,72.41,2393876.0,72.5144,1597118400000,24468,
374,72.55,73.52,72.37,72.77,1600904.0,72.8249,1597204800000,19178,
375,72.7,73.215,72.47,73.08,1409612.0,73.0017,1597291200000,14532,
376,72.89,73.27,72.59,72.91,1427702.0,72.9266,1597377600000,12890,
377,73.0,73.06,72.52,72.86,1284518.0,72.7549,1597636800000,13366,
378,73.24,73.79,73.045,73.41,1589084.0,73.4277,1597723200000,16945,
379,73.67,73.79,72.25,72.44,824330.0,72.8302,1597809600000,11776,
380,72.26,72.69,71.47,71.63,833315.0,71.7584,1597896000000,11878,
381,71.25,71.91,71.11,71.82,1201597.0,71.6784,1597982400000,12579,
382,72.16,72.5,71.82,72.36,932830.0,72.259,1598241600000,12313,
383,72.41,72.5,71.5,71.81,1134561.0,71.8219,1598328000000,12078,
384,71.79,71.79,70.61,71.39,1038015.0,71.2246,1598414400000,12543,
385,72.21,73.45,71.64,73.24,1626955.0,72.9948,1598500800000,17012,
386,73.28,73.42,72.22,72.8,946142.0,72.6607,1598587200000,12086,
387,71.85,73.68,71.85,73.37,2016934.0,73.1225,1598846400000,19161,
388,72.88,73.03,72.05,72.47,1034790.0,72.4006,1598932800000,14701,
389,72.91,75.4987,72.6,75.23,2561774.0,74.9967,1599019200000,25235,
390,75.1868,76.21,73.06,73.77,2114806.0,74.4125,1599105600000,22945,
391,73.87,74.6,71.785,72.01,2251969.0,72.4969,1599192000000,27518,
392,71.38,71.67,69.7522,70.04,2563086.0,70.4197,1599537600000,29148,
393,70.77,72.135,70.336,71.57,1562627.0,71.5361,1599624000000,16621,
394,71.37,72.09,70.2799,70.38,1545917.0,70.9124,1599710400000,20430,
395,69.995,71.4,69.94,70.95,1844341.0,70.8547,1599796800000,16049,
396,71.46,72.55,71.45,71.94,977546.0,72.0205,1600056000000,14221,
397,72.0,72.35,71.58,71.7,1099146.0,72.0002,1600142400000,14246,
398,72.4,73.58,72.06,72.42,1965526.0,72.713,1600228800000,19220,
399,71.27,72.085,70.71,71.78,1432451.0,71.5405,1600315200000,18927,
400,72.1,72.135,69.33,69.85,2784144.0,70.4139,1600401600000,21758,
401,68.51,69.04,67.08,68.7,1820916.0,68.0315,1600660800000,22310,
402,68.61,69.03,67.81,68.63,1459565.0,68.4494,1600747200000,17394,
403,68.72,68.99,67.435,67.73,1424167.0,67.9183,1600833600000,17747,
404,67.53,68.26,66.75,67.48,949111.0,67.511,1600920000000,14132,
405,67.11,69.51,66.92,69.31,1319215.0,68.897,1601006400000,14181,
406,70.05,71.63,69.81,71.6,1833154.0,71.1612,1601265600000,20608,
407,71.38,72.5,71.1,71.19,1257940.0,71.5502,1601352000000,18752,
408,71.58,73.16,70.639,72.29,1712160.0,72.3555,1601438400000,20257,
409,72.85,73.3,71.75,72.31,1402660.0,72.389,1601524800000,19998,
410,71.51,71.98,70.48,71.18,1027165.0,71.2736,1601611200000,13853,
411,70.71,71.96,70.71,71.76,1314447.0,71.6465,1601870400000,13203,
412,72.17,73.14,71.5,71.98,1336947.0,72.1779,1601956800000,14899,
413,72.82,72.93,71.4,71.48,1022064.0,71.7541,1602043200000,15718,
414,71.84,72.1839,71.44,71.84,807122.0,71.796,1602129600000,11024,
415,72.67,73.18,71.87,72.39,1023115.0,72.4041,1602216000000,10733,
416,72.85,75.05,72.7,73.79,1836882.0,73.9821,1602475200000,20942,
417,74.0371,74.0799,72.96,73.25,1411366.0,73.3884,1602561600000,15720,
418,73.75,74.39,73.25,74.23,1122801.0,74.0827,1602648000000,14120,
419,73.23,74.08,73.08,73.76,1109362.0,73.7506,1602734400000,13886,
420,73.95,75.24,73.54,74.63,1549555.0,74.7428,1602820800000,17312,
421,74.75,75.11,72.03,72.36,1053160.0,72.9562,1603080000000,15249,
422,72.59,73.59,72.22,72.7,787560.0,72.925,1603166400000,13078,
423,72.68,73.49,72.33,72.56,1416634.0,72.646,1603252800000,11240,
424,72.68,72.77,71.14,72.59,802847.0,72.2835,1603339200000,13134,
425,73.04,74.13,73.0,73.72,847924.0,73.6819,1603425600000,11137,
426,72.53,73.12,71.75,72.87,987513.0,72.5643,1603684800000,13505,
427,72.91,73.93,72.11,72.74,1347108.0,73.2784,1603771200000,16647,
428,72.145,72.55,70.51,70.64,2916532.0,71.3524,1603857600000,31179,
429,70.38,71.66,68.48,70.48,1773270.0,70.1841,1603944000000,20795,
430,69.295,70.775,69.05,70.09,1474698.0,69.962,1604030400000,18947,
431,71.0,71.9,70.44,71.87,1132771.0,71.5319,1604293200000,17780,
432,72.57,73.47,72.31,72.45,1253902.0,72.8028,1604379600000,19265,
433,74.89,75.22,71.91,72.1,2146791.0,73.1382,1604466000000,27867,
434,73.6,73.65,72.14,72.4,1316317.0,72.7063,1604552400000,21896,
435,72.78,73.2,71.94,72.96,1030723.0,72.7616,1604638800000,14438,
436,75.74,77.33,73.81,73.87,2234582.0,74.966,1604898000000,26074,
437,72.94,75.06,72.798,74.72,1798428.0,74.3035,1604984400000,23686,
438,75.29,75.47,73.94,74.61,1399683.0,74.6484,1605070800000,17129,
439,74.27,74.88,73.385,73.86,897511.0,74.0373,1605157200000,13286,
440,74.3426,75.46,74.21,75.46,997585.0,75.1442,1605243600000,16815,
441,75.58,76.1494,74.995,75.26,790482.0,75.3636,1605502800000,11634,
442,74.72,75.39,73.88,74.77,913247.0,74.789,1605589200000,13531,
443,74.52,75.24,72.8801,72.92,1298404.0,73.4445,1605675600000,15998,
444,73.03,73.36,72.1,72.87,1140279.0,72.6785,1605762000000,16461,
445,72.87,74.12,72.54,73.25,1558802.0,73.4115,1605848400000,19800,
446,73.97,74.4324,73.165,73.61,1315436.0,73.6274,1606107600000,19257,
447,74.17,75.15,73.78,74.37,1196858.0,74.3777,1606194000000,15147,
448,74.8,74.815,73.8,74.12,863946.0,74.1079,1606280400000,15113,
449,74.07,74.375,73.79,74.1,819804.0,74.0704,1606453200000,9108,
450,74.12,74.88,73.75,74.84,1937928.0,74.5467,1606712400000,18641,
451,75.06,76.0,74.9,75.37,1308756.0,75.4245,1606798800000,18577,
452,75.04,75.55,74.84,75.47,844220.0,75.3485,1606885200000,13252,
453,75.15,75.27,73.65,73.89,1274380.0,74.3607,1606971600000,14954,
454,73.695,74.77,73.47,74.29,1443676.0,74.1822,1607058000000,18168,
455,74.22,74.47,72.74,72.84,1635800.0,73.294,1607317200000,18114,
456,72.15,74.19,72.15,74.15,1884089.0,73.4996,1607403600000,21526,
457,74.12,75.1612,73.855,74.41,1924089.0,74.5844,1607490000000,21321,
458,74.05,74.325,73.53,73.97,1191400.0,73.8952,1607576400000,16279,
459,74.08,75.015,73.77,74.51,1486224.0,74.6103,1607662800000,17758,
460,74.95,75.03,74.14,74.25,1521998.0,74.4675,1607922000000,18595,
461,74.7,75.41,74.32,75.36,1611758.0,75.1574,1608008400000,18211,
462,75.76,77.5,75.44,77.4,3245802.0,77.0021,1608094800000,29347,
463,77.41,78.37,77.324,78.16,2600150.0,78.0995,1608181200000,27493,
464,77.68,78.21,76.97,77.6,5548740.0,77.5675,1608267600000,26931,
465,76.66,77.08,75.09,76.59,1307984.0,76.2126,1608526800000,18644,
466,76.58,77.62,76.47,77.38,1612236.0,77.3177,1608613200000,13436,
467,77.78,78.24,77.35,77.69,1039647.0,77.8044,1608699600000,11933,
468,78.4,78.46,77.62,78.41,432006.0,78.1625,1608786000000,6265,
469,78.7,79.24,77.51,78.05,1425229.0,78.124,1609131600000,13545,
470,78.58,78.98,78.2,78.5,772595.0,78.56,1609218000000,10978,
471,78.38,78.98,77.85,77.98,698445.0,78.1494,1609304400000,11366,
472,78.0137,78.55,77.58,78.48,704915.0,78.276,1609390800000,9194,
473,78.4,79.03,76.55,77.74,2180674.0,77.7186,1609736400000,28603,
474,77.5,78.5,77.34,78.21,1123622.0,78.0173,1609822800000,15211,
475,76.74,78.95,76.52,78.83,1807083.0,78.3449,1609909200000,23476,
476,78.395,80.0,78.395,79.63,1824499.0,79.5087,1609995600000,20839,
477,79.5,80.0,78.37,79.86,1586941.0,79.4652,1610082000000,21347,
478,79.65,79.8,78.45,78.88,1343690.0,78.9168,1610341200000,16314,
479,78.79,79.19,78.28,78.93,1199202.0,78.9111,1610427600000,17592,
480,79.01,80.82,78.8686,80.65,2375537.0,80.4492,1610514000000,24188,
481,80.43,81.75,80.23,80.33,2281977.0,80.7658,1610600400000,26661,
482,80.12,80.47,79.08,80.21,1453908.0,79.9964,1610686800000,16037,
483,79.38,80.0261,78.76,79.51,1332912.0,79.448,1611032400000,15286,
484,79.08,80.0,78.8,79.74,1184177.0,79.5843,1611118800000,13197,
485,79.62,80.17,79.41,79.62,964341.0,79.6924,1611205200000,11730,
486,79.64,80.26,79.21,79.9,1312509.0,79.8437,1611291600000,13438,
487,79.85,81.36,79.755,80.5,1525629.0,80.4687,1611550800000,15896,
488,80.66,81.44,79.93,81.33,1010765.0,81.0346,1611637200000,14417,
489,80.9,84.059,80.9,83.3,3087879.0,82.938,1611723600000,36750,
490,83.12,84.2,80.62,80.66,2149602.0,81.6968,1611810000000,24638,
491,80.12,81.255,79.25,80.11,1492443.0,80.1659,1611896400000,18546,
492,80.76,80.76,79.47,80.09,1270560.0,80.1812,1612155600000,17466,
493,80.54,82.06,80.435,80.48,1169541.0,80.874,1612242000000,15747,
494,80.35,80.65,79.2,79.74,1067015.0,79.9372,1612328400000,14753,
495,80.04,81.26,79.608,80.09,991700.0,80.3206,1612414800000,14125,
496,80.78,80.85,79.695,79.82,928485.0,80.0393,1612501200000,12921,
497,79.79,80.22,78.14,78.5,2401839.0,78.8179,1612760400000,24592,
498,78.83,79.49,78.67,79.02,1876157.0,79.0021,1612846800000,18986,
499,79.56,79.99,78.7425,79.0,2266172.0,79.1571,1612933200000,22123,
500,77.51,78.37,75.0574,75.9,3171389.0,75.9704,1613019600000,33006,
501,75.5,75.54,74.41,74.95,3174371.0,74.9626,1613106000000,29670,
502,75.1,75.2,72.6,72.75,4968612.0,72.9762,1613451600000,38904,
503,72.47,73.72,72.23,72.49,3918090.0,72.8662,1613538000000,36577,
504,72.68,72.83,72.02,72.54,2994441.0,72.5091,1613624400000,30795,
505,72.55,72.94,71.3,71.56,2772991.0,71.92,1613710800000,26350,
506,71.56,71.96,70.74,70.91,2594308.0,71.0659,1613970000000,29636,
507,70.54,71.425,69.52,70.07,5757371.0,70.1965,1614056400000,50734,
508,69.96,70.79,69.66,70.29,3670179.0,70.2792,1614142800000,32963,
509,70.7872,71.61,69.92,69.94,3339913.0,70.5578,1614229200000,35775,
510,70.26,70.61,69.1175,69.14,3481428.0,69.5196,1614315600000,34568,
511,69.48,70.38,69.48,70.15,4312488.0,70.0952,1614574800000,31212,
512,70.26,70.6,69.5,69.61,2759549.0,69.8001,1614661200000,22216,
513,69.22,69.34,68.18,68.55,2324759.0,68.6879,1614747600000,24573,
514,70.31,70.31,67.96,68.22,3540821.0,68.7317,1614834000000,37991,
515,68.44,70.57,68.22,70.39,4389931.0,69.6186,1614920400000,41125,
516,70.31,71.365,70.11,70.17,2617756.0,70.6137,1615179600000,26304,
517,70.77,71.63,70.48,70.53,2513049.0,71.0022,1615266000000,25845,
518,71.0,71.44,70.33,70.83,2412342.0,71.0426,1615352400000,24987,
519,72.01,72.2,70.99,71.08,3362619.0,71.4492,1615438800000,27978,
520,70.54,71.7652,70.54,71.26,3321872.0,71.2402,1615525200000,26637,
521,71.65,72.6744,71.29,72.38,3349578.0,72.2779,1615780800000,34400,
522,72.88,73.45,72.12,72.2,2668659.0,72.4474,1615867200000,22835,
523,72.41,72.65,71.61,72.3,3777260.0,72.2841,1615953600000,27123,
524,72.67,72.73,71.66,71.74,2840478.0,72.1291,1616040000000,26357,
525,71.46,72.24,71.4,71.95,4597569.0,71.91,1616126400000,23881,
526,71.66,72.2,71.15,71.97,3285141.0,71.8832,1616385600000,23565,
527,72.14,72.47,71.51,71.73,1982553.0,71.9026,1616472000000,24114,
528,71.41,72.61,71.35,71.83,2404604.0,72.0501,1616558400000,25907,
529,71.8762,72.41,71.34,72.28,1643989.0,71.9454,1616644800000,23849,
530,72.2,72.47,71.75,72.43,1553711.0,72.1359,1616731200000,19744,
531,72.33,72.99,71.85,72.49,1681328.0,72.4584,1616990400000,24488,
532,72.14,72.48,71.07,71.64,1623299.0,71.5813,1617076800000,22043,
533,71.65,72.48,71.3,71.88,2118722.0,71.9941,1617163200000,21610,
534,71.98,73.24,71.75,72.92,2026008.0,72.7882,1617249600000,25233,
535,72.68,73.52,72.68,73.25,1862605.0,73.2108,1617595200000,16819,
536,73.25,73.55,71.761,72.19,2123251.0,72.2788,1617681600000,22939,
537,72.12,72.56,72.05,72.26,1654984.0,72.2437,1617768000000,20209,
538,72.73,72.91,72.055,72.2,1832519.0,72.2964,1617854400000,19720,
539,72.37,73.13,72.2,72.79,2293262.0,72.6939,1617940800000,26487,
540,72.73,73.83,72.73,73.57,2649175.0,73.5246,1618200000000,22992,
541,73.35,74.12,73.27,74.02,1909038.0,73.7976,1618286400000,22067,
542,74.1,74.4839,73.39,73.83,2528618.0,73.7736,1618372800000,26708,
543,74.05,75.15,74.03,74.52,2071114.0,74.7008,1618459200000,24807,
544,74.35,75.5,74.31,75.31,6534197.0,75.259,1618545600000,27391,
545,75.39,75.41,74.38,74.68,1764918.0,74.7835,1618804800000,21889,
546,74.7,75.74,74.63,75.32,1747672.0,75.396,1618891200000,20583,
547,75.51,76.13,75.37,75.89,2798353.0,75.8743,1618977600000,20464,
548,76.0,76.37,75.48,75.94,1849336.0,76.0232,1619064000000,20681,
549,75.86,75.98,75.2048,75.56,1228156.0,75.6621,1619150400000,16186,
550,75.55,75.88,74.81,75.61,1316340.0,75.566,1619409600000,17562,
551,75.27,75.94,74.93,75.51,1463483.0,75.4787,1619496000000,17186,
552,75.835,76.0065,74.75,74.97,1622220.0,75.0105,1619582400000,19069,
553,74.97,75.36,74.54,75.34,1589320.0,75.0989,1619668800000,19491,
554,74.98,75.565,74.51,75.05,2181498.0,74.9225,1619755200000,24955,
555,75.2,76.06,75.1701,75.99,2595653.0,75.8718,1620014400000,21415,
556,75.73,75.74,75.01,75.48,2819972.0,75.3956,1620100800000,28579,
557,72.59,74.64,71.8193,74.6,5638822.0,73.7077,1620187200000,51262,
558,74.63,75.53,74.4,75.17,2583437.0,74.9931,1620273600000,29708,
559,75.02,77.21,74.82,76.68,3866417.0,76.501,1620360000000,38856,
560,78.33,79.22,77.32,77.35,5105253.0,77.9382,1620619200000,48666,
561,77.54,77.79,76.1,76.69,3386489.0,76.7743,1620705600000,36388,
562,76.55,77.01,76.24,76.31,2832714.0,76.5421,1620792000000,33150,
563,76.14,77.15,76.0,76.87,2446905.0,76.8276,1620878400000,25691,
564,77.51,77.62,76.79,76.8,1972159.0,77.0522,1620964800000,20895,
565,76.8,77.35,76.42,76.5,2256694.0,76.6434,1621224000000,19557,
566,76.67,78.46,76.51,77.92,3705687.0,77.7179,1621310400000,34950,
567,77.61,78.5,77.18,78.43,2694593.0,78.0376,1621396800000,32822,
568,78.26,79.015,78.08,78.46,2711451.0,78.6155,1621483200000,28416,
569,78.78,79.235,77.485,77.53,2680961.0,77.9856,1621569600000,30189,
570,77.97,78.005,76.95,77.0,2453603.0,77.3187,1621828800000,28928,
571,77.1,79.13,76.74,78.12,6453497.0,78.0241,1621915200000,56781,
572,78.28,79.38,78.0,79.03,4551620.0,78.8729,1622001600000,40315,
573,79.228,79.5,78.215,78.29,2337551.0,78.5309,1622088000000,25378,
574,78.78,79.075,78.23,78.25,1938693.0,78.5478,1622174400000,22768,
575,78.4,78.66,77.53,77.9,1754384.0,77.9657,1622520000000,24182,
576,77.8,78.52,77.69,78.05,2776849.0,78.1766,1622606400000,29117,
577,77.88,80.33,77.84,80.26,3772251.0,79.7152,1622692800000,36989,
578,80.35,81.42,79.99,80.35,3125506.0,80.3991,1622779200000,30755,
579,80.44,80.72,79.3,79.53,3090460.0,79.7609,1623038400000,31044,
580,79.53,80.3,79.25,79.49,1930241.0,79.6146,1623124800000,23930,
581,79.64,80.32,79.64,80.03,2187569.0,79.9999,1623211200000,27191,
582,80.18,81.18,79.83,81.08,2549202.0,80.7892,1623297600000,27537,
583,81.08,81.57,80.55,81.27,3439697.0,81.1216,1623384000000,31604,
584,81.0,81.09,79.66,80.69,2690993.0,80.3094,1623643200000,32389,
585,80.94,81.13,80.1,80.24,2002843.0,80.3205,1623729600000,22708,
586,80.24,80.36,79.05,79.3,2463160.0,79.4493,1623816000000,31629,
587,79.23,79.41,78.695,78.93,3526008.0,78.9745,1623902400000,33353,
588,78.67,79.38,78.46,78.8,4825514.0,78.8904,1623988800000,34237,
589,78.79,79.58,78.31,79.48,1871502.0,79.3543,1624248000000,23804,
590,79.56,79.64,78.83,79.07,1485693.0,79.1101,1624334400000,18175,
591,78.96,78.96,77.78,78.14,1608053.0,78.2506,1624420800000,21057,
592,78.22,78.83,78.07,78.28,1474044.0,78.418,1624507200000,18824,
593,78.03,79.26,77.91,78.45,10277730.0,78.4674,1624593600000,27384,
594,78.51,79.02,78.3,78.5,2676890.0,78.5943,1624852800000,29329,
595,78.66,78.99,77.95,78.36,3660729.0,78.3603,1624939200000,20493,
596,78.5,78.75,77.67,78.16,1666765.0,78.0643,1625025600000,19094,
597,78.04,78.74,78.04,78.49,4044588.0,78.5146,1625112000000,36058,
598,78.61,79.585,78.455,79.46,4650515.0,79.0436,1625198400000,39993,
599,79.64,79.94,78.74,79.56,2755361.0,79.4357,1625544000000,25725,
600,80.08,80.32,79.64,80.22,3278627.0,80.1036,1625630400000,29627,
601,79.78,80.39,79.37,79.74,2112211.0,79.6857,1625716800000,27075,
602,79.48,80.035,79.43,79.57,2100317.0,79.6996,1625803200000,22576,
603,79.6,80.25,79.43,80.01,1629344.0,80.0126,1626062400000,20399,
604,80.09,80.41,79.59,79.72,1481855.0,79.8572,1626148800000,20677,
605,79.86,79.86,79.2008,79.62,1292717.0,79.5301,1626235200000,17851,
606,79.41,79.71,78.982,79.5,1491292.0,79.4713,1626321600000,20773,
607,79.69,79.69,76.92,77.46,3932606.0,77.689,1626408000000,37424,
608,77.61,77.87,76.07,76.72,2954694.0,76.8702,1626667200000,35145,
609,76.89,78.71,76.845,77.81,2531280.0,77.9854,1626753600000,34811,
610,77.72,78.07,77.1455,77.69,1554564.0,77.6933,1626840000000,20891,
611,77.87,78.2,77.56,78.06,1784791.0,77.978,1626926400000,21298,
612,77.43,78.555,77.34,78.41,2023626.0,78.1614,1627012800000,26168,
613,78.31,78.83,77.67,78.29,2099306.0,78.1491,1627272000000,25183,
614,78.485,79.49,78.3,79.35,2629454.0,78.9908,1627358400000,31874,
615,79.13,79.47,78.68,78.76,3256525.0,78.8742,1627444800000,24736,
616,77.58,79.36,77.58,78.53,2718233.0,78.388,1627531200000,29712,
617,80.02,80.815,79.22,80.39,3294642.0,80.1548,1627617600000,34474,
618,80.06,80.22,79.44,80.11,1870672.0,79.9597,1627876800000,28159,
619,80.09,81.97,79.93,81.91,2218202.0,81.5494,1627963200000,30048,
620,81.91,82.0,80.065,80.09,2010904.0,80.5205,1628049600000,25965,
621,80.37,80.46,79.26,79.9,1425415.0,79.746,1628136000000,18229,
622,80.0,80.395,79.7,80.0,1262704.0,80.0559,1628222400000,16884,
623,79.99,80.23,79.575,80.0,1532456.0,79.9042,1628481600000,16238,
624,80.22,80.22,78.71,79.1,1439425.0,79.101,1628568000000,19880,
625,79.43,79.82,79.17,79.48,985019.0,79.5207,1628654400000,16693,
626,79.32,79.92,79.32,79.54,1095671.0,79.6116,1628740800000,16203,
627,79.56,79.98,79.21,79.63,800807.0,79.7206,1628827200000,13401,
628,79.77,80.33,79.6,80.15,1176168.0,80.0371,1629086400000,15754,
629,79.86,80.85,79.76,80.78,1355707.0,80.4845,1629172800000,16592,
630,80.95,80.97,79.3,79.36,1750345.0,79.8036,1629259200000,23700,
631,79.47,80.35,78.9611,79.62,1536680.0,79.7087,1629345600000,21919,
632,79.89,80.18,78.75,78.96,2428882.0,79.4351,1629432000000,27999,
633,79.08,79.08,77.615,77.92,2295077.0,78.0024,1629691200000,30672,
634,77.85,77.97,76.99,77.19,1769830.0,77.2784,1629777600000,22697,
635,77.19,77.36,75.74,76.51,3317695.0,76.6401,1629864000000,34853,
636,76.35,76.66,75.83,76.07,1543826.0,76.1783,1629950400000,21436,
637,76.09,77.0,75.97,76.84,1330546.0,76.8162,1630036800000,19185,
638,76.84,77.15,76.15,76.22,987067.0,76.4441,1630296000000,17082,
639,76.12,76.75,75.76,76.35,1785220.0,76.312,1630382400000,25297,
640,76.55,76.63,75.54,76.08,1247743.0,76.0147,1630468800000,18266,
641,76.26,76.32,75.57,76.3,1232996.0,76.0504,1630555200000,17155,
642,75.825,76.34,75.45,75.69,1818693.0,75.7584,1630641600000,20233,
643,75.77,76.655,75.5675,75.79,1962664.0,75.9313,1630987200000,28304,
644,76.06,76.19,75.5,75.67,1663294.0,75.7413,1631073600000,23342,
645,75.66,76.19,75.03,75.05,1374459.0,75.3977,1631160000000,20123,
646,75.0,75.24,73.95,74.45,1658369.0,74.4628,1631246400000,25809,
647,74.51,74.71,73.775,74.5,1945058.0,74.2639,1631505600000,29169,
648,74.95,74.96,73.55,73.92,2042761.0,73.9412,1631592000000,28389,
649,73.89,74.94,73.87,74.23,2591984.0,74.4334,1631678400000,29738,
650,74.15,74.4,72.96,74.02,2097900.0,73.8267,1631764800000,29048,
651,74.05,75.68,73.92,75.04,8145163.0,74.9576,1631851200000,39717,
652,74.94,75.15,73.24,73.69,2124595.0,73.9435,1632110400000,27443,
653,73.77,74.31,73.33,73.35,1506310.0,73.5802,1632196800000,17906,
654,73.58,73.6,72.865,72.96,1417980.0,73.1264,1632283200000,18875,
655,73.03,73.75,72.89,73.17,1955998.0,73.2748,1632369600000,26853,
656,73.02,73.44,72.7,72.98,1580264.0,73.0554,1632456000000,19352,
657,72.46,73.48,71.87,72.04,1523568.0,72.3016,1632715200000,22378,
658,71.7,72.2,70.75,71.19,3641336.0,71.2093,1632801600000,28176,
659,71.27,72.04,70.99,71.13,1586680.0,71.364,1632888000000,22797,
660,71.33,71.79,70.15,70.52,3092345.0,70.8728,1632974400000,26962,
661,70.84,70.84,69.91,70.34,2257846.0,70.372,1633060800000,30258,
662,70.29,71.04,69.57,70.19,2861457.0,70.1327,1633320000000,31316,
663,70.08,70.84,69.735,69.94,2434371.0,70.1633,1633406400000,27454,
664,69.61,70.66,69.08,70.62,3116183.0,70.0282,1633492800000,34695,
665,70.85,71.49,70.61,70.74,2239981.0,70.9676,1633579200000,27294,
666,71.06,71.5,70.5,71.07,1949993.0,71.1174,1633665600000,25236,
667,70.89,71.35,70.58,70.59,2092013.0,70.8217,1633924800000,23172,
668,70.56,70.919,69.99,70.24,1821346.0,70.3793,1634011200000,21580,
669,70.43,70.86,69.95,70.7,2152126.0,70.5567,1634097600000,24834,
670,70.99,71.945,70.87,71.72,2370029.0,71.5509,1634184000000,26466,
671,71.81,72.3,71.38,71.42,5713047.0,71.5533,1634270400000,30320,
672,71.26,71.32,70.01,70.12,1620508.0,70.441,1634529600000,22897,
673,70.37,71.61,70.27,71.41,1613502.0,71.3414,1634616000000,23788,
674,71.54,72.42,71.47,72.06,2271353.0,72.0138,1634702400000,19222,
675,72.17,72.17,71.66,71.87,1116198.0,71.8409,1634788800000,17617,
676,72.06,72.48,71.73,71.81,1484462.0,71.9143,1634875200000,19632,
677,71.66,71.9,70.92,71.63,1756224.0,71.6579,1635134400000,22955,
678,71.83,72.279,71.47,71.95,1681407.0,72.0239,1635220800000,22962,
679,72.1,72.24,69.69,69.89,2629438.0,70.2789,1635307200000,33285,
680,69.94,70.93,69.855,70.67,3058220.0,70.5528,1635393600000,26138,
681,73.0599,75.5,71.94,74.29,4665181.0,73.6776,1635480000000,43938,
682,74.21,76.35,73.8,76.28,2963302.0,75.9072,1635739200000,35206,
683,76.36,77.08,75.6,76.67,2349394.0,76.6196,1635825600000,32830,
684,76.67,78.27,76.51,78.24,2929981.0,77.7755,1635912000000,36815,
685,78.18,78.25,75.45,75.69,3054004.0,76.2016,1635998400000,36605,
686,75.78,76.76,75.3,75.53,2546682.0,75.7588,1636084800000,29038,
687,75.18,75.25,74.25,74.46,1986625.0,74.5058,1636347600000,26053,
688,74.47,74.82,73.77,74.16,1683005.0,74.1812,1636434000000,23950,
689,74.3,75.09,74.24,74.36,1536971.0,74.5127,1636520400000,23233,
690,74.12,74.78,73.82,74.63,1324600.0,74.5441,1636606800000,20663,
691,75.03,75.31,74.69,75.01,1431780.0,75.007,1636693200000,17827,
692,74.625,75.32,73.74,73.91,1757299.0,74.2566,1636952400000,22767,
693,74.21,74.73,73.895,74.11,1827378.0,74.1682,1637038800000,24442,
694,73.76,74.89,73.11,74.32,1914150.0,74.3389,1637125200000,23749,
695,74.37,74.37,73.12,73.58,1727829.0,73.6033,1637211600000,22620,
696,73.82,74.5,72.65,72.74,1734608.0,73.193,1637298000000,24641,
697,73.08,74.25,72.32,73.44,3519678.0,73.2219,1637557200000,26338,
698,73.35,74.1,73.0,73.93,2166651.0,73.6538,1637643600000,23530,
699,74.01,74.34,73.05,73.49,2170858.0,73.5626,1637730000000,21594,
700,73.64,74.13,72.11,72.3,1502693.0,72.7769,1637902800000,18317,
701,72.45,73.335,71.86,72.86,1699413.0,72.9339,1638162000000,25338,
702,73.51,73.51,70.07,70.45,4754061.0,70.8618,1638248400000,35506,
703,70.89,72.21,70.01,70.01,2220747.0,70.8467,1638334800000,28309,
704,70.33,72.225,70.1,71.87,2574424.0,71.6581,1638421200000,35766,
705,72.24,72.515,71.3596,71.67,2159974.0,71.7385,1638507600000,28695,
706,72.22,73.31,71.71,72.99,2082253.0,72.931,1638766800000,24526,
707,73.01,73.88,72.845,73.78,1757119.0,73.6854,1638853200000,25310,
708,74.0,75.575,73.78,75.2,2382886.0,75.0136,1638939600000,31843,
709,74.97,75.625,73.6649,75.15,3087322.0,75.1623,1639026000000,26368,
710,75.41,75.48,73.77,74.37,2762873.0,74.2868,1639112400000,34672,
711,73.87,77.04,73.78,76.71,4277172.0,76.1548,1639371600000,52756,
712,76.5211,77.55,76.29,77.26,4328727.0,77.0937,1639458000000,41389,
713,77.55,79.1,76.71,78.92,5551184.0,78.4698,1639544400000,59137,
714,79.0,80.7162,78.9,79.49,6340275.0,79.8642,1639630800000,63937,
715,90.92,92.34,88.54,89.77,41175026.0,89.8564,1639717200000,201122,
716,90.0,90.87,89.64,90.49,41394563.0,90.5745,1639976400000,215947,
717,90.555,90.785,90.42,90.67,16682040.0,90.5947,1640062800000,88547,
718,90.61,92.37,90.59,91.79,10394357.0,91.6717,1640149200000,64895,
719,91.79,92.0,91.575,91.84,2816009.0,91.8011,1640235600000,36015,
720,91.9,92.326,91.72,92.25,5217566.0,92.144,1640581200000,30380,
721,92.26,93.09,92.11,93.0,3284925.0,92.787,1640667600000,28780,
722,93.0,93.25,92.77,93.19,3013158.0,93.0914,1640754000000,25792,
723,93.29,93.44,92.81,93.14,2688832.0,93.1811,1640840400000,27684,
724,93.19,93.2,92.84,92.87,2049939.0,92.9686,1640926800000,18880,
725,92.87,93.17,92.72,92.84,4950754.0,92.9069,1641186000000,38714,
726,92.82,92.99,92.5,92.64,6102395.0,92.6705,1641272400000,45711,
727,92.6,92.95,92.44,92.55,5474445.0,92.6162,1641358800000,39533,
728,92.55,92.69,92.28,92.36,5010420.0,92.4777,1641445200000,35071,
729,92.42,92.64,92.19,92.32,5433636.0,92.3518,1641531600000,38781,
730,92.337,92.46,92.16,92.3,4592690.0,92.3006,1641790800000,36013,
731,92.3,92.57,92.19,92.26,3016471.0,92.3085,1641877200000,25663,
732,92.27,92.35,92.01,92.2,4854230.0,92.1732,1641963600000,34235,
733,92.15,92.425,92.03,92.19,3332640.0,92.226,1642050000000,25727,
734,92.19,92.45,92.04,92.21,5397893.0,92.2647,1642136400000,27547,
735,92.06,92.31,91.9,92.03,4140685.0,92.062,1642482000000,36923,
736,92.06,92.21,91.75,91.77,3980604.0,91.9147,1642568400000,31922,
737,92.35,92.5,91.24,91.49,9423180.0,92.0041,1642654800000,53916,
738,91.85,92.08,91.49,91.7,4900087.0,91.7423,1642741200000,43155,
739,91.43,92.145,91.21,91.71,8858332.0,91.5896,1643000400000,57660,
740,91.5,91.6,91.17,91.37,4777495.0,91.3866,1643086800000,40105,
741,91.35,91.68,90.93,91.12,9691606.0,91.1797,1643173200000,55789,
742,91.1,91.58,91.1,91.38,6283868.0,91.3569,1643259600000,42291,
743,91.33,91.47,91.23,91.39,3597262.0,91.3287,1643346000000,29144,
744,91.32,91.49,90.94,91.2,6103201.0,91.1604,1643605200000,38371,
745,91.18,91.34,91.11,91.25,5793955.0,91.2288,1643691600000,33190,
746,91.22,92.01,91.2,91.89,5056425.0,91.7437,1643778000000,28507,
747,92.05,92.12,91.29,91.72,4199905.0,91.7508,1643864400000,27407,
748,91.56,91.765,91.31,91.46,3645253.0,91.5218,1643950800000,22444,
749,91.6,91.9,91.495,91.8,3481493.0,91.7472,1644210000000,26698,
750,91.81,92.205,91.7125,92.05,2644686.0,92.0031,1644296400000,19953,
751,92.11,92.39,92.07,92.33,3488248.0,92.2677,1644382800000,20167,
752,92.2,92.43,91.89,92.2,4896517.0,92.2158,1644469200000,32288,
753,92.13,92.33,91.74,91.97,2361021.0,92.057,1644555600000,20288,
754,91.86,91.96,91.47,91.66,4397776.0,91.6592,1644814800000,27985,
755,91.9,92.19,91.84,92.03,2722644.0,92.0313,1644901200000,19919,
756,91.92,92.28,91.64,91.92,3867082.0,91.8196,1644987600000,24902,
757,91.77,92.11,91.61,91.71,3287796.0,91.8085,1645074000000,27021,
758,91.71,91.89,91.3,91.45,6473673.0,91.5907,1645160400000,35880,
759,91.64,91.875,91.43,91.83,4120294.0,91.7125,1645506000000,34733,
760,93.06,93.35,92.8,93.13,8586807.0,93.172,1645592400000,51770,
761,92.81,93.2,92.81,93.11,5180862.0,92.9909,1645678800000,34037,
762,93.39,93.42,93.15,93.41,2392695.0,93.3406,1645765200000,22007,
763,93.27,93.42,93.03,93.25,4478471.0,93.2494,1646024400000,24346,
764,93.28,93.48,93.2,93.3,2722277.0,93.2865,1646110800000,25303,
765,93.37,93.59,93.3,93.41,3098442.0,93.3957,1646197200000,27721,
766,93.5,93.63,93.3,93.37,4640830.0,93.3843,1646283600000,22564,
767,93.4,93.5,93.23,93.47,4144702.0,93.3277,1646370000000,25123,
768,93.47,93.47,93.07,93.08,4277262.0,93.2575,1646629200000,24875,
769,93.1,93.25,92.94,93.04,4074283.0,93.0545,1646715600000,28484,
770,93.07,93.295,93.04,93.1,3064879.0,93.1485,1646802000000,22319,
771,93.1,93.14,92.965,93.0,3603417.0,93.0367,1646888400000,22138,
772,93.31,93.46,93.26,93.4,2236401.0,93.3685,1646974800000,20701,
773,93.41,93.58,93.3,93.43,2741750.0,93.4423,1647230400000,21808,
774,93.48,93.72,93.19,93.6,2997878.0,93.5093,1647316800000,25189,
775,93.6,93.65,93.43,93.57,3200174.0,93.5499,1647403200000,23438,
776,93.51,93.78,93.5,93.78,2037661.0,93.6422,1647489600000,20083,
777,93.68,93.755,93.5,93.64,3514186.0,93.5915,1647576000000,22463,
778,93.69,93.87,93.21,93.61,1503048.0,93.6844,1647835200000,14991,
779,93.62,93.76,93.595,93.65,2017853.0,93.6631,1647921600000,15900,
780,93.6,93.67,93.5,93.59,2125327.0,93.6006,1648008000000,17487,
781,93.59,93.73,93.55,93.65,2269722.0,93.6364,1648094400000,12989,
782,93.6,93.745,93.51,93.62,2461660.0,93.6272,1648180800000,16014,
783,93.62,93.74,93.57,93.62,2197111.0,93.624,1648440000000,11884,
784,93.67,93.77,93.55,93.59,2401942.0,93.6238,1648526400000,18564,
785,93.67,93.72,93.555,93.65,2705122.0,93.6165,1648612800000,17728,
786,93.61,93.635,93.56,93.56,2512291.0,93.587,1648699200000,16758,
787,93.67,93.705,93.44,93.49,3284253.0,93.5621,1648785600000,19912,
788,93.5,93.54,93.23,93.29,3713790.0,93.3634,1649044800000,20589,
789,93.31,93.49,93.05,93.14,3193382.0,93.2175,1649131200000,22164,
790,93.042,93.3,93.025,93.28,2328893.0,93.1742,1649217600000,21082,
791,93.27,93.535,93.22,93.49,1588581.0,93.4451,1649304000000,13931,
792,93.41,93.53,93.31,93.4,1161137.0,93.4037,1649390400000,11872,
793,93.33,93.37,93.01,93.1,2631292.0,93.1488,1649649600000,22333,
794,93.17,93.35,93.13,93.35,1413517.0,93.2587,1649736000000,14665,
795,93.35,93.47,93.26,93.35,1139361.0,93.3625,1649822400000,11153,
796,93.43,93.43,93.26,93.3,1257324.0,93.3228,1649908800000,10964,
797,93.3,93.36,93.15,93.31,1630657.0,93.2497,1650254400000,13834,
798,93.31,93.48,93.25,93.46,1403644.0,93.3885,1650340800000,12800,
799,93.345,93.5877,93.31,93.42,2014044.0,93.4574,1650427200000,14281,
800,93.43,93.54,93.34,93.34,1262079.0,93.4156,1650513600000,12551,
801,93.36,93.98,93.2586,93.7,4142477.0,93.7046,1650600000000,26330,
802,93.67,93.87,93.655,93.81,2459870.0,93.7733,1650859200000,20822,
803,93.72,93.86,93.58,93.61,3060210.0,93.686,1650945600000,19100,
804,93.52,93.86,93.516,93.8,4342204.0,93.7539,1651032000000,22016,
805,93.73,93.88,93.71,93.79,1643412.0,93.7899,1651118400000,15241,
806,93.75,93.855,93.6,93.64,2977834.0,93.7174,1651204800000,17500,
807,93.65,93.85,93.555,93.82,2659796.0,93.6627,1651464000000,22320,
808,93.7,94.185,93.7,94.14,3497384.0,94.0276,1651550400000,25074,
809,93.9,94.46,93.9,94.37,4230786.0,94.2301,1651636800000,28892,
810,94.24,94.38,93.96,94.12,4779212.0,94.1577,1651723200000,29443,
811,94.12,94.25,93.905,94.0,4281432.0,94.0385,1651809600000,28563,
812,93.9,93.95,93.59,93.67,3792152.0,93.7767,1652068800000,29907,
813,93.73,94.16,93.73,94.14,3611265.0,94.027,1652155200000,27176,
814,93.82,94.2,93.8,93.99,2829274.0,94.0372,1652241600000,23949,
815,93.98,94.22,93.79,94.2,2738444.0,93.9838,1652328000000,23251,
816,94.095,94.235,93.9,94.21,2547148.0,94.0837,1652414400000,23436,
817,94.12,94.43,94.07,94.11,3219039.0,94.2015,1652673600000,23954,
818,93.93,94.25,93.92,94.24,2540021.0,94.081,1652760000000,21647,
819,94.15,94.2,93.95,93.97,2347648.0,94.0448,1652846400000,18951,
820,93.86,94.01,93.74,93.92,3569290.0,93.8777,1652932800000,31858,
821,93.85,94.07,93.745,93.93,2220277.0,93.8613,1653019200000,21218,
822,94.0,94.16,93.99,94.1,1998556.0,94.0798,1653278400000,19459,
823,94.18,94.74,94.135,94.44,4225923.0,94.3932,1653364800000,28768,
824,94.55,94.635,94.38,94.59,2212825.0,94.4881,1653451200000,20243,
825,94.47,94.59,94.47,94.55,1509898.0,94.5308,1653537600000,15398,
826,94.58,94.68,94.49,94.68,2733574.0,94.6095,1653624000000,17939,
827,94.6699,95.4,94.59,94.85,8377625.0,94.8107,1653969600000,29364,
828,94.83,94.87,94.67,94.69,3336636.0,94.77,1654056000000,22885,
829,94.95,94.96,94.94,94.96,5874283.0,94.9522,1654142400000,19259,
830,94.95,94.97,94.95,94.97,4170792.0,94.966,1654228800000,12055,
831,94.96,94.98,94.96,94.97,6059358.0,94.9703,1654488000000,13563,
832,94.98,94.99,94.92,94.92,38200339.0,94.9358,1654574400000,25989,
